S NO,APPLN NO,COMMUNITY,"AGGREGATE
MARK",RANK,"COLLEGE
CODE","BRANCH
CODE","ALLOTTED
COMMUNITY"
1,361024,BC,200.000,1,1,CS,OC
2,282203,SC,200.000,2,1,CS,OC
3,335378,BC,200.000,3,1,EC,OC
4,389744,MBC,200.000,4,1,CS,OC
5,290528,BC,200.000,5,1,CS,OC
6,202640,OC,200.000,6,1,EC,OC
7,384043,BC,200.000,7,2006,EC,OC
8,305043,BC,200.000,8,1,CS,OC
9,285039,MBC,200.000,9,2006,CM,OC
10,370073,MBC,200.000,11,1,CS,OC
11,432244,BC,200.000,12,1,CS,OC
12,304503,MBC,200.000,13,1,CS,OC
13,217561,OC,200.000,14,1,EC,OC
14,354505,OC,200.000,15,2006,EC,OC
15,408452,BC,200.000,16,1399,CS,OC
16,253940,MBC,200.000,17,1,CS,OC
17,472946,BC,200.000,19,1,CS,OC
18,304581,MBC,200.000,20,1,CS,OC
19,377094,OC,200.000,21,2006,EC,OC
20,365793,MBC,200.000,22,1,CS,OC
21,209075,BC,200.000,24,1,CS,OC
22,451654,BC,200.000,25,1,CS,OC
23,381320,MBC,200.000,26,1,CS,OC
24,290886,BC,200.000,29,2006,CM,OC
25,397746,OC,200.000,30,1,ME,OC
26,204465,BC,200.000,32,1,CS,OC
27,289313,BC,200.000,35,1,EC,OC
28,442116,BC,200.000,36,1,CS,OC
29,300538,MBC,200.000,40,1,CS,OC
30,416011,BC,200.000,42,1,CS,OC
31,267441,BC,200.000,44,1,CS,OC
32,421495,BC,200.000,45,1399,AM,OC
33,473607,BC,200.000,47,1,CS,BC
34,269637,BCM,200.000,48,5008,CS,OC
35,209701,BC,200.000,49,1,CS,BC
36,307888,BC,200.000,50,1,CS,BC
37,426087,BC,200.000,51,2006,CM,OC
38,214040,BC,200.000,46,1,CS,BC
39,437184,OC,199.667,53,1,CM,OC
40,225025,BC,199.667,53A,2006,EC,OC
41,426584,OC,199.667,53B,1,CM,OC
42,333733,MBC,199.667,54,1,CS,MBC
43,245439,BC,199.667,55,1,CS,BC
44,431001,MBC,199.500,56,1,CS,MBC
45,309050,BC,199.500,57,1,CS,BC
46,307740,BC,199.500,60,2006,CM,OC
47,480359,BC,199.500,61,2006,EC,OC
48,259827,OC,199.500,62,1,EC,OC
49,341085,MBC,199.500,64,2006,CM,OC
50,221661,BC,199.500,68,1,EC,OC
51,426885,MBC,199.500,69,4,EC,OC
52,351119,BC,199.500,70,2006,CM,OC
53,283725,BC,199.500,71,1,EC,OC
54,206575,BC,199.500,73,1,CS,BC
55,335267,BC,199.500,75,1,CS,BC
56,375258,MBC,199.500,76,1,EC,OC
57,408512,BC,199.500,77,2006,EC,OC
58,296086,BC,199.500,81,2006,CG,OC
59,483476,MBC,199.500,83,1,EC,OC
60,407869,BC,199.500,84,1,CS,BC
61,259662,BC,199.500,85,1,CS,BC
62,327752,BC,199.500,87,1,EC,OC
63,343409,MBC,199.500,88,1,CS,MBC
64,391809,BC,199.500,91,1,CS,BC
65,434275,MBC,199.500,92,2006,CM,OC
66,343847,MBC,199.500,93,1,CS,MBC
67,310376,BC,199.500,94,1,CM,OC
68,220877,MBC,199.500,95,1,CS,MBC
69,369122,BC,199.500,96,2006,CM,OC
70,410625,MBC,199.500,98,1,CS,MBC
71,361205,BC,199.500,99,1,CM,OC
72,305848,BC,199.500,100,1,CM,OC
73,470865,MBC,199.500,101,1,CS,MBC
74,350706,BC,199.500,103,1,CS,BC
75,371814,BC,199.500,105,2006,EC,OC
76,292498,BC,199.500,107,1,EC,OC
77,398182,BC,199.500,110,1,CM,OC
78,452290,BC,199.333,112,1,EC,OC
79,436571,BC,199.333,113,1,CM,OC
80,260171,OC,199.333,115,1399,CS,OC
81,474333,BC,199.333,116,1,CM,OC
82,271171,BC,199.333,118,1,CM,OC
83,359019,BC,199.000,119,1,EC,OC
84,427699,BC,199.000,122,1,EC,OC
85,408563,MBC,199.000,123,1,CS,MBC
86,326871,MBC,199.000,124,1,CS,MBC
87,389555,BC,199.000,127,1,CM,OC
88,434076,OC,199.000,128,1,EM,OC
89,418223,BC,199.000,130,2006,CM,OC
90,443413,BC,199.000,131,2006,CM,OC
91,219081,BC,199.000,132,2006,EC,OC
92,430516,BC,199.000,135,2006,CM,OC
93,400466,SC,199.000,136,1,CS,SC
94,251846,BC,199.000,137,1,EC,OC
95,385421,MBC,199.000,138,1,CS,MBC
96,307621,BC,199.000,141,2006,CM,OC
97,320784,MBC,199.000,142,1,CS,MBC
98,340824,BC,199.000,143,1,EC,OC
99,296545,BC,199.000,144,2006,CM,OC
100,220755,MBC,199.000,145,4,CS,OC
101,342480,BCM,199.000,146,1,CS,BCM
102,266860,BC,199.000,148,1,CM,OC
103,427723,SC,199.000,149,1,EC,OC
104,235274,BC,199.000,151,1,EC,OC
105,265763,OC,199.000,152,1,CM,OC
106,403085,BC,199.000,154,2006,EC,OC
107,303251,BC,199.000,155,1,CM,OC
108,207122,BC,199.000,156,1,CS,BC
109,205381,OC,199.000,161,1,EE,OC
110,264031,BC,199.000,162,1,ME,OC
111,388310,OC,199.000,163,2006,EC,OC
112,378831,BC,199.000,164,2006,CM,OC
113,364924,SC,199.000,165,1,CS,SC
114,407207,BC,199.000,166,2006,EC,OC
115,410327,BC,199.000,167,2006,EC,OC
116,417940,BC,199.000,168,2006,CM,OC
117,231676,BC,199.000,169,1,CS,BC
118,384780,OC,199.000,170,1,EM,OC
119,285041,BC,199.000,171,1,CS,BC
120,470084,BC,199.000,173,1,CM,OC
121,353430,BC,199.000,174,1,EC,BC
122,228288,BC,199.000,175,1,CM,OC
123,493728,BC,199.000,176,1,CM,OC
124,326456,BC,199.000,177,1,CM,OC
125,365954,BC,199.000,179,1,CM,OC
126,393420,BC,199.000,182,1,CM,OC
127,497411,MBC,199.000,183,2622,AM,OC
128,323755,BC,199.000,184,1,CM,OC
129,258850,MBC,199.000,188,1,EC,MBC
130,388841,BC,199.000,190,2006,EC,OC
131,388672,OC,199.000,192,4,CS,OC
132,230384,BC,199.000,193,1,EC,BC
133,233694,BC,199.000,194,2006,EC,OC
134,224663,BC,199.000,195,1,EC,BC
135,205631,BC,199.000,196,2006,EC,OC
136,385413,BC,199.000,197,2006,CM,OC
137,291194,BC,199.000,198,2006,CM,OC
138,201650,BC,199.000,199,1,CM,OC
139,306528,BC,199.000,202,2006,CM,OC
140,263404,BCM,199.000,203,1,EC,BCM
141,364913,MBC,199.000,206,1,IM,OC
142,245897,BC,199.000,207,1,CM,OC
143,230729,MBC,199.000,208,1,EC,MBC
144,434510,MBC,199.000,209,1,CM,OC
145,309344,BCM,199.000,210,1,CS,BCM
146,239808,BC,199.000,211,1,CM,OC
147,466122,BC,199.000,212,1,CM,OC
148,211993,BC,198.667,213,1,CM,OC
149,474114,BC,198.667,214,1,CM,OC
150,331359,BC,198.500,216,1,EC,BC
151,375527,MBC,198.500,218,1,EC,MBC
152,207654,BCM,198.500,219,1,EC,BCM
153,202312,MBC,198.500,222,1,CM,OC
154,298137,BC,198.500,225,4,CS,OC
155,262052,BCM,198.500,227,1,CM,OC
156,421900,BC,198.500,228,1,CM,OC
157,335786,BC,198.500,231,1,IM,OC
158,418622,BC,198.500,232,1,CM,OC
159,435627,MBC,198.500,233,1,EC,MBC
160,348155,BC,198.500,234,1,EC,BC
161,444250,BC,198.500,236,1,CM,OC
162,500297,MBC,198.500,242,2656,SC,OC
163,231348,MBC,198.500,243,2712,AD,OC
164,274633,BC,198.500,244,2006,EC,OC
165,362451,MBC,198.500,245,1,CM,OC
166,222223,OC,198.500,246,1,IM,OC
167,447688,BC,198.500,247,1,EC,BC
168,332023,OC,198.500,248,2006,EM,OC
169,394625,BC,198.500,249,1,CM,OC
170,414310,BC,198.500,250,2006,CM,OC
171,276848,BC,198.500,252,1,EC,BC
172,368879,BC,198.500,253,2006,ME,OC
173,210580,OC,198.500,254,1,CM,OC
174,397389,MBC,198.500,255,1,EC,MBC
175,201552,BC,198.500,256,2006,EC,OC
176,264887,BC,198.500,257,4,CS,OC
177,284305,MBC,198.500,258,1,CM,OC
178,337996,BC,198.500,260,1,CM,OC
179,305072,BC,198.500,261,2006,CM,OC
180,307768,BC,198.500,262,1,CM,OC
181,450296,MBC,198.500,263,1,CM,OC
182,223388,BC,198.500,264,1,EC,BC
183,321992,MBC,198.500,265,1,EC,MBC
184,364875,SC,198.500,266,1,CM,SC
185,315574,OC,198.500,267,1399,CS,OC
186,373984,BC,198.500,271,1,EM,OC
187,395426,BC,198.500,272,1,EM,OC
188,434268,BC,198.500,278,4,CS,OC
189,218967,MBC,198.500,279,1,CM,MBC
190,366861,BC,198.500,284,1,EM,OC
191,316282,BC,198.500,286,1,CM,BC
192,434086,BC,198.500,287,1,EM,OC
193,384988,BC,198.500,288,2006,CM,OC
194,320550,MBC,198.500,289,1,CM,MBC
195,277222,MBC,198.500,290,1,CM,MBC
196,350101,MBC,198.500,291,1,CM,MBC
197,246687,MBC,198.500,293,2006,CM,OC
198,326923,BC,198.500,294,1,CM,BC
199,375433,BC,198.500,295,2006,EC,BC
200,375551,BC,198.500,296,1,EM,OC
201,261722,OC,198.500,297,4,CS,OC
202,213288,BC,198.500,298,1,CE,OC
203,224784,BC,198.500,299,1,CM,BC
204,384683,BC,198.500,302,1,EM,OC
205,244675,OC,198.500,303,1,EM,OC
206,389636,BC,198.500,304,2006,CM,OC
207,367252,BC,198.500,305,2006,CM,OC
208,430229,BC,198.500,306,1,CM,BC
209,277997,BC,198.500,307,5008,CS,OC
210,276903,BC,198.500,308,4,AT,OC
211,255570,MBC,198.500,309,2006,EC,MBC
212,464390,BC,198.500,311,4,CS,OC
213,474693,MBC,198.500,312,1,CM,MBC
214,370881,MBC,198.500,315,2006,CM,OC
215,461129,SC,198.500,316,1,CS,SC
216,274068,OC,198.500,317,2006,CG,OC
217,384675,BC,198.500,318,1,CM,BC
218,470528,MBC,198.500,320,1,EC,MBC
219,323149,BC,198.500,321,2706,CS,OC
220,392082,BC,198.500,322,1,CM,BC
221,392745,MBC,198.500,323,1,EC,MBC
222,247074,BC,198.500,324,1,EC,BC
223,375613,BC,198.500,325,1,CM,BC
224,392495,BC,198.500,326,1,CM,BC
225,461592,BC,198.500,327,1,IM,OC
226,299830,BC,198.500,328,2006,EC,BC
227,274167,MBC,198.500,329,1,CM,MBC
228,359109,BC,198.500,330,1,EM,OC
229,221174,BC,198.500,331,1,CM,BC
230,396663,BC,198.500,333,2006,EC,BC
231,225466,BC,198.500,334,1,EC,BC
232,291559,BC,198.500,335,1,EM,OC
233,489154,BC,198.500,336,1,ME,OC
234,464142,BC,198.500,338,1,CM,BC
235,320772,BC,198.333,339,1,CM,BC
236,479005,BC,198.333,340,4,CS,OC
237,231217,OC,198.333,341,1,EM,OC
238,414107,OC,198.333,342,1,IM,OC
239,320876,OC,198.333,343,1399,CS,OC
240,228786,BC,198.333,344,2006,EC,BC
241,286770,BC,198.000,345,1,CM,BC
242,397454,BC,198.000,346,1,CM,BC
243,411127,BC,198.000,349,1,EC,BC
244,501044,SC,198.000,350,2329,AD,OC
245,457658,BC,198.000,351,2006,EC,BC
246,497502,MBC,198.000,352,2622,AM,OC
247,480369,MBC,198.000,355,1,EC,MBC
248,367855,MBC,198.000,356,1,CM,MBC
249,493889,SC,198.000,357,1,CS,SC
250,215097,BC,198.000,358,1,CM,BC
251,469912,BC,198.000,359,1126,CS,OC
252,232956,BC,198.000,360,2006,CM,OC
253,479201,BC,198.000,361,4,CS,OC
254,319125,MBC,198.000,362,1,IM,OC
255,217917,BC,198.000,368,2739,CS,OC
256,215580,BC,198.000,369,1,EM,OC
257,339732,BC,198.000,373,1,CM,BC
258,482948,SC,198.000,374,1,CS,SC
259,384839,MBC,198.000,378,1,CM,MBC
260,374298,BC,198.000,379,2006,CM,OC
261,255941,BC,198.000,381,2007,EC,OC
262,293763,BC,198.000,382,2006,CM,BC
263,248833,BC,198.000,383A,2006,CG,OC
264,408995,BC,198.000,384,2006,CM,BC
265,478887,BC,198.000,386,1,EC,BC
266,334229,BC,198.000,387,1,CM,BC
267,428330,MBC,198.000,388,1,CE,OC
268,303127,BC,198.000,389,1,CM,BC
269,395082,BC,198.000,390,2006,EC,BC
270,258775,MBC,198.000,391,1,EC,MBC
271,330613,MBC,198.000,392,2006,CM,MBC
272,445469,BC,198.000,393,1,CM,BC
273,431394,BC,198.000,394,1,EM,OC
274,468877,OC,198.000,395,1399,CS,OC
275,415246,BC,198.000,397,1,CM,BC
276,446570,BC,198.000,398,2006,EC,BC
277,224812,BC,198.000,399,1,EM,OC
278,265991,BC,198.000,401,2006,CM,BC
279,298822,BC,198.000,402,1,CM,BC
280,202734,BC,198.000,403,2006,EC,BC
281,467616,MBC,198.000,405,1,CM,MBC
282,226495,BC,198.000,406,2006,EC,BC
283,253985,BC,198.000,410,1,CM,BC
284,418352,BC,198.000,411,2006,CM,BC
285,306532,OC,198.000,413,2006,EM,OC
286,362007,BC,198.000,415,5008,EC,OC
287,452025,MBC,198.000,417,4,CS,OC
288,290870,BC,198.000,418,1,CM,BC
289,496520,MBC,198.000,422,2622,AM,OC
290,359632,BC,198.000,423,2006,CM,BC
291,321681,BC,198.000,425,1,EM,OC
292,226582,BC,198.000,426,2006,CM,BC
293,408168,SC,198.000,428,1,EC,SC
294,209819,BC,198.000,429,1,EM,BC
295,346731,BC,198.000,431,1,CM,BC
296,373364,BC,198.000,433,2006,CG,OC
297,209954,MBC,198.000,434,1,CM,MBC
298,342484,BC,198.000,436,1,CM,BC
299,235834,BC,198.000,437,4,AT,OC
300,434033,OC,198.000,438,5008,CS,OC
301,289308,SC,198.000,439,1,CS,SC
302,397403,BC,198.000,440,2764,CS,OC
303,261883,BC,198.000,441,2006,EC,BC
304,321062,BC,198.000,442,1,CM,BC
305,298219,MBC,198.000,444,4,AE,OC
306,454048,BC,198.000,445,2006,CM,BC
307,200892,SC,198.000,446,1,CS,SC
308,278475,BCM,198.000,448,1,CM,BCM
309,213986,BC,198.000,449,2006,EC,BC
310,278636,BC,198.000,450,1,IM,OC
311,351550,BC,198.000,451,1,EM,BC
312,389029,BC,198.000,452,2006,CM,BC
313,222133,BC,198.000,453,1,CM,BC
314,218113,BC,198.000,454,4,CS,OC
315,405728,SC,198.000,455,2708,CS,OC
316,301026,BC,198.000,456,2006,EM,OC
317,222552,MBC,198.000,460,1,CM,MBC
318,348286,OC,198.000,461,2006,CG,OC
319,215505,BC,198.000,462,2006,EM,OC
320,305894,MBC,198.000,463,2006,CM,MBC
321,357230,MBC,198.000,464,5012,CC,OC
322,378968,SC,198.000,466,1,CS,SC
323,379510,BC,198.000,467,2006,CM,BC
324,364005,BC,198.000,469,2006,EC,BC
325,397959,BC,198.000,471,4,CS,OC
326,403007,BC,198.000,472,1,CM,BC
327,220906,BC,198.000,474,4,CS,OC
328,390435,MBC,198.000,475,1,CM,MBC
329,304485,BC,198.000,476,2739,CS,OC
330,203457,BC,198.000,478,4,CS,OC
331,307635,BC,198.000,480,2006,EM,OC
332,365779,BC,198.000,481,1,IM,OC
333,408654,MBC,198.000,482,1,CM,MBC
334,323464,BC,198.000,483,2007,CS,OC
335,278468,BC,198.000,485,1,CM,BC
336,210197,MBC,198.000,486,1,EC,MBC
337,289262,BC,198.000,491,1,EM,BC
338,232517,BC,198.000,492,1,CM,BC
339,498052,MBC,198.000,493,4,AT,OC
340,359306,MBC,198.000,495,1,CM,MBC
341,477161,OC,198.000,496,1399,CS,OC
342,264747,BC,198.000,498,1,EM,BC
343,267973,BC,198.000,500,1,CM,BC
344,381933,BC,198.000,501,1,EM,BC
345,207402,BC,198.000,503,4,CS,OC
346,238564,MBC,198.000,504,1,CM,MBC
347,409586,OC,198.000,505,1,IM,OC
348,412970,BC,197.667,507,4,CS,OC
349,353626,OC,197.667,508,4,CS,OC
350,396299,BC,197.667,508A,1,EM,BC
351,292208,OC,197.500,509,4,AT,OC
352,319460,OC,197.500,512,2006,EM,OC
353,290234,BC,197.500,514,5008,EC,OC
354,409195,MBC,197.500,516,2006,CM,MBC
355,416357,BC,197.500,518,2006,CM,BC
356,200194,BC,197.500,520,1399,CS,OC
357,299938,BC,197.500,521,4,CS,BC
358,274013,BC,197.500,522,1,EM,BC
359,392269,BC,197.500,523,4,CS,BC
360,417409,BC,197.500,525,1,EM,BC
361,362442,BC,197.500,526,1,IM,OC
362,451016,SC,197.500,527,1,CS,SC
363,317227,SC,197.500,528,1,EC,SC
364,457084,BC,197.500,531,2006,CM,BC
365,344590,OC,197.500,532,5008,CS,OC
366,352446,BC,197.500,533,4,EC,OC
367,428072,BC,197.500,534,1,CM,BC
368,308966,OC,197.500,535,2006,IM,OC
369,347223,BC,197.500,538,1,CM,BC
370,385092,MBC,197.500,540,2006,CM,MBC
371,427421,BC,197.500,541,2006,CM,BC
372,329379,BC,197.500,544,2006,CM,BC
373,268293,BC,197.500,545,1,EM,BC
374,297749,MBC,197.500,546,1,IM,OC
375,387229,BC,197.500,547,1,IM,OC
376,242908,BCM,197.500,548,1399,AD,OC
377,206190,BC,197.500,550,1,IM,OC
378,268920,BC,197.500,552,2007,EC,OC
379,348869,BC,197.500,553,1,IM,OC
380,305280,BC,197.500,554,2006,CM,BC
381,349440,MBC,197.500,555,1,CM,MBC
382,356967,BC,197.500,556,1,IM,OC
383,425530,OC,197.500,557,1,IM,OC
384,452239,SC,197.500,558,1,CS,SC
385,250125,MBC,197.500,559,2006,CM,MBC
386,383497,BC,197.500,560,4,CS,BC
387,400043,BC,197.500,561,1,EC,BC
388,218847,BC,197.500,562,1,EC,BC
389,319392,BC,197.500,563,4,CS,BC
390,306660,MBC,197.500,565,4,EC,OC
391,356887,BC,197.500,566,2006,EM,OC
392,249339,MBC,197.500,567,1,CM,MBC
393,299874,MBC,197.500,568,4,CS,MBC
394,386260,MBC,197.500,569,2006,CM,MBC
395,377637,MBC,197.500,570,4,CS,MBC
396,375520,OC,197.500,571,1,IM,OC
397,216161,BC,197.500,572,1,EM,BC
398,256665,BC,197.500,575,1,IM,OC
399,349779,MBC,197.500,576,2006,CM,MBC
400,342412,BC,197.500,577,2006,CM,BC
401,412567,MBC,197.500,578,4,CS,MBC
402,417573,SC,197.500,579,1,EC,SC
403,364844,BC,197.500,581,1,IM,OC
404,338462,BC,197.500,583,1,IM,OC
405,274654,MBC,197.500,587,1,EM,MBC
406,213555,BC,197.500,590,2006,CM,BC
407,430683,BC,197.500,592,1,EE,OC
408,354253,BC,197.500,593,1,IM,OC
409,235077,BC,197.500,594,4,CS,BC
410,395209,BC,197.500,595,2006,CM,BC
411,329144,MBC,197.500,596,2006,CM,MBC
412,355081,MBC,197.500,598,2006,CM,MBC
413,347881,BC,197.500,599,2006,EC,BC
414,343058,BC,197.500,600,1,IM,OC
415,346187,OC,197.500,601,1,EL,OC
416,379889,BC,197.500,602,4,EC,OC
417,266795,MBC,197.500,603,2006,EC,MBC
418,225745,MBC,197.500,604,1,CM,MBC
419,443517,SC,197.500,605,1,EC,SC
420,208436,OC,197.500,606,4,CM,OC
421,385542,BC,197.500,607,4,CS,BC
422,398822,MBC,197.500,608,1,EM,MBC
423,336800,BC,197.500,609,2006,EC,BC
424,330782,BC,197.500,611,1,IM,OC
425,366257,BC,197.500,612,1,IM,OC
426,390202,MBC,197.500,614,2006,EC,MBC
427,263680,MBC,197.500,615,1,EM,MBC
428,297067,BC,197.500,617,4,CM,OC
429,340545,BC,197.500,619,2006,EM,OC
430,343676,MBC,197.500,620,1,EM,MBC
431,291222,BC,197.500,621,2006,CG,OC
432,234197,MBC,197.500,622,4,CS,MBC
433,266736,BC,197.500,623,4,CS,BC
434,388414,BC,197.500,624,2006,CG,OC
435,329572,MBC,197.500,625,1,IM,OC
436,329691,BC,197.500,626,1399,EC,OC
437,235908,MBC,197.500,627,1,CM,MBC
438,470358,MBC,197.500,628,1,EM,MBC
439,449880,MBC,197.500,629,3843,CS,OC
440,220312,BC,197.500,630,1,EE,OC
441,218956,BC,197.500,632,4,EC,OC
442,265240,BC,197.500,633,1,EM,BC
443,312041,BC,197.500,634,4,CS,BC
444,460359,MBC,197.500,635,1432,AM,OC
445,361790,MBC,197.500,636,1,CM,MBC
446,212172,OC,197.500,638,4,EC,OC
447,394844,MBC,197.500,639,2006,EC,MBC
448,294329,BC,197.500,640,2006,IM,OC
449,224717,BC,197.500,641,4,EC,OC
450,300647,BCM,197.500,642,2603,EC,OC
451,200469,MBC,197.500,643,2006,EC,MBC
452,303381,BC,197.500,647,1,IM,OC
453,457441,BC,197.500,648,2006,EM,OC
454,241559,MBC,197.500,650,4,CS,MBC
455,333061,BC,197.500,651,2007,CS,OC
456,217591,SC,197.500,652,1,CM,SC
457,407781,BC,197.500,653,2006,EM,OC
458,466502,BC,197.500,654,1399,CS,OC
459,221963,BC,197.500,655,2006,CM,BC
460,215691,BC,197.500,657,4,CM,OC
461,341546,BC,197.500,658,2006,EM,OC
462,201004,BC,197.500,659,2006,CG,OC
463,340302,BC,197.500,662,2006,EM,OC
464,358740,BC,197.500,663,1,EM,BC
465,259750,BC,197.500,664,2006,EM,OC
466,336172,MBC,197.500,665,4,CS,MBC
467,321661,BC,197.500,666,2006,CG,OC
468,322260,MBC,197.500,668,2006,CM,MBC
469,355918,BCM,197.500,669,2006,CM,BCM
470,219204,OC,197.500,670,2006,ME,OC
471,263461,MBC,197.500,672,1,CM,MBC
472,200528,BC,197.500,673,1,IM,OC
473,476278,MBC,197.500,674,4,AT,OC
474,200019,BC,197.500,675,4,CM,OC
475,465478,MBC,197.500,677,1,IM,OC
476,209599,BC,197.500,678,2006,EM,OC
477,345855,BC,197.500,680,4,CS,BC
478,262163,BC,197.500,681,4,CM,OC
479,417981,BC,197.500,682,2006,CG,BC
480,352242,OC,197.500,684,4,CM,OC
481,349803,MBC,197.500,685,1,EM,MBC
482,384940,BC,197.500,687,2006,EM,OC
483,227460,BC,197.500,688,2006,EM,BC
484,439528,BC,197.500,690,2006,EM,BC
485,446966,BC,197.500,691,3843,CS,OC
486,215266,BC,197.500,692,1,EM,BC
487,367806,BC,197.500,693,2006,CG,BC
488,205252,OC,197.333,694,1,IM,OC
489,379133,BC,197.333,695,4,EC,OC
490,334081,OC,197.333,696,1,EE,OC
491,205938,BC,197.333,697,1,IM,OC
492,375302,BC,197.333,698,1,IM,OC
493,385453,BC,197.333,699,2006,EM,BC
494,241720,BC,197.333,700,2006,IM,OC
495,256319,BC,197.333,702,2006,CG,BC
496,334281,BCM,197.000,704,1,CM,BCM
497,250417,BC,197.000,705,4,AT,OC
498,358041,BC,197.000,706,1,EM,BC
499,419601,MBC,197.000,711,4,CS,MBC
500,411842,BC,197.000,713,1,EL,OC
501,216109,BC,197.000,714,5008,CS,OC
502,238398,BC,197.000,715,1,IM,OC
503,358798,BC,197.000,716,1,IM,OC
504,381795,BC,197.000,718,2006,CM,BC
505,472949,BC,197.000,719,1,EM,BC
506,293303,MBC,197.000,720,2006,CG,MBC
507,304890,OC,197.000,721,4,CM,OC
508,313530,MBC,197.000,722,1,EM,MBC
509,336462,BC,197.000,723,4,AT,OC
510,420100,SC,197.000,725,1,EC,SC
511,234048,BC,197.000,726,1,IM,OC
512,270077,BC,197.000,727,5012,CC,OC
513,209168,BC,197.000,729,1399,CS,OC
514,398954,BC,197.000,730,4,CS,BC
515,434137,MBC,197.000,731,1,CM,MBC
516,384573,BC,197.000,732,2007,EC,OC
517,220695,SC,197.000,733,1,CM,SC
518,332680,BC,197.000,734,4,EC,OC
519,230285,BC,197.000,735,1,EE,OC
520,295328,MBC,197.000,736,2006,EC,MBC
521,430933,BC,197.000,741,2006,CG,BC
522,410562,BC,197.000,742,1,EM,BC
523,347569,BC,197.000,743,1,IM,OC
524,384303,MBC,197.000,746,1,CM,MBC
525,425427,SC,197.000,747,1,CM,SC
526,444084,MBC,197.000,749,4,CM,OC
527,418743,BC,197.000,750,2377,EC,OC
528,346500,MBC,197.000,751,2006,CM,MBC
529,359876,BC,197.000,752,1,EM,BC
530,347008,MBC,197.000,753,1399,EC,OC
531,266049,BC,197.000,756,1,IM,OC
532,224154,BC,197.000,758,2007,EC,OC
533,345150,OC,197.000,761,4,EC,OC
534,499592,MBC,197.000,762,4,EC,OC
535,427551,BC,197.000,764,1,IM,OC
536,393207,BC,197.000,765,2006,EM,BC
537,367145,BC,197.000,768,2750,SC,OC
538,347671,BC,197.000,771,1,IM,BC
539,241610,MBC,197.000,774,1,CM,MBC
540,257158,BCM,197.000,775,1,EC,BCM
541,298388,BC,197.000,776,1,IM,BC
542,203213,OC,197.000,777,4,AT,OC
543,468577,MBC,197.000,779,4,EC,OC
544,375505,BCM,197.000,780,2006,CG,BCM
545,356234,BC,197.000,781,1,IM,BC
546,287202,BC,197.000,782,1,IM,BC
547,465006,BC,197.000,783,2006,CM,BC
548,206424,OC,197.000,785,2006,IM,OC
549,375962,BC,197.000,788,4,EC,OC
550,433077,OC,197.000,789,4,CM,OC
551,470371,BC,197.000,790,2006,EM,BC
552,347043,MBC,197.000,791,1,CE,OC
553,410238,BC,197.000,792,3830,EC,OC
554,214926,OC,197.000,793,5008,CS,OC
555,282855,MBC,197.000,795,4,CM,OC
556,288817,BC,197.000,796,4,CM,OC
557,332522,BCM,197.000,797,1,EM,BCM
558,234614,BC,197.000,799,4,EC,OC
559,202059,MBC,197.000,800,2006,EC,MBC
560,406302,MBC,197.000,801,2750,AD,OC
561,251402,BC,197.000,802,4,CM,OC
562,308939,BC,197.000,804,2006,CG,BC
563,262820,BC,197.000,805,2006,CM,BC
564,393827,MBC,197.000,806,1,IM,MBC
565,321985,BC,197.000,807,4,CS,BC
566,265761,BC,197.000,808,2006,EM,BC
567,369690,BC,197.000,809,1,IM,BC
568,367174,BC,197.000,810,5008,CS,OC
569,424238,BC,197.000,811,4,CS,BC
570,393412,BC,197.000,812,5008,CS,OC
571,337416,BC,197.000,813,4,CM,OC
572,366609,MBC,197.000,815,1,IM,MBC
573,331871,BC,197.000,817,1,IM,BC
574,438451,BC,197.000,818,2006,EM,BC
575,393702,SC,197.000,822,1,EC,SC
576,448087,BC,197.000,823,2006,EM,BC
577,397649,BC,197.000,824,2006,EM,BC
578,435615,BC,197.000,825,2007,CS,OC
579,334494,BC,197.000,827,4,EC,OC
580,384253,BC,197.000,828,1,EL,OC
581,224069,BC,197.000,830,4,RA,OC
582,280476,BC,197.000,831,4,EC,OC
583,250921,BC,197.000,832,2006,CG,BC
584,329664,BC,197.000,833,1,IM,BC
585,464958,BC,197.000,835,4,EC,OC
586,336787,MBC,197.000,836,4,CM,OC
587,379131,BC,197.000,837,1,IM,BC
588,341849,BC,197.000,838,4,CS,BC
589,368219,BC,197.000,839,1,IM,BC
590,241983,BC,197.000,840,2739,CS,OC
591,348778,BC,197.000,842,2377,EC,OC
592,364994,MBC,197.000,843,1,IM,MBC
593,353029,OC,197.000,844,2377,EC,OC
594,303574,BCM,197.000,845,2006,CM,BCM
595,487048,BC,197.000,846,4,EC,OC
596,370024,BC,197.000,847,4,AT,OC
597,318860,BC,197.000,849,4,AT,OC
598,315404,BC,197.000,850,1,IM,BC
599,417676,BC,197.000,851,2006,CG,BC
600,336858,BC,197.000,852,1399,CS,OC
601,349718,BC,197.000,854,1,IM,BC
602,284336,MBC,197.000,855,4,CM,OC
603,276268,BC,197.000,856,4,EC,OC
604,263146,BC,197.000,858,4,CS,BC
605,347701,BC,197.000,859,4,CM,OC
606,427358,MBC,197.000,860,2006,EC,MBC
607,364141,BC,197.000,861,4,AT,OC
608,279412,MBC,197.000,862,4,CM,OC
609,347912,BC,197.000,863,4,EC,BC
610,498727,BC,197.000,866,2377,CS,OC
611,302081,MBC,197.000,868,2006,EC,MBC
612,451554,MBC,197.000,869,1,IE,OC
613,417480,OC,197.000,870,4,EM,OC
614,325924,BC,197.000,872,5008,CS,OC
615,409896,BC,197.000,873,2006,EM,BC
616,426437,BC,197.000,874,2006,EM,BC
617,389041,BCM,197.000,876,1,CM,BCM
618,360139,BC,197.000,878,4,CM,OC
619,434542,BC,197.000,879,2006,IM,OC
620,230947,BC,197.000,881,4,EC,BC
621,263666,BC,197.000,882,4,EC,BC
622,407197,BC,197.000,883,4,EC,BC
623,419836,BC,197.000,884,2006,IM,OC
624,229522,BCM,197.000,885,2006,CM,BCM
625,210098,BC,197.000,886,1,IM,BC
626,217742,BC,197.000,887,2006,EM,BC
627,496208,OC,197.000,888,1126,AD,OC
628,306725,MBC,197.000,891,4,CS,MBC
629,308540,BC,197.000,892,1,ME,OC
630,253256,BC,197.000,893,1,IM,BC
631,493481,MBC,197.000,894,3843,AM,OC
632,292223,MBC,197.000,895,1,EM,MBC
633,283004,BC,197.000,896,4,CM,OC
634,385127,BC,197.000,897,1399,CS,OC
635,320513,BC,197.000,898,4,EC,BC
636,350929,BC,197.000,900,2006,EE,OC
637,201761,BCM,197.000,903,2006,CG,BCM
638,401125,MBC,197.000,904,1,EM,MBC
639,366013,BC,197.000,906,4,CM,OC
640,210199,BC,197.000,907,2006,ME,OC
641,216698,MBC,197.000,908,1,IM,MBC
642,271271,MBC,197.000,909,2006,CM,MBC
643,369611,BC,197.000,910,4,EC,BC
644,269153,BCM,197.000,911,1,CM,BCM
645,305325,BCM,197.000,914,5008,CS,OC
646,348139,BC,197.000,915,5008,CS,OC
647,422892,OC,197.000,916,4,EM,OC
648,231865,MBC,197.000,918,1,IM,MBC
649,270477,BC,197.000,919,2006,IM,OC
650,447047,SC,197.000,921,1,CM,SC
651,396125,BC,197.000,923,2006,EE,OC
652,440937,BC,197.000,924,4,CS,BC
653,293491,MBC,197.000,925,2006,CM,MBC
654,301315,OC,197.000,926,4,EM,OC
655,211190,MBC,197.000,927,4,EC,MBC
656,359112,BC,197.000,928,2006,IM,OC
657,466075,BC,197.000,929,1399,CS,OC
658,407312,BCM,197.000,930,2603,SC,OC
659,208126,BC,197.000,931,1,IM,BC
660,384162,BC,197.000,932,4,EM,OC
661,285619,BC,197.000,933,1,IM,BC
662,318234,BC,197.000,936,2006,IM,OC
663,217366,MBC,197.000,937,1211,AD,OC
664,228742,OC,197.000,938,2377,CS,OC
665,302054,BC,197.000,939,2006,IM,OC
666,342616,BC,197.000,940,4,EM,OC
667,223565,BC,197.000,941,2006,IM,OC
668,369431,BC,197.000,942,4,EC,BC
669,441774,OC,197.000,944,5008,CG,OC
670,484345,SC,197.000,945,2006,CM,SC
671,408407,BC,197.000,948,2006,IM,OC
672,465329,OC,196.667,950,4,AT,OC
673,296370,BC,196.667,951,4,CM,BC
674,465552,BC,196.667,952,4,CM,BC
675,243608,BC,196.500,953,4,CS,BC
676,326564,BC,196.500,955,4,EM,OC
677,256540,BC,196.500,958,4,EM,OC
678,306024,OC,196.500,961,4,EM,OC
679,430378,BC,196.500,962,1,IM,BC
680,459121,BC,196.500,963,2006,CG,BC
681,229818,BC,196.500,964,1,EL,OC
682,325455,BC,196.500,965,1,EE,OC
683,447959,BC,196.500,966,2377,CS,OC
684,441252,MBC,196.500,967,1,IM,MBC
685,385181,BC,196.500,968,4,EM,OC
686,224148,OC,196.500,969,2006,IM,OC
687,350408,BC,196.500,971,2739,AM,OC
688,345020,BC,196.500,972,4,AT,OC
689,475652,MBC,196.500,973,4,EC,MBC
690,211709,BC,196.500,974,4,AE,OC
691,395755,BC,196.500,975,2006,RA,OC
692,365084,BC,196.500,976,1399,CS,OC
693,288803,BC,196.500,978,4,CM,BC
694,416141,BC,196.500,980,1216,EC,OC
695,220949,BC,196.500,981,4,RA,OC
696,451253,BC,196.500,983,2006,IM,OC
697,274418,BC,196.500,986,4,AT,OC
698,299862,BC,196.500,989,4,CM,BC
699,347029,BC,196.500,990,4,EM,OC
700,260200,BC,196.500,992,1,EE,OC
701,343038,BC,196.500,994,2006,IM,OC
702,306218,SC,196.500,995,4,AT,OC
703,368020,BC,196.500,996,2006,BS,OC
704,286030,BC,196.500,997,2006,IM,OC
705,419195,BC,196.500,998,1,IM,BC
706,300524,BC,196.500,1000,4,EC,BC
707,426397,BC,196.500,1001,2006,EE,OC
708,334472,BC,196.500,1002,1,IM,BC
709,333378,BC,196.500,1004,1432,CS,OC
710,482191,MBC,196.500,1005,1,EM,MBC
711,371332,BC,196.500,1007,4,CM,BC
712,286975,MBC,196.500,1008,2006,EM,MBC
713,270276,BC,196.500,1011,4,AT,OC
714,367268,MBC,196.500,1012,1,PT,OC
715,203882,BC,196.500,1013,2739,EC,OC
716,475541,BC,196.500,1014,4,EC,BC
717,350605,MBC,196.500,1017,4,EC,MBC
718,225189,BC,196.500,1018,1,ME,OC
719,227989,BC,196.500,1019,1,IM,BC
720,368946,BC,196.500,1020,4,EM,OC
721,364641,BC,196.500,1022,1399,AM,OC
722,320646,MBC,196.500,1023,1399,EC,OC
723,291294,BC,196.500,1025,2006,IM,OC
724,485740,MBC,196.500,1026,2745,CS,OC
725,425452,BC,196.500,1028,1399,IT,OC
726,399505,MBC,196.500,1030,2005,EC,OC
727,387157,BC,196.500,1031,2377,EC,OC
728,344636,MBC,196.500,1033,2006,CM,MBC
729,254484,BC,196.500,1034,2006,IM,OC
730,485277,BC,196.500,1035,2005,EC,OC
731,232028,BC,196.500,1037,1,IM,BC
732,399043,BC,196.500,1038,2006,IM,OC
733,348461,BC,196.500,1039,1,ME,OC
734,423487,MBC,196.500,1040,4,CM,MBC
735,264964,BC,196.500,1041,1399,SC,OC
736,344670,BC,196.500,1042,4,EM,OC
737,241199,OC,196.500,1043,2,CH,OC
738,233828,OC,196.500,1044,4,IM,OC
739,457786,MBC,196.500,1045,1,EE,OC
740,253215,BC,196.500,1046,2006,IM,OC
741,305353,BC,196.500,1047,1399,CS,OC
742,212916,MBC,196.500,1048,4,EC,MBC
743,328335,BC,196.500,1049,2377,EC,OC
744,215805,BC,196.500,1050,2006,CG,BC
745,287603,BC,196.500,1051,4,CM,BC
746,389488,BC,196.500,1054,4,AT,OC
747,433447,BC,196.500,1055,4,EC,BC
748,270180,BC,196.500,1056,1,EL,OC
749,281100,BC,196.500,1057,4,AT,OC
750,434049,MBC,196.500,1058,1399,AD,OC
751,347465,BC,196.500,1060,1,IM,BC
752,397008,BC,196.500,1061,4,CM,BC
753,300865,BC,196.500,1063,4960,CS,OC
754,352926,MBC,196.500,1064,1,IM,MBC
755,390075,MBC,196.500,1065,4,CS,MBC
756,331050,MBC,196.500,1066,1,BY,OC
757,357060,BC,196.500,1068,2739,CS,OC
758,253191,BC,196.500,1069,2006,CG,BC
759,345589,BC,196.500,1072,4,CM,BC
760,255557,BC,196.500,1074,2727,AD,OC
761,332756,BC,196.500,1075,1,CE,OC
762,202971,BC,196.500,1078,1,EL,OC
763,213377,BC,196.500,1079,1,IM,BC
764,324211,BC,196.500,1080,1,IM,BC
765,433032,SC,196.500,1081,1211,SC,OC
766,501091,BC,196.500,1082,4,EC,BC
767,369706,OC,196.500,1083,2,IB,OC
768,397888,BC,196.500,1085,2007,EC,OC
769,255346,BC,196.500,1086,4,IM,OC
770,375416,BC,196.500,1087,4,EC,BC
771,357866,BC,196.500,1088,2006,IM,OC
772,443177,MBC,196.500,1088A,2006,EC,MBC
773,270446,BC,196.500,1091,2377,CS,OC
774,356988,BC,196.500,1092,2764,EC,OC
775,445551,BC,196.500,1093,4,EC,BC
776,323135,MBC,196.500,1095,2708,CS,OC
777,318820,BC,196.500,1096,4,AT,OC
778,452950,BC,196.500,1098,1,EL,OC
779,214016,BC,196.500,1099,4,EC,BC
780,261198,BC,196.500,1100,2006,IM,OC
781,387121,BC,196.500,1101,2006,IM,OC
782,367149,MBC,196.500,1103,4,CS,MBC
783,202697,OC,196.500,1105,1211,CS,OC
784,255155,BC,196.500,1107,4,EC,BC
785,386041,SC,196.500,1108,1,CM,SC
786,465265,OC,196.500,1109,1126,CS,OC
787,213875,OC,196.500,1111,1,EL,OC
788,362586,BC,196.500,1112,2006,EE,OC
789,486949,OC,196.500,1113,1,EE,OC
790,359293,MBC,196.500,1114,1,CE,OC
791,330012,BC,196.500,1115,4,CM,BC
792,416586,BC,196.500,1116,1,IM,BC
793,460129,BC,196.500,1118,1,IM,BC
794,368426,OC,196.500,1119,4,IM,OC
795,398629,SC,196.500,1120,1,CM,SC
796,266923,BC,196.500,1121,2007,EC,OC
797,310572,MBC,196.500,1122,4,CM,MBC
798,351767,MBC,196.500,1125,4,AE,OC
799,242533,MBC,196.500,1126,1,EM,MBC
800,307614,OC,196.500,1129,2377,CS,OC
801,369363,BC,196.500,1130,2006,IM,OC
802,203071,BC,196.500,1131,2006,IM,OC
803,202899,OC,196.500,1132,1,EL,OC
804,369288,BC,196.500,1133,4962,EC,OC
805,274431,BC,196.500,1135,4,EC,BC
806,384963,BC,196.500,1137,4,EC,BC
807,228325,BCM,196.500,1138,1399,CS,OC
808,426307,MBC,196.500,1139,1,IM,MBC
809,288581,MBC,196.500,1140,1399,CS,OC
810,270332,BC,196.500,1141,2006,IM,OC
811,400745,BC,196.500,1143,5008,CS,OC
812,258810,BC,196.500,1145,2006,IM,BC
813,394419,BC,196.500,1146,2006,IM,BC
814,315072,OC,196.500,1147,1399,EC,OC
815,311573,BC,196.500,1148,2377,EC,OC
816,332142,MBC,196.500,1149,1211,EC,OC
817,359794,MBC,196.500,1151,2006,CM,MBC
818,265438,BC,196.500,1152,1,EL,OC
819,460063,BC,196.500,1153,1399,CS,OC
820,254987,BC,196.500,1154,4,IM,OC
821,442851,BC,196.500,1155,4,CM,BC
822,408840,BC,196.500,1158,4,EM,OC
823,236751,MBC,196.500,1159,4,EC,MBC
824,343324,MBC,196.500,1161,4,EC,MBC
825,201271,BC,196.500,1162,2377,EC,OC
826,289852,BC,196.500,1165,1,IM,BC
827,373178,BC,196.500,1167,4,CM,BC
828,462648,BC,196.500,1168,1399,EC,OC
829,477585,BC,196.500,1169,2006,IM,BC
830,398720,BC,196.500,1170,4,AU,OC
831,393867,BC,196.500,1171,2006,IM,BC
832,386354,BC,196.500,1173,2739,EC,OC
833,436408,BC,196.500,1174,1,IM,BC
834,324992,BC,196.500,1175,1,IM,BC
835,344255,BC,196.500,1176,2006,IM,BC
836,403253,BC,196.500,1177,2718,AM,OC
837,338565,MBC,196.500,1179,1,IM,MBC
838,387501,MBC,196.500,1180,4,EC,MBC
839,393222,MBC,196.500,1181,1,IM,MBC
840,338269,MBC,196.500,1183,1,IM,MBC
841,265459,MBC,196.500,1184,2006,IM,MBC
842,479417,BCM,196.500,1185,4,AT,BCM
843,236279,BC,196.500,1188,2377,EC,OC
844,446250,BC,196.500,1191,1399,EC,OC
845,325726,MBC,196.500,1192,4,EC,MBC
846,272489,BC,196.500,1194,4,CM,BC
847,222288,OC,196.500,1196,2007,EC,OC
848,464500,MBC,196.500,1197,4,IM,OC
849,344196,BC,196.500,1198,1,IM,BC
850,348802,MBC,196.500,1199,2006,CM,MBC
851,386959,MBC,196.500,1200,4,CS,MBC
852,464735,BC,196.500,1201,1,IM,BC
853,236917,MBC,196.500,1202,2006,CM,MBC
854,353628,BC,196.500,1204,2006,EE,OC
855,402411,MBC,196.500,1205,2006,EM,MBC
856,443915,MBC,196.500,1206,4,AT,MBC
857,410861,BC,196.500,1208,2006,EE,OC
858,419561,OC,196.333,1210,4,IM,OC
859,207423,MBC,196.333,1211,1,EL,OC
860,210268,BC,196.333,1212,4,IM,OC
861,304139,OC,196.333,1213,1399,CS,OC
862,260389,OC,196.333,1214,4,IM,OC
863,482423,BC,196.275,1216,1126,AD,OC
864,488290,OC,196.250,1217,2007,EC,OC
865,441476,MBC,196.000,1222,4,CS,MBC
866,348912,OC,196.000,1223,4,IM,OC
867,201813,BC,196.000,1225,2007,EC,OC
868,319560,BC,196.000,1226,2006,IM,BC
869,205743,BC,196.000,1227,2,CH,OC
870,373995,BCM,196.000,1229,1,EM,BCM
871,411413,BC,196.000,1230,2005,IB,OC
872,208008,BC,196.000,1231,2007,EC,OC
873,292455,BC,196.000,1232,2006,IM,BC
874,264707,BC,196.000,1235,1,IM,BC
875,228513,BC,196.000,1237,4,CM,BC
876,367126,BC,196.000,1239,2006,IM,BC
877,341036,MBC,196.000,1240,4,EC,MBC
878,499235,BC,196.000,1241,2739,AD,OC
879,468667,BC,196.000,1245,4,CM,BC
880,348332,BCM,196.000,1250,1399,CS,OC
881,201849,BC,196.000,1251,4,CM,BC
882,281808,BC,196.000,1256,1,BY,OC
883,438331,BC,196.000,1258,4,CM,BC
884,435176,BC,196.000,1259,1,EE,OC
885,324185,MBC,196.000,1263,1399,AD,OC
886,445397,BC,196.000,1264,2712,EC,OC
887,350763,MBC,196.000,1265,2006,EM,MBC
888,364871,BC,196.000,1266,4,EM,OC
889,213690,BC,196.000,1267,2377,EC,OC
890,314107,BCM,196.000,1268,4,CS,BCM
891,298209,BC,196.000,1270,2615,MT,OC
892,306030,OC,196.000,1271,2007,EC,OC
893,397380,SC,196.000,1273,1,CM,SC
894,300257,BCM,196.000,1274,4,EC,BCM
895,360485,MBC,196.000,1275,1,ME,OC
896,348487,OC,196.000,1276,4,EM,OC
897,309447,MBC,196.000,1278,1,EM,MBC
898,200934,MBC,196.000,1281,1,EL,OC
899,253386,BC,196.000,1284,4,AT,BC
900,226234,OC,196.000,1286,4,IM,OC
901,455640,BC,196.000,1287,2006,IM,BC
902,483902,BCM,196.000,1288,1219,EC,OC
903,205677,SC,196.000,1289,1,CM,SC
904,310884,BC,196.000,1290,2739,CS,OC
905,222862,BC,196.000,1291,2006,IM,BC
906,268941,BC,196.000,1292,4,AE,OC
907,404370,BC,196.000,1293,4,EM,OC
908,393065,MBC,196.000,1298,2005,EC,OC
909,221317,MBC,196.000,1299,4,IM,OC
910,202644,SC,196.000,1300,1,CM,SC
911,315714,MBC,196.000,1301,2006,EE,OC
912,366339,BC,196.000,1303,2006,IM,BC
913,453867,SC,196.000,1305,1,CM,SC
914,253354,MBC,196.000,1306,2007,CS,OC
915,309003,BC,196.000,1308,2007,EC,OC
916,257966,BCM,196.000,1309,4,EC,BCM
917,277220,MBC,196.000,1310,1,EL,OC
918,379420,BC,196.000,1311,5008,EC,OC
919,375993,BC,196.000,1312,2377,CS,OC
920,386552,MBC,196.000,1314,4,EC,MBC
921,256066,BC,196.000,1316,2007,EC,OC
922,205208,BC,196.000,1317,1,EE,OC
923,227060,BC,196.000,1319,2007,EC,OC
924,401368,MBC,196.000,1320,1,IM,MBC
925,371625,BC,196.000,1321,4,EM,OC
926,264315,MBC,196.000,1323,4,EC,MBC
927,222702,BC,196.000,1325,4,IM,OC
928,370193,BC,196.000,1326,4,IM,OC
929,284195,BC,196.000,1327,4,IM,OC
930,397318,MBC,196.000,1328,1,IM,MBC
931,398287,BC,196.000,1329,2377,EC,OC
932,479984,BC,196.000,1330,4,EM,OC
933,313700,SC,196.000,1331,1,EC,SC
934,321586,OC,196.000,1332,2005,EC,OC
935,289638,BC,196.000,1333,2377,EC,OC
936,397509,BC,196.000,1334,4,EM,OC
937,288862,BC,196.000,1335,2006,IM,BC
938,336388,MBC,196.000,1336,4,CM,MBC
939,220799,BC,196.000,1337,4,IM,OC
940,442158,BC,196.000,1339,4,IM,OC
941,287004,BC,196.000,1340,4,EM,BC
942,321841,BC,196.000,1341,4,AT,BC
943,265205,BC,196.000,1344,1,BY,OC
944,272491,BC,196.000,1346,1,CE,OC
945,265993,BC,196.000,1347,1,EE,OC
946,247367,BC,196.000,1349,5008,CS,BC
947,255101,BC,196.000,1351,1,EE,OC
948,435363,MBC,196.000,1352,2006,IM,MBC
949,212284,SC,196.000,1353,1,CM,SC
950,394138,BC,196.000,1354,2007,EC,OC
951,306513,OC,196.000,1355,4,IM,OC
952,273144,SC,196.000,1356,1,CM,SC
953,469042,OC,196.000,1357,1126,AM,OC
954,203979,BC,196.000,1358,1,EL,OC
955,235924,BCM,196.000,1359,4,CS,BCM
956,321013,BC,196.000,1360,2377,EC,OC
957,291416,BC,196.000,1361,2377,CS,OC
958,296009,MBC,196.000,1362,4,EM,MBC
959,426459,MBC,196.000,1363,4,AT,MBC
960,394080,BC,196.000,1364,2006,IM,BC
961,452870,SC,196.000,1365,2006,EC,SC
962,334406,BC,196.000,1366,4,AT,BC
963,324850,BC,196.000,1368,1,EL,OC
964,496140,OC,196.000,1370,1,EE,OC
965,253045,BC,196.000,1371,2739,AM,OC
966,260308,BC,196.000,1372,1,EE,OC
967,300206,BC,196.000,1373,2007,CS,OC
968,424371,BC,196.000,1374,4,EM,BC
969,276246,SC,196.000,1379,1,EE,OC
970,252642,BC,196.000,1380,2006,EE,OC
971,466368,BC,196.000,1383,2007,CS,OC
972,338214,BC,196.000,1384,1,EE,OC
973,400107,BC,196.000,1390,4,EM,BC
974,309359,BC,196.000,1391,2006,IM,BC
975,269553,BC,196.000,1392,2005,CS,OC
976,216221,OC,196.000,1393,1399,CS,OC
977,383821,BCM,196.000,1394,2618,CS,OC
978,231875,BC,196.000,1395,1,EL,OC
979,456978,BC,196.000,1397,2764,CS,OC
980,350785,MBC,196.000,1403,4,EM,MBC
981,491538,MBC,196.000,1404,1399,EC,OC
982,339196,OC,196.000,1405,2006,ME,OC
983,314553,BC,196.000,1406,2377,CS,OC
984,468061,MBC,196.000,1407,2006,CE,OC
985,407419,BC,196.000,1408,2006,IM,BC
986,201687,BC,196.000,1409,4,IM,OC
987,210032,BC,196.000,1413,4,EM,BC
988,415992,BC,196.000,1414,2007,CS,OC
989,385072,MBC,196.000,1415,4,CM,MBC
990,222449,BC,196.000,1416,1,EE,OC
991,290488,BC,196.000,1418,4,EM,BC
992,274874,BC,196.000,1419,2006,IM,BC
993,204806,BC,196.000,1420,1,EL,OC
994,272616,BC,196.000,1421,2007,EC,OC
995,204360,BC,196.000,1422,4,EM,BC
996,263389,BC,196.000,1424,4,IM,OC
997,256560,BC,196.000,1425,1,EL,OC
998,260641,BC,196.000,1426,4,IM,OC
999,468623,OC,196.000,1428,4,IM,OC
1000,310186,OC,196.000,1430,2377,CS,OC
1001,280682,BCM,196.000,1431,1,BY,OC
1002,301238,MBC,196.000,1432,1,IM,MBC
1003,349004,BC,196.000,1433,1399,CS,OC
1004,259510,BC,196.000,1434,1,EE,BC
1005,460707,BC,196.000,1438,4,EI,OC
1006,336974,BC,196.000,1440,2006,IM,BC
1007,454784,MBC,196.000,1441,1419,AD,OC
1008,259604,BC,196.000,1442,2007,CS,OC
1009,289790,BC,196.000,1443,2007,EC,BC
1010,339258,OC,196.000,1444,4,IM,OC
1011,351494,BC,196.000,1446,4,EM,BC
1012,301750,MBC,196.000,1448,4,EM,MBC
1013,491268,BC,196.000,1449,4,EM,BC
1014,477579,BC,196.000,1450,2006,IM,BC
1015,354520,MBC,196.000,1453,1,IM,MBC
1016,383167,OC,196.000,1454,4,EI,OC
1017,330539,BCM,196.000,1455,1,IM,BCM
1018,446553,BC,196.000,1456,1399,EC,OC
1019,237453,BC,196.000,1457,2007,EC,BC
1020,298012,BC,196.000,1460,2006,ME,OC
1021,397753,MBC,196.000,1461,4,CM,MBC
1022,389413,MBC,196.000,1462,4,EC,MBC
1023,328331,MBC,196.000,1463,4,EC,MBC
1024,262216,MBC,196.000,1464,2006,CG,MBC
1025,259098,MBC,196.000,1465,2006,EM,MBC
1026,379139,BC,196.000,1466,1,EL,BC
1027,228373,MBC,196.000,1467,2006,EE,OC
1028,398987,BC,196.000,1469,4,EM,BC
1029,242273,BC,196.000,1470,2006,EE,OC
1030,336664,MBC,196.000,1471,1,ME,OC
1031,216008,BC,196.000,1472,1,EL,BC
1032,329381,MBC,196.000,1473,1,EE,MBC
1033,376219,BC,196.000,1474,1,CE,OC
1034,409944,BC,196.000,1475,1399,ME,OC
1035,395237,MBC,196.000,1476,2615,AM,OC
1036,267833,BC,196.000,1477,5008,CS,BC
1037,243907,BC,196.000,1479,2006,IM,BC
1038,331815,BC,196.000,1480,5012,CC,OC
1039,474053,BC,196.000,1481,5008,CS,BC
1040,435086,OC,196.000,1481A,1399,CS,OC
1041,302563,BC,196.000,1482,1399,AM,OC
1042,243601,BC,196.000,1483,4,EM,BC
1043,260197,BC,196.000,1484,1,EL,BC
1044,200403,BC,196.000,1485,1,EE,BC
1045,377611,BC,196.000,1486,1,EL,BC
1046,409508,MBC,196.000,1487,4,EM,MBC
1047,382953,BC,196.000,1488,4,EM,BC
1048,435367,BC,196.000,1489,4,IM,OC
1049,347895,MBC,196.000,1490,4,EM,MBC
1050,356629,BC,196.000,1494,4,EM,BC
1051,237613,BC,196.000,1498,5008,CS,BC
1052,212499,BC,196.000,1499,1,EL,BC
1053,351630,BC,196.000,1500,2739,CS,OC
1054,244751,BC,196.000,1501,1,CE,OC
1055,408844,MBC,196.000,1503,1,IM,MBC
1056,411461,BC,196.000,1504,2005,EC,OC
1057,368229,BC,196.000,1505,1399,CS,OC
1058,293983,BC,196.000,1506,4,IM,OC
1059,238741,MBC,196.000,1507,4,IM,OC
1060,346402,MBC,196.000,1508,4,EM,MBC
1061,406467,BC,196.000,1509,2007,CS,OC
1062,352404,BC,196.000,1510,1,EL,BC
1063,288686,BC,196.000,1511,2006,EE,OC
1064,350925,MBC,196.000,1514,2006,EM,MBC
1065,222680,BC,196.000,1516,2007,CS,OC
1066,201354,BC,196.000,1519,2007,EC,BC
1067,442445,OC,196.000,1520,2007,EM,OC
1068,483537,BC,196.000,1522,2007,CS,OC
1069,333348,MBC,196.000,1523,4,EM,MBC
1070,442894,BC,196.000,1524,4,AT,BC
1071,447375,BC,195.667,1526,2006,ME,OC
1072,370163,OC,195.667,1526A,1399,CS,OC
1073,482426,MBC,195.540,1527,1126,AD,OC
1074,231800,BC,195.500,1528,4,PR,OC
1075,458756,BC,195.500,1530,1,EL,BC
1076,212328,BC,195.500,1531,4,IM,OC
1077,366187,BC,195.500,1532,2377,CS,OC
1078,205899,BC,195.500,1533,4,IM,OC
1079,429435,BC,195.500,1535,4962,CS,OC
1080,304022,MBC,195.500,1536,4,IM,OC
1081,349272,BC,195.500,1537,2710,CS,OC
1082,273566,BC,195.500,1540,2007,CS,OC
1083,279218,MBC,195.500,1542,4,EM,MBC
1084,368903,BC,195.500,1543,4974,CS,OC
1085,425268,BC,195.500,1546,1,EE,BC
1086,295947,OC,195.500,1547,1399,CS,OC
1087,221918,BC,195.500,1548,4,EM,BC
1088,348967,BC,195.500,1550,5008,EC,OC
1089,309491,OC,195.500,1551,1399,CS,OC
1090,335765,BC,195.500,1552,4,IM,OC
1091,380501,BC,195.500,1554,2006,IM,BC
1092,245455,BC,195.500,1555,2007,CS,OC
1093,279158,MBC,195.500,1556,1399,SC,OC
1094,459123,SC,195.500,1558,2006,CG,SC
1095,328044,OC,195.500,1560,4,IM,OC
1096,209198,BC,195.500,1561,2377,EC,OC
1097,445113,BC,195.500,1562,1399,CS,OC
1098,350679,MBC,195.500,1567,1,IM,MBC
1099,397642,MBC,195.500,1569,3465,CS,OC
1100,221271,BC,195.500,1571,4,IM,OC
1101,430424,SC,195.500,1572,2006,CM,SC
1102,418584,MBC,195.500,1574,1,EL,MBC
1103,202550,MBC,195.500,1575,5008,EC,OC
1104,238978,BC,195.500,1576,4,AT,BC
1105,428485,BC,195.500,1577,2007,CS,OC
1106,333949,BC,195.500,1578,1399,EC,OC
1107,292712,OC,195.500,1579,1399,EC,OC
1108,454774,BC,195.500,1580,2764,CS,OC
1109,220376,OC,195.500,1582,1399,EC,OC
1110,385135,BC,195.500,1583,2007,CS,OC
1111,380995,BC,195.500,1584,1211,CS,OC
1112,284620,BC,195.500,1585,1211,CS,OC
1113,221749,BCM,195.500,1586,1,IM,BCM
1114,355833,BC,195.500,1587,1399,EC,OC
1115,301308,MBC,195.500,1588,1,EE,MBC
1116,398729,MBC,195.500,1589,1,GI,OC
1117,384326,BC,195.500,1591,2739,CS,OC
1118,384147,BC,195.500,1592,1,EE,BC
1119,417962,BC,195.500,1595,2764,AD,OC
1120,222173,BC,195.500,1596,1399,CS,OC
1121,384831,SC,195.500,1598,1,EC,SC
1122,366434,BC,195.500,1602,2007,CM,OC
1123,254283,MBC,195.500,1603,1,IM,MBC
1124,307523,OC,195.500,1604,2377,CS,OC
1125,203446,BC,195.500,1605,2377,EC,OC
1126,320983,BC,195.500,1606,2007,EM,OC
1127,226576,BC,195.500,1607,4,AT,BC
1128,389096,BC,195.500,1608,2007,CM,OC
1129,370473,BC,195.500,1610,4,EM,BC
1130,414792,MBC,195.500,1611,1,EE,MBC
1131,387639,BC,195.500,1613,2006,IM,BC
1132,431633,OC,195.500,1614,1,ME,OC
1133,499135,BC,195.500,1615,2377,EC,OC
1134,403781,BC,195.500,1616,4,EM,BC
1135,306319,BC,195.500,1619,2377,CS,OC
1136,429313,BC,195.500,1620,2006,EE,OC
1137,207829,BCM,195.500,1621,4,AT,BCM
1138,365509,MBC,195.500,1622,2006,EM,MBC
1139,349167,BC,195.500,1623,4,AT,BC
1140,236820,OC,195.500,1623A,4,IM,OC
1141,261223,MBC,195.500,1625,2006,EM,MBC
1142,465362,OC,195.500,1626,1399,CS,OC
1143,203051,BC,195.500,1627,2007,EC,BC
1144,335988,BC,195.500,1628,2006,EE,OC
1145,367364,MBC,195.500,1629,4,AT,MBC
1146,201907,MBC,195.500,1630,2006,EM,MBC
1147,435525,SC,195.500,1632,1,CM,SC
1148,371399,BC,195.500,1633,1,EE,BC
1149,289710,BC,195.500,1634,2006,IM,BC
1150,294142,BC,195.500,1636,2025,AD,OC
1151,450461,BC,195.500,1639,4,IM,OC
1152,359870,BC,195.500,1640,1,EE,BC
1153,445243,BC,195.500,1641,2377,CS,OC
1154,215990,BC,195.500,1643,2377,CS,OC
1155,418795,BC,195.500,1646,2377,EC,OC
1156,395294,BC,195.500,1647,1399,EC,OC
1157,378759,BCM,195.500,1649,4,IM,OC
1158,348149,BC,195.500,1650,1399,EC,OC
1159,225586,MBC,195.500,1651,1399,CB,OC
1160,290677,BC,195.500,1652,4,IM,OC
1161,462154,MBC,195.500,1653,4,CM,MBC
1162,328907,BC,195.500,1654,4,EM,BC
1163,364379,MBC,195.500,1656,4,CM,MBC
1164,391647,MBC,195.500,1657,2005,EC,OC
1165,462251,BC,195.500,1658,2739,CS,OC
1166,427524,BC,195.500,1659,4,IM,OC
1167,333704,SC,195.500,1660,1,CM,SC
1168,219192,BC,195.500,1661,4,IM,BC
1169,491139,BC,195.500,1662,1,CE,OC
1170,443936,MBC,195.500,1663,2377,EC,OC
1171,387176,MBC,195.500,1666,1399,CS,OC
1172,337765,ST,195.500,1667,1,ME,OC
1173,223189,BC,195.500,1668,1,EL,BC
1174,368393,BC,195.500,1669,1,ME,OC
1175,395738,MBC,195.500,1670,4,CM,MBC
1176,393255,SC,195.500,1671,2006,CM,SC
1177,368351,MBC,195.500,1673,4,AE,OC
1178,359197,BC,195.500,1676,1,EE,BC
1179,385921,MBC,195.500,1677,5012,CC,OC
1180,333642,BC,195.500,1678,4,AT,BC
1181,367570,BC,195.500,1679,1,EL,BC
1182,432974,MBC,195.500,1681,2750,EV,OC
1183,281537,MBC,195.500,1684,1399,EC,OC
1184,476520,BC,195.500,1685,2007,EC,BC
1185,292092,BC,195.500,1686,2005,EC,OC
1186,281038,OC,195.500,1687,1399,CS,OC
1187,332576,BC,195.500,1688,1211,SC,OC
1188,461856,BC,195.500,1690,1,EE,BC
1189,452466,MBC,195.500,1691,2006,EM,MBC
1190,296022,MBC,195.500,1692,4,IM,MBC
1191,257412,BC,195.500,1694,2739,AM,OC
1192,223914,BC,195.500,1695,2007,CM,OC
1193,274268,BC,195.500,1696,4,AT,BC
1194,416661,MBC,195.500,1697,4,CM,MBC
1195,396904,BC,195.500,1698,2377,EC,OC
1196,487691,BC,195.500,1701,5008,CE,OC
1197,370725,MBC,195.500,1702,1399,CS,OC
1198,433895,BC,195.500,1703,2007,EC,BC
1199,362355,BC,195.500,1705,2007,CM,OC
1200,460432,BC,195.500,1706,2,CH,OC
1201,209779,BC,195.500,1707,2006,EE,OC
1202,411173,BC,195.500,1708,2007,CM,OC
1203,326652,BC,195.500,1710,2006,EE,OC
1204,218693,BC,195.500,1711,1,EL,BC
1205,217032,BC,195.500,1712,1211,AD,OC
1206,332107,BCM,195.500,1714,1412,CS,OC
1207,288191,BC,195.500,1715,1,EL,BC
1208,262127,BC,195.500,1716,1399,EC,OC
1209,261461,BC,195.500,1718,4,IM,BC
1210,432496,BC,195.500,1719,2007,CM,OC
1211,236121,BC,195.500,1720,1,EL,BC
1212,292998,MBC,195.500,1721,1,IM,MBC
1213,333303,BC,195.500,1727,1399,CS,OC
1214,313097,SC,195.500,1728,4,AT,SC
1215,300117,BCM,195.500,1729,4955,EC,OC
1216,346772,BCM,195.500,1730,1,IM,BCM
1217,316093,BC,195.500,1731,2377,CS,OC
1218,357628,BC,195.500,1732,2005,AM,OC
1219,398432,OC,195.500,1733,5008,CM,OC
1220,475311,BC,195.500,1734,5008,EE,OC
1221,254393,MBC,195.500,1735,1,IM,MBC
1222,229364,BC,195.500,1736,1,EE,BC
1223,332414,BC,195.500,1737,2007,CM,OC
1224,366161,BC,195.500,1738,1399,CS,OC
1225,330331,MBC,195.500,1739,1,IM,MBC
1226,398695,BC,195.500,1740,1,EE,BC
1227,299631,BC,195.500,1741,1399,CS,OC
1228,200092,BC,195.500,1742,1399,CS,OC
1229,288465,BC,195.500,1743,2006,EE,OC
1230,264814,MBC,195.500,1744,1,GI,OC
1231,332668,BC,195.500,1744A,4,IM,BC
1232,406490,BC,195.500,1748,2007,EC,BC
1233,441524,BC,195.500,1750,4,AT,BC
1234,408572,BC,195.500,1751,2007,EC,BC
1235,400305,BC,195.500,1752,4,IM,BC
1236,370630,BC,195.500,1753,2739,AM,OC
1237,254267,BC,195.500,1756,4,AT,BC
1238,384218,SC,195.500,1757,2006,EC,SC
1239,280023,MBC,195.500,1759,2006,CG,MBC
1240,413252,BC,195.500,1761,2377,EC,OC
1241,301404,MBC,195.500,1762,4,EM,MBC
1242,388572,BC,195.500,1763,2007,EM,OC
1243,495605,BC,195.500,1764,4,IM,BC
1244,385835,BC,195.500,1766,4,IM,BC
1245,230974,BC,195.500,1767,4,IM,BC
1246,366854,BC,195.500,1768,5008,EC,OC
1247,321219,BC,195.500,1769,1,EE,BC
1248,237620,BC,195.500,1770,1,EE,BC
1249,228123,MBC,195.500,1771,2007,EC,MBC
1250,265503,MBC,195.500,1772,4,EM,MBC
1251,261280,MBC,195.500,1774,4,AT,MBC
1252,359557,MBC,195.500,1776,2006,CG,MBC
1253,238055,BC,195.500,1777,1399,CS,OC
1254,407683,MBC,195.500,1778,2006,IM,MBC
1255,422193,BC,195.500,1779,2007,CS,BC
1256,289420,BC,195.500,1780,4,AT,BC
1257,408335,BC,195.500,1781,1,EL,BC
1258,361272,BC,195.500,1783,2377,CS,OC
1259,366423,MBC,195.500,1784,4,AT,MBC
1260,283288,BC,195.500,1785,1399,CS,OC
1261,327702,BC,195.500,1786,4,IM,BC
1262,221060,BC,195.500,1788,4,IM,BC
1263,291501,MBC,195.500,1789,2718,EC,OC
1264,219268,BC,195.500,1790,4,IM,BC
1265,318885,BC,195.500,1791,1,ME,OC
1266,355805,BC,195.500,1792,5008,CS,BC
1267,321637,BC,195.500,1793,4,IM,BC
1268,331977,MBC,195.500,1795,2005,EC,OC
1269,464176,SC,195.500,1796,1013,CS,OC
1270,262464,BC,195.500,1799,2006,EE,OC
1271,376583,SC,195.500,1801,1,IM,SC
1272,213452,SC,195.500,1802,4,AE,OC
1273,426391,BCM,195.500,1803,1,IM,BCM
1274,396798,MBC,195.500,1804,1211,CS,OC
1275,398951,BC,195.500,1805,4,AT,BC
1276,203478,BC,195.500,1807,1399,CS,OC
1277,482580,BCM,195.500,1809,1,EE,BCM
1278,300926,BC,195.500,1810,1,EE,BC
1279,349532,BC,195.500,1813,2377,CS,OC
1280,234468,BCM,195.500,1814,1,IM,BCM
1281,299390,BC,195.500,1815,4,AT,BC
1282,476550,SC,195.500,1816,4,CS,SC
1283,234330,BC,195.500,1817,1399,AD,OC
1284,481440,BC,195.500,1818,1,EE,BC
1285,209456,MBC,195.500,1819,1399,AD,OC
1286,284348,BC,195.500,1820,2377,CS,OC
1287,447605,BC,195.500,1821,2739,AD,OC
1288,364114,BC,195.500,1822,4,IM,BC
1289,367827,MBC,195.500,1825,1,EE,MBC
1290,455593,BC,195.333,1826,2377,CS,OC
1291,334169,BC,195.333,1826A,5008,EC,OC
1292,267818,MBC,195.333,1828,1,IM,MBC
1293,238307,MBC,195.000,1830,1,EE,MBC
1294,295150,BC,195.000,1832,2764,CS,OC
1295,360664,MBC,195.000,1833,2006,EM,MBC
1296,447214,MBC,195.000,1834,2006,IM,MBC
1297,435510,BC,195.000,1835,2006,EE,BC
1298,264137,MBC,195.000,1836,2007,CS,MBC
1299,314337,MBC,195.000,1837,4,AT,MBC
1300,406851,BCM,195.000,1839,2377,CS,OC
1301,234694,BC,195.000,1840,2377,CS,OC
1302,378706,BC,195.000,1841,1,EL,BC
1303,411616,BC,195.000,1842,2007,CM,OC
1304,423777,BC,195.000,1846,2007,EC,BC
1305,384231,MBC,195.000,1847,2007,EC,MBC
1306,397800,MBC,195.000,1848,4,IM,MBC
1307,307118,BCM,195.000,1849,4,EM,BCM
1308,209449,BC,195.000,1852,1399,CS,OC
1309,204147,MBC,195.000,1855,1,EL,MBC
1310,208716,BC,195.000,1859,4,IM,BC
1311,392203,MBC,195.000,1860,1399,CS,OC
1312,331256,BC,195.000,1862,1211,SC,OC
1313,264026,BC,195.000,1863,2007,CS,BC
1314,368117,BC,195.000,1864,2006,EE,BC
1315,229341,BC,195.000,1866,4,AT,BC
1316,228529,SC,195.000,1868,1,CM,SC
1317,245324,BC,195.000,1869,2712,CS,OC
1318,339787,BC,195.000,1871,1,EE,BC
1319,226243,BC,195.000,1875,2006,MF,OC
1320,320555,BC,195.000,1878,2007,CS,BC
1321,377433,BC,195.000,1880,1399,CS,OC
1322,330481,BC,195.000,1882,5008,EC,OC
1323,341017,BC,195.000,1885,2007,CS,BC
1324,434943,BC,195.000,1886,1,EL,BC
1325,218643,SC,195.000,1887,1399,EE,OC
1326,218571,MBC,195.000,1888,1,IM,MBC
1327,399051,OC,195.000,1890,4,AE,OC
1328,406785,BC,195.000,1892,1,ME,OC
1329,268936,BC,195.000,1894,2005,EC,OC
1330,468776,MBC,195.000,1895,2006,ME,OC
1331,390453,BC,195.000,1899,2006,BY,OC
1332,377549,BC,195.000,1900,5008,CS,BC
1333,205921,BC,195.000,1901,2377,EC,OC
1334,366878,BC,195.000,1902,2007,EC,BC
1335,201267,MBC,195.000,1903,1,EE,MBC
1336,304427,BC,195.000,1905,1450,CS,OC
1337,357693,BC,195.000,1906,2764,CS,OC
1338,339527,BC,195.000,1908,2764,CS,OC
1339,241030,BC,195.000,1909,5008,CS,BC
1340,359612,MBC,195.000,1911,1,IM,MBC
1341,215352,BC,195.000,1912,2007,EC,BC
1342,433310,MBC,195.000,1913,1211,EC,OC
1343,304571,BCM,195.000,1914,4,IM,BCM
1344,310872,BC,195.000,1915,4,IM,BC
1345,342530,MBC,195.000,1916,4,EM,MBC
1346,297660,OC,195.000,1918,2377,EC,OC
1347,319057,BCM,195.000,1919,1,EL,BCM
1348,287813,SC,195.000,1921,4,AE,OC
1349,369778,MBC,195.000,1922,4,CM,MBC
1350,462506,MBC,195.000,1924,4,EM,MBC
1351,387450,BC,195.000,1926,4,IM,BC
1352,269142,BCM,195.000,1928,2006,IM,BCM
1353,282455,MBC,195.000,1929,2706,CS,OC
1354,412534,BC,195.000,1930,2739,CS,OC
1355,420103,BC,195.000,1931,2764,CS,OC
1356,429447,MBC,195.000,1932,1211,CS,OC
1357,348260,BC,195.000,1933,4,IM,BC
1358,434979,MBC,195.000,1936,4,IM,MBC
1359,252931,BC,195.000,1937,2007,CM,OC
1360,220305,BC,195.000,1938,2007,EM,OC
1361,394543,MBC,195.000,1940,1399,AD,OC
1362,200287,OC,195.000,1941,1399,SC,OC
1363,353504,BC,195.000,1942,2006,EY,OC
1364,220447,BC,195.000,1943,1399,CS,OC
1365,352241,BC,195.000,1946,2007,EM,OC
1366,338674,BC,195.000,1947,2005,CS,OC
1367,262465,MBC,195.000,1948,4,IM,MBC
1368,366048,BC,195.000,1949,2005,EC,OC
1369,374516,SC,195.000,1950,2006,EC,SC
1370,284920,BC,195.000,1953,4,IM,BC
1371,250766,MBC,195.000,1954,2006,EE,MBC
1372,384543,BC,195.000,1955,2377,EC,OC
1373,311281,OC,195.000,1956,1,ME,OC
1374,217482,OC,195.000,1957,2007,CM,OC
1375,375114,MBC,195.000,1958,2006,IM,MBC
1376,307053,SC,195.000,1959,1,CM,SC
1377,302664,BC,195.000,1960,4,IM,BC
1378,447097,MBC,195.000,1961,1,EL,MBC
1379,285125,BC,195.000,1962,5008,CM,OC
1380,433196,BC,195.000,1963,4,IM,BC
1381,293855,BC,195.000,1964,2377,CS,OC
1382,328693,BC,195.000,1965,1399,EC,OC
1383,346371,BC,195.000,1966,2007,EC,BC
1384,474092,BC,195.000,1967,2622,AM,OC
1385,408712,BC,195.000,1968,1399,EC,OC
1386,435134,BC,195.000,1969,4,EI,OC
1387,439378,MBC,195.000,1974,4,AT,MBC
1388,263549,BC,195.000,1978,2007,EC,BC
1389,305867,BC,195.000,1979,1211,CS,OC
1390,351641,BC,195.000,1980,4,IM,BC
1391,244069,BC,195.000,1981,2007,EM,OC
1392,435175,BC,195.000,1982,2377,CS,OC
1393,313076,MBC,195.000,1983,1211,EC,OC
1394,467909,MBC,195.000,1984,4,CM,MBC
1395,402019,MBC,195.000,1986,1,IM,MBC
1396,240719,BC,195.000,1989,2007,CS,BC
1397,393067,OC,195.000,1990,2718,CS,OC
1398,334410,BCM,195.000,1993,2007,CS,BCM
1399,320629,MBC,195.000,1994,1,EL,MBC
1400,329677,BC,195.000,1995,2007,CM,OC
1401,376147,BC,195.000,1996,1211,CS,OC
1402,383195,BC,195.000,1998,1,EE,BC
1403,448507,BC,195.000,1999,2005,EC,OC
1404,359180,MBC,195.000,2000,2005,CS,OC
1405,337545,MBC,195.000,2001,5012,CC,OC
1406,203390,BC,195.000,2002,2006,EE,BC
1407,305056,MBC,195.000,2004,1,EL,MBC
1408,424075,BC,195.000,2005,2006,EE,BC
1409,236436,SC,195.000,2010,1,EC,SC
1410,290294,BC,195.000,2011,4,IM,BC
1411,359508,BC,195.000,2012,2377,CS,OC
1412,392928,MBC,195.000,2014,2006,EE,MBC
1413,424964,SC,195.000,2016,4,CS,SC
1414,338159,BC,195.000,2017,5008,EC,OC
1415,303357,BC,195.000,2018,4,IM,BC
1416,296912,BC,195.000,2020,5012,CC,OC
1417,228062,BC,195.000,2022,4,IM,BC
1418,271655,MBC,195.000,2024,4,CM,MBC
1419,291299,BC,195.000,2025,5008,CS,BC
1420,328997,BC,195.000,2026,1399,EC,OC
1421,343539,BC,195.000,2027,1399,EC,OC
1422,372468,BC,195.000,2028,2377,AD,OC
1423,258205,BC,195.000,2030,1,EE,BC
1424,353697,BC,195.000,2031,2006,EE,BC
1425,217440,BC,195.000,2035,1216,SC,OC
1426,294136,BC,195.000,2036,2712,CS,OC
1427,234711,BC,195.000,2039,2377,CS,OC
1428,264161,BC,195.000,2041,2006,BS,OC
1429,202688,MBC,195.000,2042,2006,IM,MBC
1430,269531,BC,195.000,2043,4,EI,OC
1431,219229,BC,195.000,2044,1399,CS,OC
1432,349793,BC,195.000,2047,2007,CM,OC
1433,489720,SC,195.000,2048,4,CS,SC
1434,308603,BC,195.000,2049,2007,CS,BC
1435,435004,BC,195.000,2051,1399,AM,OC
1436,471738,MBC,195.000,2052,1,EL,MBC
1437,395039,BC,195.000,2053,4,AE,OC
1438,374792,MBC,195.000,2055,4,AT,MBC
1439,388436,BC,195.000,2057,4,IM,BC
1440,387048,MBC,195.000,2058,1211,CS,OC
1441,261252,OC,195.000,2059,2005,EC,OC
1442,370847,BC,195.000,2063,2,IB,OC
1443,401632,BC,195.000,2064,4,IM,BC
1444,277855,BC,195.000,2066,3830,AD,OC
1445,209305,SC,195.000,2067,1,CM,SC
1446,223191,BC,195.000,2068,4,IM,BC
1447,383726,BC,195.000,2071,4,IM,BC
1448,345101,BC,195.000,2074,2007,AT,OC
1449,489684,BC,195.000,2075,2377,CS,OC
1450,426612,BC,195.000,2078,4,IM,BC
1451,400105,OC,195.000,2079,2377,CS,OC
1452,231861,BC,195.000,2080,2007,EM,OC
1453,462774,MBC,195.000,2081,2005,CS,OC
1454,321141,MBC,195.000,2082,4,EI,OC
1455,204380,MBC,195.000,2084,2006,IM,MBC
1456,308064,BC,195.000,2085,1399,EC,OC
1457,474350,SCA,195.000,2087,1,CS,SCA
1458,426726,BC,195.000,2088,2007,CS,BC
1459,362026,BC,195.000,2089,2739,AD,OC
1460,280938,MBC,195.000,2090,2006,CG,MBC
1461,288315,BC,195.000,2091,2377,EC,OC
1462,391391,MBC,195.000,2092,2006,EE,MBC
1463,217516,BC,195.000,2093,5008,CS,BC
1464,466130,SC,195.000,2095,2005,CE,OC
1465,306126,BC,195.000,2099,1211,CS,OC
1466,496990,BC,195.000,2100,2377,CS,OC
1467,268391,BC,195.000,2101,2377,CS,OC
1468,389385,MBC,195.000,2102,2006,IM,MBC
1469,220838,MBC,195.000,2103,2,CH,OC
1470,307134,BC,195.000,2104,1,ME,OC
1471,369340,BC,195.000,2105,2377,EC,OC
1472,237059,BC,195.000,2108,4,IM,BC
1473,214971,BC,195.000,2109,2,CH,OC
1474,451794,BC,195.000,2112,2007,CS,BC
1475,400138,MBC,195.000,2113,2006,CG,MBC
1476,215558,BCM,195.000,2114,2007,CS,BCM
1477,381912,BC,195.000,2115,2007,CS,BC
1478,329570,MBC,195.000,2116,1,EL,MBC
1479,224786,SC,195.000,2117,2712,CS,OC
1480,436143,MBC,195.000,2119,1399,CS,OC
1481,470072,BC,195.000,2120,4,IM,BC
1482,471662,BC,195.000,2121,2622,AM,OC
1483,333830,OC,195.000,2122,1399,CS,OC
1484,366903,BC,195.000,2123,5012,CC,OC
1485,285320,BC,195.000,2124,2005,AM,OC
1486,481696,BC,195.000,2125,1399,CS,OC
1487,336043,BC,195.000,2126,4,IM,BC
1488,253917,MBC,195.000,2128,4,AT,MBC
1489,417548,BC,195.000,2130,2712,CS,OC
1490,432426,MBC,195.000,2131,2006,IM,MBC
1491,296581,BC,195.000,2132,2007,EM,OC
1492,234153,OC,195.000,2133,2007,CM,OC
1493,362669,MBC,195.000,2135,4,IM,MBC
1494,264256,BC,195.000,2136,2739,EC,OC
1495,496107,MBC,195.000,2137,2622,AM,OC
1496,282156,BC,195.000,2139,2377,CS,OC
1497,237510,BC,195.000,2140,4,EI,OC
1498,301742,BC,195.000,2141,4,EI,OC
1499,440468,MBC,195.000,2142,2006,IM,MBC
1500,233815,MBC,195.000,2143,2710,CS,OC
1501,212120,SC,195.000,2144,4,CS,SC
1502,386690,MBC,195.000,2145,2603,CS,OC
1503,445176,BC,195.000,2146,2377,EC,OC
1504,221169,BC,195.000,2147,1,ME,OC
1505,322609,BC,195.000,2149,2007,CS,BC
1506,310739,BC,195.000,2150,2006,EE,BC
1507,469650,BC,194.680,2152,2711,IT,OC
1508,210902,BC,194.667,2154,4,EI,OC
1509,432158,OC,194.667,2155,1399,CS,OC
1510,234688,MBC,194.500,2157,1,EL,MBC
1511,380812,BC,194.500,2159,1,BY,OC
1512,274608,SCA,194.500,2160,4,AT,SCA
1513,263976,BC,194.500,2161,2006,RA,OC
1514,338275,BC,194.500,2162,2007,AT,OC
1515,315852,BC,194.500,2163,1211,AD,OC
1516,442534,MBC,194.500,2164,2006,EE,MBC
1517,298609,SC,194.500,2165,1,EC,SC
1518,501016,BC,194.500,2166,2745,AD,OC
1519,384763,MBC,194.500,2167,1399,CS,OC
1520,301028,BC,194.500,2168,2007,EM,OC
1521,259581,BC,194.500,2170,2007,CS,BC
1522,210622,SC,194.500,2172,4,EC,SC
1523,248008,MBC,194.500,2178,2739,EC,OC
1524,453078,BC,194.500,2179,2377,EC,OC
1525,477900,MBC,194.500,2182,2006,EE,MBC
1526,351419,BC,194.500,2184,2007,CM,OC
1527,395468,MBC,194.500,2185,1,EE,MBC
1528,497415,OC,194.500,2185A,2007,EM,OC
1529,434200,MBC,194.500,2188,2006,IM,MBC
1530,289511,OC,194.500,2189,2006,BS,OC
1531,349680,BC,194.500,2190,5012,CC,OC
1532,204865,BC,194.500,2191,5008,EC,OC
1533,338320,BC,194.500,2195,4,AE,OC
1534,337366,SC,194.500,2197,1,IM,SC
1535,212635,BC,194.500,2198,2007,CS,BC
1536,470435,BCM,194.500,2199,5921,CS,OC
1537,216487,BC,194.500,2200,1,CE,OC
1538,449271,BC,194.500,2201,2710,EC,OC
1539,216668,BC,194.500,2203,2006,EE,BC
1540,267229,OC,194.500,2206,2006,EY,OC
1541,205811,MBC,194.500,2207,2006,IM,MBC
1542,269328,BC,194.500,2208,1399,CS,OC
1543,320655,BC,194.500,2210,1399,EV,OC
1544,352041,BC,194.500,2211,2007,EM,BC
1545,284858,MBC,194.500,2212,2006,EE,MBC
1546,290425,BCM,194.500,2213,2005,EC,OC
1547,385213,BC,194.500,2215,2702,CS,OC
1548,256377,BC,194.500,2216,2006,EE,BC
1549,232510,BC,194.500,2217,5008,EC,OC
1550,442645,BC,194.500,2218,4,RA,OC
1551,262320,MBC,194.500,2219,1399,CS,OC
1552,204062,BC,194.500,2220,2377,EC,OC
1553,256629,BC,194.500,2224,1399,CS,OC
1554,498119,MBC,194.500,2225,2708,CS,OC
1555,425375,BC,194.500,2227,2007,EM,BC
1556,462063,OC,194.500,2231,1,ME,OC
1557,407595,BC,194.500,2232,2377,CS,OC
1558,280823,BC,194.500,2233,5008,EC,OC
1559,376417,BC,194.500,2234,4,AE,OC
1560,442324,MBC,194.500,2235,1399,CS,OC
1561,452144,BC,194.500,2236,1399,AD,OC
1562,253238,BC,194.500,2239,2764,CS,OC
1563,245753,BC,194.500,2242,2007,EM,BC
1564,464930,OC,194.500,2245,1126,AD,OC
1565,457804,MBC,194.500,2246,1,EE,MBC
1566,406031,BC,194.500,2247,2006,EE,BC
1567,326915,MBC,194.500,2248,2007,EC,MBC
1568,470856,BC,194.500,2249,1,CE,OC
1569,210652,BC,194.500,2250,5008,CS,BC
1570,251794,BCM,194.500,2251,5008,CS,BCM
1571,350362,SC,194.500,2252,4,EC,SC
1572,384536,MBC,194.500,2253,1,CE,OC
1573,474790,OC,194.500,2255,4,EI,OC
1574,464986,MBC,194.500,2256,2377,EC,OC
1575,376446,BC,194.500,2259,5008,CM,OC
1576,447607,BC,194.500,2260,1399,CS,OC
1577,295673,MBC,194.500,2261,1399,CS,OC
1578,408274,OC,194.500,2262,2618,CS,OC
1579,459474,MBC,194.500,2263,2006,IM,MBC
1580,464521,MBC,194.500,2264,2739,AM,OC
1581,389888,BC,194.500,2266,2007,EM,BC
1582,209753,BC,194.500,2270,1399,CS,OC
1583,466143,BC,194.500,2270A,1,ME,OC
1584,341900,MBC,194.500,2270B,1,EE,MBC
1585,368751,SC,194.500,2271,4,CS,SC
1586,297431,BC,194.500,2272,2377,CS,OC
1587,337320,MBC,194.500,2275,5012,CC,MBC
1588,311018,BC,194.500,2276,2006,EE,BC
1589,452260,BC,194.500,2277,2377,CS,OC
1590,214110,BC,194.500,2279,1399,CS,OC
1591,387141,MBC,194.500,2280,1,CE,OC
1592,455158,MBC,194.500,2281,4,IM,MBC
1593,218040,BC,194.500,2282,2007,CM,OC
1594,241399,BC,194.500,2283,2377,CS,OC
1595,392417,BC,194.500,2284,2739,EC,OC
1596,339683,BC,194.500,2285,2005,EC,OC
1597,297328,BC,194.500,2286,2007,AT,OC
1598,413017,MBC,194.500,2287,2005,IT,OC
1599,434218,BC,194.500,2289,2007,CS,BC
1600,352733,MBC,194.500,2290,1,MA,OC
1601,204058,MBC,194.500,2291,2005,CS,OC
1602,407566,BC,194.500,2294,5008,EC,OC
1603,297043,MBC,194.500,2296,4,IM,MBC
1604,339957,BC,194.500,2297,2007,CS,BC
1605,346874,BC,194.500,2298,2764,CS,OC
1606,321361,BC,194.500,2299,2005,CS,OC
1607,208792,MBC,194.500,2300,2007,CS,MBC
1608,231177,BC,194.500,2302,2007,EM,BC
1609,443075,MBC,194.500,2303,4,AT,MBC
1610,268649,SC,194.500,2304,1,GI,OC
1611,202871,BC,194.500,2305,2007,CM,OC
1612,392347,MBC,194.500,2308,2006,EE,MBC
1613,274667,MBC,194.500,2309,2005,CS,OC
1614,287548,BC,194.500,2310,5008,CS,BC
1615,318033,BC,194.500,2312,2377,EC,OC
1616,307851,BC,194.500,2315,1399,EC,OC
1617,262098,SC,194.500,2316,1,EM,SC
1618,282834,MBC,194.500,2317,5012,CC,MBC
1619,238643,BC,194.500,2318,2005,AM,OC
1620,395236,BC,194.500,2320,4,EI,OC
1621,275200,MBC,194.500,2321,2377,CS,OC
1622,358184,BC,194.500,2322,2739,AD,OC
1623,304474,BC,194.500,2323,2005,EC,OC
1624,353391,BC,194.500,2324,1,ME,OC
1625,254420,MBC,194.500,2325,4,IM,MBC
1626,267038,BC,194.500,2326,2377,CS,OC
1627,419062,BC,194.500,2328,2377,CS,OC
1628,271266,BC,194.500,2329,2006,EE,BC
1629,309404,OC,194.500,2330,1399,EC,OC
1630,200062,BC,194.500,2331,5008,EM,OC
1631,468567,BC,194.500,2333,1399,CS,OC
1632,202196,BC,194.500,2334,1211,CS,OC
1633,369125,BC,194.500,2335,2377,CS,OC
1634,448066,BC,194.500,2337,2005,EC,OC
1635,243701,MBC,194.500,2338,4,AT,MBC
1636,363170,BC,194.500,2339,4,AE,OC
1637,465704,BC,194.500,2340,5008,EC,BC
1638,353876,BC,194.500,2343,5008,EC,BC
1639,300063,BC,194.500,2344,2764,CS,OC
1640,249444,BC,194.500,2345,5008,CM,OC
1641,363163,BC,194.500,2346,2739,CS,OC
1642,317462,MBC,194.500,2347,1211,CS,OC
1643,211975,MBC,194.500,2348,2006,EE,MBC
1644,323478,BC,194.500,2349,2007,EE,OC
1645,434384,MBC,194.500,2352,1,BY,OC
1646,293314,BC,194.500,2354,2005,EC,OC
1647,314028,BC,194.500,2357,1399,CS,OC
1648,233468,SC,194.500,2359,1,EM,SC
1649,398396,BCM,194.500,2360,1399,CS,OC
1650,318796,MBC,194.500,2362,2739,SC,OC
1651,490368,MBC,194.500,2363,5008,CS,MBC
1652,317600,BC,194.500,2364,5008,CS,BC
1653,296986,MBC,194.500,2367,2006,EY,OC
1654,329427,BC,194.500,2370,1399,AM,OC
1655,407672,MBC,194.500,2373,2007,EC,MBC
1656,459844,MBC,194.500,2374,2610,EC,OC
1657,237592,BC,194.500,2375,2739,EC,OC
1658,208136,BC,194.500,2377,4,EI,OC
1659,212717,BC,194.500,2379,1399,EC,OC
1660,368799,BC,194.500,2380,2007,EM,BC
1661,350654,MBC,194.500,2381,2005,EC,MBC
1662,362012,BC,194.500,2383,2007,CM,OC
1663,384040,BC,194.500,2385,2007,EM,BC
1664,222500,OC,194.500,2388,1,ME,OC
1665,365977,MBC,194.500,2389,1,EE,MBC
1666,209617,MBC,194.500,2391,4,AT,MBC
1667,291971,OC,194.500,2392,4,EI,OC
1668,407150,BC,194.500,2395,2377,CS,OC
1669,376409,MBC,194.500,2397,1399,SC,OC
1670,221668,BC,194.500,2398,1399,EC,OC
1671,476885,MBC,194.500,2399,2740,AD,OC
1672,468475,MBC,194.500,2400,1,EL,MBC
1673,447330,MBC,194.500,2402,1,ME,OC
1674,303092,BC,194.500,2404,4,EI,OC
1675,213385,BC,194.500,2405,4,EI,OC
1676,359873,BC,194.500,2407,1399,AM,OC
1677,340015,BC,194.500,2408,2005,CS,OC
1678,349768,BC,194.500,2409,4,EI,OC
1679,441372,MBC,194.500,2411,2007,EC,MBC
1680,219656,BC,194.500,2412,2377,EC,OC
1681,256635,BC,194.500,2414,5008,EC,BC
1682,359031,BC,194.500,2415,2739,EC,OC
1683,202295,OC,194.500,2417,1399,AM,OC
1684,323122,BC,194.500,2421,2764,CS,OC
1685,418836,BC,194.500,2422,5012,CC,BC
1686,220328,BC,194.500,2423,4,EI,OC
1687,397569,BC,194.500,2424,1399,CS,OC
1688,211689,BC,194.500,2426,2377,EC,OC
1689,214832,BC,194.500,2427,5008,CM,OC
1690,350842,BC,194.500,2428,2006,EE,BC
1691,400459,BC,194.500,2429,5008,CM,OC
1692,395733,BC,194.500,2432,4,EI,OC
1693,343314,MBC,194.500,2433,2025,AD,OC
1694,455366,MBC,194.500,2434,4,IM,MBC
1695,388263,BC,194.500,2436,2007,CM,OC
1696,395243,BC,194.500,2437,2,CH,OC
1697,250521,BC,194.500,2441,2377,CS,OC
1698,367313,BC,194.500,2442,2007,CM,OC
1699,397332,MBC,194.500,2443,1399,AD,OC
1700,470093,OC,194.500,2444,1126,EC,OC
1701,243100,BC,194.500,2445,2007,EM,BC
1702,407217,BC,194.500,2446,5008,CM,OC
1703,316762,BC,194.500,2447,1432,EC,OC
1704,300778,MBC,194.500,2448,1,EE,MBC
1705,210651,BC,194.500,2449,2377,EC,OC
1706,417003,OC,194.500,2450,1399,CS,OC
1707,348001,OC,194.500,2453,5008,EM,OC
1708,438263,SC,194.500,2454,1,ME,OC
1709,208904,BC,194.500,2456,5008,EC,BC
1710,488348,BC,194.500,2457,2377,AD,OC
1711,213886,SC,194.500,2458,4,CS,SC
1712,386659,BC,194.500,2459,1399,EC,OC
1713,368753,BC,194.500,2461,2377,EC,OC
1714,267919,MBC,194.500,2462,2006,IM,MBC
1715,341106,MBC,194.500,2464,2007,CM,OC
1716,338177,BC,194.500,2465,2377,CS,OC
1717,298557,BC,194.500,2465A,2005,AM,OC
1718,302830,BC,194.500,2466,1,IE,OC
1719,286646,MBC,194.500,2471,1,EE,MBC
1720,336369,BC,194.500,2472,2377,CS,BC
1721,207868,OC,194.500,2473,2007,CM,OC
1722,284796,BC,194.500,2474,2712,EC,OC
1723,341843,BC,194.500,2476,2006,EY,OC
1724,238563,BC,194.500,2477,2377,CS,BC
1725,397246,MBC,194.500,2478,1399,CS,OC
1726,401012,SC,194.500,2479,1431,EC,OC
1727,243840,BCM,194.333,2480,2718,CS,OC
1728,388795,BC,194.333,2481,1399,CS,OC
1729,232519,MBC,194.333,2482,2712,CS,OC
1730,292596,MBC,194.333,2483,1399,CS,OC
1731,478470,BC,194.333,2484,5008,CM,OC
1732,465308,BC,194.333,2485,1399,CS,OC
1733,488774,MBC,194.240,2486,1,EL,MBC
1734,391487,BC,194.000,2491,1399,CS,OC
1735,367807,MBC,194.000,2492,2006,EY,OC
1736,400626,BC,194.000,2494,2007,CM,OC
1737,355794,BC,194.000,2495,1399,CS,OC
1738,327543,SC,194.000,2496,2006,CM,SC
1739,435607,BC,194.000,2497,5008,EC,BC
1740,448470,BC,194.000,2500,2007,EE,OC
1741,278536,BC,194.000,2501,1,ME,OC
1742,251809,BC,194.000,2502,2706,EC,OC
1743,482861,BC,194.000,2504,2377,CS,BC
1744,218960,OC,194.000,2506,1,ME,OC
1745,414218,MBC,194.000,2507,2007,EC,MBC
1746,260767,BC,194.000,2509,2007,EM,BC
1747,335858,BC,194.000,2510,5008,EC,BC
1748,470221,BC,194.000,2512,5008,EM,OC
1749,400206,BC,194.000,2513,2377,EC,BC
1750,385214,BC,194.000,2515,5012,CC,BC
1751,331182,BC,194.000,2519,3804,AD,OC
1752,374020,BC,194.000,2521,1399,EC,OC
1753,417143,BC,194.000,2522,2007,EM,BC
1754,331145,MBC,194.000,2523,4,IM,MBC
1755,479236,BC,194.000,2524,2006,ME,OC
1756,384066,BC,194.000,2525,1211,AD,OC
1757,246379,BC,194.000,2528,1399,CS,OC
1758,425107,MBC,194.000,2529,2710,CS,OC
1759,341817,MBC,194.000,2530,1,MI,OC
1760,394240,MBC,194.000,2531,1216,CS,OC
1761,224768,BC,194.000,2532,1216,CS,OC
1762,210150,SC,194.000,2533,4,AT,SC
1763,219722,BC,194.000,2533A,2007,CM,OC
1764,380289,BC,194.000,2535,5008,EM,OC
1765,378436,MBC,194.000,2536,2007,CM,MBC
1766,370505,BC,194.000,2537,4,AE,OC
1767,366784,BC,194.000,2538,1432,CS,OC
1768,428125,MBC,194.000,2539,2006,CG,MBC
1769,274813,MBC,194.000,2540,2377,EC,MBC
1770,288010,MBC,194.000,2541,2377,EC,MBC
1771,201195,BCM,194.000,2542,1,EL,BCM
1772,293970,MBC,194.000,2543,1399,CS,OC
1773,436147,OC,194.000,2544,2712,EC,OC
1774,311859,MBC,194.000,2545,1399,CS,OC
1775,434687,MBC,194.000,2546,2007,CS,MBC
1776,256776,BCM,194.000,2549,1,EL,BCM
1777,206262,BC,194.000,2550,5901,CS,OC
1778,342369,BC,194.000,2551,1399,CS,OC
1779,378346,MBC,194.000,2552,4,IM,MBC
1780,493764,MBC,194.000,2553,2007,CS,MBC
1781,346523,MBC,194.000,2554,1,EL,MBC
1782,332357,BC,194.000,2555,1399,EC,OC
1783,254414,BC,194.000,2557,2739,EC,OC
1784,321336,BC,194.000,2558,2007,AT,OC
1785,500223,BC,194.000,2559,2656,SC,OC
1786,435129,BC,194.000,2560,2007,EE,OC
1787,247702,BC,194.000,2561,1211,CS,OC
1788,222948,BC,194.000,2562,5008,EC,BC
1789,324535,BC,194.000,2563,2620,EC,OC
1790,402049,MBC,194.000,2564,1,CE,OC
1791,378159,MBC,194.000,2565,4,IM,MBC
1792,438327,BC,194.000,2566,2005,EC,BC
1793,299577,BC,194.000,2568,2712,EC,OC
1794,336687,MBC,194.000,2569,5012,CC,MBC
1795,306981,SC,194.000,2571,2006,EC,SC
1796,380897,BC,194.000,2572,2739,CS,OC
1797,398613,BC,194.000,2573,4,RP,OC
1798,285944,BC,194.000,2574,2377,EC,BC
1799,417597,MBC,194.000,2575,2005,EC,MBC
1800,391611,BC,194.000,2577,2377,CS,BC
1801,228556,BC,194.000,2579,4,EI,OC
1802,294783,BC,194.000,2580,2377,CS,BC
1803,276874,BC,194.000,2581,2377,AD,OC
1804,209240,BC,194.000,2582,1399,CS,OC
1805,436358,SC,194.000,2583,1,IM,SC
1806,343385,BC,194.000,2587,2007,EE,OC
1807,377894,BC,194.000,2588,5012,CC,BC
1808,408410,MBC,194.000,2589,2006,EE,MBC
1809,381966,BC,194.000,2591,2007,CM,BC
1810,386700,BC,194.000,2592,2007,EE,OC
1811,452897,SC,194.000,2593,2006,CM,SC
1812,368097,BC,194.000,2594,2007,CM,BC
1813,498808,BC,194.000,2596,2745,EC,OC
1814,431693,BC,194.000,2597,2005,EC,BC
1815,327699,BC,194.000,2598,2739,AD,OC
1816,403142,BC,194.000,2599,2005,EC,BC
1817,334496,BC,194.000,2602,2377,EC,BC
1818,214575,BC,194.000,2604,4,AE,OC
1819,412748,BC,194.000,2608,1,GI,OC
1820,340433,BC,194.000,2609,1432,CS,OC
1821,369223,BC,194.000,2610,2739,CS,OC
1822,213350,MBC,194.000,2611,2007,CS,MBC
1823,407005,BC,194.000,2614,2007,CM,BC
1824,486642,SC,194.000,2615,3843,ME,OC
1825,339906,BC,194.000,2616,1,ME,OC
1826,259145,MBC,194.000,2618,2615,EC,OC
1827,430687,MBC,194.000,2619,2006,EE,MBC
1828,451574,MBC,194.000,2620,4,IM,MBC
1829,356782,BC,194.000,2621,2377,CS,BC
1830,332053,BC,194.000,2622,5008,CM,OC
1831,387237,SC,194.000,2623,1,EE,SC
1832,340943,BC,194.000,2624,1399,AD,OC
1833,360727,MBC,194.000,2625,1,EL,MBC
1834,436048,BC,194.000,2627,1399,CS,OC
1835,282080,BC,194.000,2628,2006,RA,OC
1836,461971,BC,194.000,2629,5008,EC,BC
1837,227120,BC,194.000,2632,2739,CS,OC
1838,290881,BC,194.000,2634,5008,EC,BC
1839,434164,BC,194.000,2635,2377,EC,BC
1840,388382,BC,194.000,2637,1399,EC,OC
1841,463116,MBC,194.000,2638,2007,EC,MBC
1842,421393,MBC,194.000,2640,4,AE,OC
1843,210454,MBC,194.000,2641,4,IM,MBC
1844,272958,BC,194.000,2645,2005,EC,BC
1845,299694,SC,194.000,2646,1,EM,SC
1846,270009,SC,194.000,2647,4,CS,SC
1847,261265,BCM,194.000,2649,1419,AD,OC
1848,457693,MBC,194.000,2650,2005,AM,OC
1849,228769,BC,194.000,2651,2005,EC,BC
1850,357951,BC,194.000,2652,1211,AD,OC
1851,454086,MBC,194.000,2653,4,EI,OC
1852,306634,SC,194.000,2654,1399,CS,OC
1853,345455,MBC,194.000,2657,2618,EC,OC
1854,290355,BCM,194.000,2658,4,IM,BCM
1855,470396,BC,194.000,2659,4,EI,OC
1856,318484,SC,194.000,2660,1,MI,OC
1857,271133,BC,194.000,2661,2764,CS,OC
1858,365555,BC,194.000,2663,4,RA,OC
1859,354048,BC,194.000,2665,2739,CS,OC
1860,293382,BC,194.000,2666,2005,CS,OC
1861,397767,MBC,194.000,2667,2007,EC,MBC
1862,496147,BC,194.000,2668,1399,CS,OC
1863,397591,BC,194.000,2669,2005,CS,OC
1864,317166,BC,194.000,2670,2005,EC,BC
1865,304074,MBC,194.000,2671,2750,CB,OC
1866,444958,BC,194.000,2672,4,EI,BC
1867,329211,BCM,194.000,2673,4,EM,BCM
1868,483493,MBC,194.000,2675,1432,CS,OC
1869,465026,MBC,194.000,2677,2006,IM,MBC
1870,255767,BCM,194.000,2678,1113,EC,OC
1871,455680,BCM,194.000,2682,2006,EC,BCM
1872,462283,MBC,194.000,2683,2006,ME,OC
1873,394437,BC,194.000,2684,2007,EM,BC
1874,303831,MBC,194.000,2689,2007,AT,OC
1875,267340,BCM,194.000,2689A,1450,CS,OC
1876,244010,BC,194.000,2691,1,ME,OC
1877,257058,BC,194.000,2692,2739,CS,OC
1878,282762,BCM,194.000,2693,1,ME,OC
1879,398673,BC,194.000,2696,2377,EC,BC
1880,211790,BC,194.000,2697,1,ME,OC
1881,370669,MBC,194.000,2699,1,CE,OC
1882,303335,BC,194.000,2701,2005,CS,OC
1883,331061,BC,194.000,2702,4,EI,BC
1884,394531,BC,194.000,2704,1,ME,OC
1885,280113,MBC,194.000,2705A,4,IM,MBC
1886,466535,BC,194.000,2706,1,GI,OC
1887,450665,MBC,194.000,2708,2739,EC,OC
1888,203859,BC,194.000,2709,2006,EY,OC
1889,454343,BCM,194.000,2711,1,CE,OC
1890,285802,BC,194.000,2713,2739,CS,OC
1891,244462,MBC,194.000,2714,4,IM,MBC
1892,320348,SC,194.000,2719A,2006,EC,SC
1893,261668,BCM,194.000,2720,1211,CS,OC
1894,231198,BCM,194.000,2721,2005,EC,BCM
1895,409306,BC,194.000,2723,2622,EC,OC
1896,260145,BC,194.000,2724,1399,CS,OC
1897,366350,BC,194.000,2725,2007,EE,OC
1898,338441,SC,194.000,2727,4,EC,SC
1899,234610,MBC,194.000,2728,1,CE,OC
1900,243902,MBC,194.000,2730,2377,CS,MBC
1901,483261,MBC,194.000,2731,2329,AD,OC
1902,396775,MBC,194.000,2732,1399,AD,OC
1903,332087,BC,194.000,2736,2007,CM,BC
1904,272110,BC,194.000,2737,1399,CS,OC
1905,263051,BC,194.000,2739,4,RA,OC
1906,363680,BC,194.000,2740,1399,CS,OC
1907,266152,BC,194.000,2741,4,EI,BC
1908,267592,MBC,194.000,2742,2007,EC,MBC
1909,441605,BC,194.000,2744,2329,AD,OC
1910,390406,BC,194.000,2746,1399,CS,OC
1911,237729,BC,194.000,2747,2005,CS,OC
1912,212473,BC,194.000,2748,4,EI,BC
1913,272878,MBC,194.000,2749,1399,CS,OC
1914,265469,BC,194.000,2751,1399,SC,OC
1915,221197,SCA,194.000,2753,4,CS,SCA
1916,394735,BC,194.000,2755,1399,CS,OC
1917,378845,BC,194.000,2756,1399,EC,OC
1918,414059,BC,194.000,2759,2710,CS,OC
1919,378779,BC,194.000,2761,1399,CS,OC
1920,240465,BC,194.000,2762,2006,EY,OC
1921,388021,BC,194.000,2763,2005,CS,OC
1922,219690,BC,194.000,2765,1,ME,OC
1923,322128,MBC,194.000,2768,2006,EE,MBC
1924,287128,MBC,194.000,2771,2006,IM,MBC
1925,342879,BC,194.000,2772,5008,EM,OC
1926,223503,BC,194.000,2773,2718,AD,OC
1927,363641,MBC,194.000,2774,1399,CS,OC
1928,396954,BC,194.000,2775,1399,SC,OC
1929,263309,BC,194.000,2776,2377,EC,BC
1930,400141,MBC,194.000,2778,1399,CS,OC
1931,293414,BC,194.000,2779,4,EI,BC
1932,280124,OC,194.000,2780,2,CH,OC
1933,212129,MBC,194.000,2781,5008,EC,MBC
1934,415167,BC,194.000,2782,1399,SC,OC
1935,424356,MBC,194.000,2783,5008,EC,MBC
1936,389190,BCM,194.000,2784,2006,EC,BCM
1937,418102,BC,194.000,2785,2007,CM,BC
1938,385265,MBC,194.000,2787,2006,EY,OC
1939,227337,BC,194.000,2790,2615,EC,OC
1940,448526,BCM,194.000,2791,2007,CM,BCM
1941,345844,MBC,194.000,2792,4,IM,MBC
1942,254784,BC,194.000,2793,2005,IT,OC
1943,221194,BC,194.000,2794,2377,CS,BC
1944,369347,MBC,194.000,2795,2006,EY,OC
1945,416018,MBC,194.000,2801,5008,EC,MBC
1946,405539,MBC,194.000,2802,2007,CM,MBC
1947,219091,OC,194.000,2803,1399,CS,OC
1948,276878,BC,194.000,2805,4,EI,BC
1949,382046,BC,194.000,2807,2377,AD,OC
1950,222712,BC,194.000,2808,4,AE,OC
1951,323649,BC,194.000,2812,2377,EC,BC
1952,269063,BC,194.000,2813,1399,CS,OC
1953,313518,MBC,194.000,2815,2739,EC,OC
1954,445232,MBC,194.000,2816,1,ME,OC
1955,419292,BC,194.000,2817,2007,CM,BC
1956,500226,MBC,194.000,2818,2377,CS,MBC
1957,208121,BC,194.000,2819,5008,EC,BC
1958,419148,MBC,194.000,2822,4,IM,MBC
1959,209984,MBC,194.000,2823,1,CE,OC
1960,218703,MBC,194.000,2826,1399,EC,OC
1961,446606,MBC,194.000,2827,1399,SC,OC
1962,332825,BC,194.000,2828,1216,CS,OC
1963,350317,BC,194.000,2831,1,ME,OC
1964,417917,MBC,194.000,2832,2007,CM,MBC
1965,477847,SC,194.000,2834,1,CE,SC
1966,277979,OC,194.000,2836,2007,AT,OC
1967,234228,OC,194.000,2837,2739,CS,OC
1968,355008,BC,194.000,2838,2006,EY,OC
1969,260342,BC,194.000,2839,1399,CS,OC
1970,227356,BC,194.000,2840,2377,CS,BC
1971,498357,SC,194.000,2842,3830,EC,OC
1972,347355,SC,194.000,2844,2006,ME,OC
1973,318051,BC,194.000,2845,2377,CS,BC
1974,399622,BC,194.000,2847,2354,AD,OC
1975,235502,BC,193.667,2852,2,CH,OC
1976,225997,MBC,193.667,2852A,1399,AD,OC
1977,201058,BC,193.500,2854,4,EI,BC
1978,345082,BC,193.500,2856,5008,CM,OC
1979,296285,BCM,193.500,2857,2006,EM,BCM
1980,288616,BC,193.500,2858,2005,AM,OC
1981,464714,MBC,193.500,2860,2005,EC,MBC
1982,386340,BC,193.500,2862,1399,EC,OC
1983,214792,BC,193.500,2864,4,RA,OC
1984,220642,BC,193.500,2866,1399,CS,OC
1985,235756,BC,193.500,2868,1,ME,OC
1986,299167,BC,193.500,2870,5008,EM,OC
1987,237197,BC,193.500,2872,5008,EC,BC
1988,272514,BC,193.500,2873,1,ME,OC
1989,255131,BC,193.500,2878,2739,SC,OC
1990,205041,BC,193.500,2880,2377,EC,BC
1991,288925,OC,193.500,2881,1399,AD,OC
1992,498462,BC,193.500,2883,2007,IM,OC
1993,350406,MBC,193.500,2884,2005,EE,OC
1994,396208,BC,193.500,2885,2739,EC,OC
1995,364535,MBC,193.500,2887,4,IM,MBC
1996,468020,BC,193.500,2888,2739,EC,OC
1997,354712,BC,193.500,2889,2377,CS,BC
1998,381191,BCM,193.500,2890,4,IM,BCM
1999,281117,MBC,193.500,2891,1,ME,OC
2000,274129,BC,193.500,2892,2007,AT,OC
2001,262867,BC,193.500,2893,2739,CS,OC
2002,330158,MBC,193.500,2896,4,EI,MBC
2003,219404,BC,193.500,2899,2739,EC,OC
2004,372348,BC,193.500,2900,1399,CS,OC
2005,289725,MBC,193.500,2901,4,EI,MBC
2006,289640,BC,193.500,2903,5012,CC,BC
2007,256636,MBC,193.500,2907,1399,CS,OC
2008,336877,BC,193.500,2908,4,EI,BC
2009,462371,BC,193.500,2910,2007,EE,OC
2010,339110,SCA,193.500,2912,1,CS,SCA
2011,375167,BC,193.500,2913,1399,CS,OC
2012,211805,BC,193.500,2914,2377,CS,BC
2013,312939,MBC,193.500,2915,2007,AT,OC
2014,288648,BC,193.500,2916,1399,CS,OC
2015,327665,MBC,193.500,2919,1399,CS,OC
2016,264833,BC,193.500,2920,4962,EC,OC
2017,231935,BC,193.500,2921,2005,AM,OC
2018,231790,BC,193.500,2922,2377,CS,BC
2019,308054,BC,193.500,2924,1399,EC,OC
2020,481050,BC,193.500,2926,2329,AD,OC
2021,383058,BC,193.500,2928,2377,EC,BC
2022,458923,OC,193.500,2929,1,ME,OC
2023,255683,BC,193.500,2930,2007,AT,OC
2024,350314,BC,193.500,2931,1,CE,BC
2025,433801,MBC,193.500,2932,4,IM,MBC
2026,347263,BC,193.500,2934,2007,CM,BC
2027,367719,BC,193.500,2936,5008,CM,OC
2028,246423,OC,193.500,2939,1399,EC,OC
2029,211809,SC,193.500,2941,4,CS,SC
2030,277983,BC,193.500,2942,2006,RA,OC
2031,215902,BC,193.500,2943,4,EI,BC
2032,378736,BC,193.500,2946,1,ME,OC
2033,438797,MBC,193.500,2947,2007,EC,MBC
2034,219170,BC,193.500,2948,5008,CM,OC
2035,452618,SC,193.500,2951,1,IM,SC
2036,368603,BC,193.500,2952,2005,AM,OC
2037,317576,BC,193.500,2953,2377,EC,BC
2038,213190,MBC,193.500,2955,5008,EE,OC
2039,206838,MBC,193.500,2956,1399,CS,OC
2040,318233,MBC,193.500,2957,5008,EC,MBC
2041,384811,BC,193.500,2958,2377,CS,BC
2042,334979,MBC,193.500,2959,2710,CS,OC
2043,358208,BC,193.500,2960,2653,AD,OC
2044,352775,OC,193.500,2961,1399,CS,OC
2045,327805,BC,193.500,2962,2739,CS,OC
2046,230875,MBC,193.500,2964,2005,EC,MBC
2047,254598,BC,193.500,2965,2007,CM,BC
2048,409793,BC,193.500,2966,2007,IM,OC
2049,377183,BC,193.500,2969,2712,CS,OC
2050,425169,MBC,193.500,2971,2739,EC,OC
2051,373025,BC,193.500,2973,1399,CS,OC
2052,360890,BC,193.500,2975,2377,CS,BC
2053,239194,BC,193.500,2976,1211,IT,OC
2054,406004,BC,193.500,2977,2739,CS,OC
2055,270212,BC,193.500,2978,5008,EM,OC
2056,203687,OC,193.500,2979,2006,EY,OC
2057,321162,BC,193.500,2981,4,EI,BC
2058,239854,SC,193.500,2982,2006,CM,SC
2059,325899,BC,193.500,2985,4,AE,OC
2060,341084,BC,193.500,2985A,2006,EY,BC
2061,230146,BC,193.500,2986,1399,CS,OC
2062,309852,BC,193.500,2987,1,BY,OC
2063,452112,BC,193.500,2990,5012,CC,BC
2064,239382,BC,193.500,2991,1,ME,OC
2065,294560,SC,193.500,2992,1,CE,SC
2066,364684,OC,193.500,2993,1432,CS,OC
2067,230715,BC,193.500,2994,2005,IT,OC
2068,441316,BCM,193.500,2995,2006,EM,BCM
2069,444590,BC,193.500,2996,4,EI,BC
2070,322090,BC,193.500,2998,5008,EM,OC
2071,393694,BC,193.500,2999,2006,RA,OC
2072,376200,BC,193.500,3000,1399,SC,BC
2073,335563,SC,193.500,3001,1,IM,SC
2074,262040,OC,193.500,3002,2006,ME,OC
2075,473107,MBC,193.500,3004,1399,CS,OC
2076,221969,BC,193.500,3007,1399,EC,OC
2077,252756,BC,193.500,3008,2377,CS,BC
2078,408477,MBC,193.500,3009,1399,CS,OC
2079,364718,BC,193.500,3016,2005,EC,BC
2080,203252,BC,193.500,3017,5008,CG,OC
2081,320592,MBC,193.500,3018,2377,CS,MBC
2082,291686,BC,193.500,3020,1399,CS,OC
2083,365314,MBC,193.500,3021,2712,CS,OC
2084,292659,BC,193.500,3024,2377,CS,BC
2085,234791,BC,193.500,3025,1,ME,BC
2086,387735,BC,193.500,3026,2005,CS,OC
2087,267167,SC,193.500,3027,4,CS,SC
2088,283449,MBC,193.500,3030,2005,EC,MBC
2089,362771,MBC,193.500,3031,2712,BT,OC
2090,429613,BC,193.500,3032,5008,CM,OC
2091,347929,BC,193.500,3033,5008,CG,OC
2092,326891,MBC,193.500,3034,4,AE,MBC
2093,220510,BC,193.500,3035,1399,CS,OC
2094,369197,MBC,193.500,3037,1,ME,MBC
2095,233837,BC,193.500,3038,2739,CS,OC
2096,438633,MBC,193.500,3039,2615,CS,OC
2097,351888,BC,193.500,3040,1399,CS,OC
2098,291367,BC,193.500,3041,2377,EC,BC
2099,320332,BC,193.500,3042,2005,IT,OC
2100,309770,BC,193.500,3045,1399,CS,OC
2101,391140,BCM,193.500,3046,1,CE,BCM
2102,304435,BC,193.500,3047,2377,CS,BC
2103,344779,MBC,193.500,3048,1399,CS,OC
2104,251685,MBC,193.500,3049,2006,IM,MBC
2105,266321,MBC,193.500,3050,2007,CS,MBC
2106,229848,BC,193.500,3051,1399,EC,OC
2107,315084,OC,193.500,3054,1,IE,OC
2108,250590,BC,193.500,3055,2377,CS,BC
2109,341292,BC,193.500,3056,5008,CE,OC
2110,358785,BC,193.500,3057,2005,CS,BC
2111,338808,BC,193.500,3058,2377,CS,BC
2112,374343,BC,193.500,3059,1399,EC,OC
2113,221751,BC,193.500,3062,2712,EC,OC
2114,395221,MBC,193.500,3063,1399,CS,OC
2115,360973,BC,193.500,3064,2712,CS,OC
2116,244134,BC,193.500,3065,1,CE,BC
2117,329524,BC,193.500,3066,2739,CS,OC
2118,310838,MBC,193.500,3069,2712,EC,OC
2119,402289,BCM,193.500,3070,4,EM,BCM
2120,424054,BC,193.500,3071,2712,EC,OC
2121,349723,BC,193.500,3072,2377,EC,BC
2122,333613,MBC,193.500,3075,2377,CS,MBC
2123,354058,BC,193.500,3076,2377,EC,BC
2124,227920,OC,193.500,3077,1399,CS,OC
2125,386150,MBC,193.500,3078,2005,CS,MBC
2126,321552,BC,193.500,3083,2006,EY,BC
2127,452461,BC,193.500,3084,2007,EE,OC
2128,348288,BC,193.500,3085,2006,CE,OC
2129,452035,BC,193.500,3087,4,RA,OC
2130,347993,SC,193.500,3088,1,EM,SC
2131,446275,OC,193.500,3092,2739,CS,OC
2132,234680,BC,193.500,3093,1211,CS,OC
2133,315295,BC,193.500,3094,5008,CM,OC
2134,394569,MBC,193.500,3095,2712,CS,OC
2135,344011,BC,193.500,3096,4,EI,BC
2136,352711,MBC,193.500,3097,4,IM,MBC
2137,470404,BC,193.500,3098,2329,SC,OC
2138,335619,BC,193.500,3099,1,ME,BC
2139,434230,BC,193.500,3102,2007,IM,OC
2140,421482,BC,193.500,3103,2377,EC,BC
2141,228068,BC,193.500,3105,2007,AT,OC
2142,295865,BC,193.500,3106,2710,CS,OC
2143,277815,OC,193.500,3108,2007,EE,OC
2144,482444,BC,193.500,3109,1126,AD,OC
2145,365383,BC,193.500,3110,1,ME,BC
2146,423169,BC,193.500,3112,1399,EC,OC
2147,368362,BC,193.500,3113,2005,EC,BC
2148,395588,BC,193.500,3114,5008,EM,OC
2149,476837,BC,193.500,3117,2329,AD,OC
2150,460337,MBC,193.500,3118,2007,EC,MBC
2151,393104,BC,193.500,3120,1399,CS,OC
2152,216094,BC,193.500,3121,2007,CM,BC
2153,210668,BC,193.500,3122,2712,CS,OC
2154,221578,BC,193.500,3123,1399,EC,OC
2155,442914,OC,193.500,3124,2718,CS,OC
2156,223683,BC,193.500,3126,2007,CM,BC
2157,234400,BC,193.500,3127,5008,EM,OC
2158,498560,BC,193.500,3128,4,EI,BC
2159,314863,MBC,193.500,3129,1,CE,MBC
2160,433707,MBC,193.500,3130,1399,AD,OC
2161,450958,BC,193.500,3131,2712,EC,OC
2162,400785,MBC,193.500,3132,1399,CS,OC
2163,327488,BC,193.500,3133,1,BY,OC
2164,255945,MBC,193.500,3134,2007,CS,MBC
2165,379411,BC,193.500,3136,4,EI,BC
2166,267090,BC,193.500,3136A,2007,EE,OC
2167,418663,BCM,193.500,3137,1211,AL,OC
2168,293270,BC,193.500,3138,2007,IM,OC
2169,324495,BC,193.500,3140,1399,CS,OC
2170,279745,BC,193.500,3141,2005,IT,OC
2171,494203,BCM,193.500,3142,2622,AM,OC
2172,229967,BC,193.500,3144,5008,CM,OC
2173,299336,BC,193.500,3147,1216,CS,OC
2174,231594,MBC,193.500,3150,4,IM,MBC
2175,394093,BC,193.500,3154,2007,CM,BC
2176,298986,MBC,193.500,3159A,4,IM,MBC
2177,221598,BC,193.500,3160,2,CH,OC
2178,392543,SC,193.500,3162,2006,CM,SC
2179,366142,BC,193.500,3163,1,ME,BC
2180,215033,MBC,193.500,3164,2006,IM,MBC
2181,401209,ST,193.500,3165,1,ME,ST
2182,348704,MBC,193.500,3166,1399,AM,OC
2183,434577,BC,193.500,3167,5008,CG,OC
2184,301319,SC,193.500,3170,1,IM,SC
2185,206063,BC,193.500,3171,4,EI,BC
2186,392476,BC,193.500,3172,1,CE,BC
2187,381022,BC,193.500,3174,2007,CM,BC
2188,264314,BC,193.500,3177,2377,EC,BC
2189,210010,MBC,193.500,3178,2377,EC,MBC
2190,379640,BCM,193.500,3179,1,BY,OC
2191,226322,BC,193.500,3180,1399,EC,OC
2192,320743,BC,193.500,3181,1399,EC,OC
2193,281894,BC,193.500,3182,2712,CS,OC
2194,201208,BC,193.500,3183,2007,CM,BC
2195,354386,SC,193.500,3187,1,EM,SC
2196,365903,BC,193.500,3190,2005,EC,BC
2197,308997,BC,193.500,3191,2007,IM,OC
2198,233270,MBC,193.500,3193,2007,CS,MBC
2199,263089,BC,193.500,3194,2739,CS,OC
2200,429471,BC,193.500,3195,2377,CS,BC
2201,327501,MBC,193.500,3196,2006,EY,MBC
2202,386144,MBC,193.500,3197,5008,CS,MBC
2203,279466,BC,193.500,3198,1399,IT,OC
2204,349417,MBC,193.500,3201,2006,EY,MBC
2205,469909,BC,193.500,3204,2377,CS,BC
2206,373322,BC,193.500,3206,1399,EC,OC
2207,370288,MBC,193.500,3207,2005,EC,MBC
2208,258239,BC,193.500,3209,1,CE,BC
2209,221693,OC,193.500,3212,4,RA,OC
2210,408183,BC,193.500,3215,1399,CS,OC
2211,453460,BCM,193.500,3216,1,EE,BCM
2212,207527,BC,193.500,3217,1432,EC,OC
2213,333121,BC,193.500,3220,2007,EE,OC
2214,351455,MBC,193.500,3223,5012,CC,MBC
2215,372687,BC,193.500,3224,1399,CS,OC
2216,293707,OC,193.500,3225,1399,CS,OC
2217,226382,BC,193.500,3226,2377,EC,BC
2218,204783,BC,193.500,3230,4,EI,BC
2219,339728,BC,193.500,3232,5008,CM,OC
2220,419229,BC,193.500,3238,2007,EE,OC
2221,225465,BC,193.333,3240,2007,CM,BC
2222,428244,SC,193.333,3241,4,CM,SC
2223,204922,OC,193.333,3242,1399,CS,OC
2224,443564,SC,193.000,3244,2006,CM,SC
2225,423366,BC,193.000,3250,2005,CS,BC
2226,362095,BC,193.000,3251,2007,CM,BC
2227,252916,MBC,193.000,3252,2369,CE,OC
2228,257712,BC,193.000,3253,2712,EC,OC
2229,217658,SC,193.000,3254,2006,CM,SC
2230,309810,MBC,193.000,3255,3425,EC,OC
2231,245197,BC,193.000,3256,2377,AD,OC
2232,346049,OC,193.000,3258,1,GI,OC
2233,447634,BC,193.000,3259,1399,CS,OC
2234,453595,BC,193.000,3261,2377,EC,BC
2235,479139,MBC,193.000,3263,1,ME,MBC
2236,330069,BC,193.000,3264,2007,CM,BC
2237,354009,OC,193.000,3266,2,CH,OC
2238,353687,BC,193.000,3268,2377,EC,BC
2239,298129,BC,193.000,3272,3830,CS,OC
2240,285418,BCM,193.000,3275,2005,EC,BCM
2241,414765,BC,193.000,3276,2712,EC,OC
2242,388557,MBC,193.000,3277,2007,EM,MBC
2243,394731,BC,193.000,3278,2007,CM,BC
2244,228369,BC,193.000,3279,4,EI,BC
2245,295305,MBC,193.000,3281,2007,CS,MBC
2246,458739,BC,193.000,3282,5901,CS,OC
2247,392381,MBC,193.000,3283,1,ME,MBC
2248,407890,BC,193.000,3284,3011,CS,OC
2249,287243,OC,193.000,3286,1399,CS,OC
2250,255789,MBC,193.000,3287,1399,CS,OC
2251,220673,BC,193.000,3290,5008,EM,OC
2252,327133,BC,193.000,3291,2618,CS,OC
2253,218042,BC,193.000,3293,5012,CC,BC
2254,357776,SCA,193.000,3294,4,CS,SCA
2255,326709,BC,193.000,3295,1399,CS,OC
2256,219504,BC,193.000,3296,2712,CS,OC
2257,297372,BC,193.000,3297,2006,IY,OC
2258,316041,BC,193.000,3299,2764,AM,OC
2259,352617,BC,193.000,3300,2007,CM,BC
2260,279239,MBC,193.000,3301,2007,CS,MBC
2261,465186,OC,193.000,3304,1126,AD,OC
2262,449333,BC,193.000,3305,2005,EC,BC
2263,368545,BC,193.000,3306,2377,AD,OC
2264,448488,BC,193.000,3308,2377,CS,BC
2265,369724,BC,193.000,3309,5008,EM,OC
2266,342975,BC,193.000,3311,2007,CM,BC
2267,350794,BC,193.000,3312,1,ME,BC
2268,246630,BC,193.000,3313,2007,CM,BC
2269,246499,BC,193.000,3314,1211,EC,OC
2270,498282,BC,193.000,3315,2005,AM,OC
2271,377787,MBC,193.000,3316,1399,EC,OC
2272,404970,MBC,193.000,3317,2007,EC,MBC
2273,439301,MBC,193.000,3318,1216,CS,OC
2274,205748,BC,193.000,3319,2006,EY,BC
2275,388783,BC,193.000,3321,2005,IT,OC
2276,317140,MBC,193.000,3322,1399,CS,OC
2277,417134,BC,193.000,3323,5008,EM,OC
2278,341128,BC,193.000,3324,1,CE,BC
2279,329993,BC,193.000,3325,2006,EY,BC
2280,322614,BC,193.000,3327,1399,EC,OC
2281,282165,BC,193.000,3330,2007,EL,OC
2282,347270,SC,193.000,3332,1399,CS,OC
2283,362296,BC,193.000,3333,1211,CS,OC
2284,268866,OC,193.000,3334,5008,CM,OC
2285,261768,BC,193.000,3336,1399,CS,OC
2286,366440,BC,193.000,3337,2377,EC,BC
2287,243956,OC,193.000,3338,4,RA,OC
2288,214851,OC,193.000,3339,2007,IM,OC
2289,286108,BC,193.000,3340,2007,AT,BC
2290,327457,BC,193.000,3341,2,CH,OC
2291,329194,BC,193.000,3342,2377,EC,BC
2292,349246,BC,193.000,3345,5008,EM,OC
2293,284575,BC,193.000,3346,2007,IM,OC
2294,379923,BC,193.000,3347,2005,IT,OC
2295,354262,BC,193.000,3357,2005,AM,OC
2296,429380,MBC,193.000,3358,2739,CS,OC
2297,203099,BC,193.000,3359,1399,CS,OC
2298,231816,BC,193.000,3360,1,CE,BC
2299,240905,BC,193.000,3361,2377,EC,BC
2300,237578,BC,193.000,3361A,1399,CS,OC
2301,315320,BC,193.000,3362,4974,CS,OC
2302,243084,BCM,193.000,3363,1399,CS,OC
2303,410555,BC,193.000,3365,1399,EC,OC
2304,235401,MBC,193.000,3368,1399,EC,OC
2305,448115,BC,193.000,3370,2377,AD,OC
2306,255341,BC,193.000,3371,1399,CS,OC
2307,232112,MBC,193.000,3372,1399,CS,OC
2308,297726,MBC,193.000,3375,1399,CS,OC
2309,272916,SCA,193.000,3378,2006,EC,SCA
2310,253855,BC,193.000,3380,2006,EY,BC
2311,438335,BC,193.000,3383,2739,CS,OC
2312,306183,BC,193.000,3384,1211,EC,OC
2313,230469,BC,193.000,3385,2005,CS,BC
2314,282714,BC,193.000,3386,5008,CM,OC
2315,329918,BC,193.000,3388,1399,EC,OC
2316,289206,SC,193.000,3390,1,EM,SC
2317,431490,BC,193.000,3391,2005,AM,OC
2318,228203,BC,193.000,3392,5012,CC,BC
2319,350035,BC,193.000,3393,2006,EY,BC
2320,434610,MBC,193.000,3394,2007,CM,MBC
2321,319476,BC,193.000,3395,5008,EM,OC
2322,304746,BC,193.000,3396,2005,IT,OC
2323,307378,BC,193.000,3398,2006,EY,BC
2324,358432,MBC,193.000,3400,2377,CS,MBC
2325,210232,BC,193.000,3401,2007,IM,OC
2326,217662,BC,193.000,3403,2006,ME,OC
2327,360230,MBC,193.000,3404,2005,CS,MBC
2328,446550,MBC,193.000,3406,2377,EC,MBC
2329,451533,BC,193.000,3408,5008,EM,OC
2330,394643,BCM,193.000,3409,1399,AM,OC
2331,348528,BC,193.000,3410,1399,EC,OC
2332,315819,BC,193.000,3411,2712,CS,OC
2333,210814,BCM,193.000,3412,1399,EC,OC
2334,342931,BC,193.000,3413,2653,CS,OC
2335,320657,BC,193.000,3414,5008,EM,OC
2336,360963,MBC,193.000,3417,5008,CS,MBC
2337,230691,BC,193.000,3418,1399,CS,OC
2338,355240,BC,193.000,3419,4,RA,BC
2339,429393,MBC,193.000,3420,1399,EC,OC
2340,340817,MBC,193.000,3421,5008,CS,MBC
2341,459684,BC,193.000,3422,2005,CS,BC
2342,268376,MBC,193.000,3423,2007,AT,MBC
2343,371263,BCM,193.000,3425,2007,EC,BCM
2344,308222,MBC,193.000,3426,1,ME,MBC
2345,341556,OC,193.000,3427,1304,EC,OC
2346,318060,MBC,193.000,3428,2377,CS,MBC
2347,338803,BCM,193.000,3430,2007,EC,BCM
2348,306720,BC,193.000,3432,2712,AD,OC
2349,392860,BC,193.000,3436,5008,CM,OC
2350,374385,SC,193.000,3437,4,AT,SC
2351,213602,BC,193.000,3440,2739,SC,OC
2352,217194,BC,193.000,3441,1399,CS,OC
2353,216924,MBC,193.000,3442,4,EI,MBC
2354,370895,BC,193.000,3444,2377,CS,BC
2355,397274,BC,193.000,3445,2006,EY,BC
2356,368387,BC,193.000,3447,2712,EC,OC
2357,462128,BC,193.000,3450,2377,CS,BC
2358,371405,BC,193.000,3451,4,RA,BC
2359,341661,BC,193.000,3452,2377,CS,BC
2360,208083,BC,193.000,3456,2712,AD,OC
2361,287563,MBC,193.000,3457,1,ME,MBC
2362,365441,MBC,193.000,3458,4,EI,MBC
2363,494266,BC,193.000,3459,2622,AM,OC
2364,266578,OC,193.000,3460,1,XM,OC
2365,436170,MBC,193.000,3462,2005,CS,MBC
2366,215837,BC,193.000,3463,1211,EC,OC
2367,278756,BC,193.000,3466,2712,EC,OC
2368,257733,MBC,193.000,3468,2377,EC,MBC
2369,455171,BC,193.000,3470,5008,CM,OC
2370,483036,BC,193.000,3471,2776,SC,OC
2371,242922,SC,193.000,3472,2006,EC,SC
2372,377043,BCM,193.000,3473,1399,CS,OC
2373,425221,BC,193.000,3474,2005,CS,BC
2374,447026,MBC,193.000,3475,5008,CS,MBC
2375,464056,MBC,193.000,3477,1399,CS,OC
2376,386398,BC,193.000,3478,2377,CS,BC
2377,430996,MBC,193.000,3479,1399,AD,OC
2378,344132,BC,193.000,3481,1516,CS,OC
2379,320721,BC,193.000,3482,1304,CB,OC
2380,470022,MBC,193.000,3483,2005,AM,OC
2381,392788,BC,193.000,3485,2377,CS,BC
2382,221721,BC,193.000,3486,2007,EL,OC
2383,220208,BC,193.000,3487,5008,CM,OC
2384,286035,MBC,193.000,3488,2007,AT,MBC
2385,221452,BC,193.000,3490,1399,CS,OC
2386,320713,BC,193.000,3491,2005,EC,BC
2387,220119,MBC,193.000,3492,1399,EC,MBC
2388,213687,OC,193.000,3494,2712,AD,OC
2389,248220,MBC,193.000,3495,1399,CS,OC
2390,445110,MBC,193.000,3496,1399,CS,OC
2391,471823,BC,193.000,3498,2764,AM,OC
2392,245042,BC,193.000,3499,1399,EC,BC
2393,353567,BC,193.000,3505,2006,ME,OC
2394,255141,MBC,193.000,3506,2007,EE,OC
2395,290464,MBC,193.000,3510,1399,EC,MBC
2396,398311,BC,193.000,3511,2377,AD,OC
2397,478446,MBC,193.000,3515,2750,EE,OC
2398,282441,BC,193.000,3516,5008,CM,OC
2399,355140,BC,193.000,3517,2,CH,OC
2400,441734,BC,193.000,3518,1399,CS,OC
2401,353840,BC,193.000,3519,2608,AM,OC
2402,410301,BC,193.000,3520,1399,CS,OC
2403,371026,MBC,193.000,3521,1399,CS,OC
2404,367024,MBC,193.000,3522,2006,EY,MBC
2405,438747,BC,193.000,3523,5008,CM,OC
2406,343012,BC,193.000,3525,2377,EC,BC
2407,456181,MBC,193.000,3526,1432,CS,OC
2408,335791,BC,193.000,3527,4,RA,BC
2409,209206,BC,193.000,3528,1399,EC,BC
2410,378562,OC,193.000,3529,4,AU,OC
2411,474475,BC,193.000,3530,2006,EY,BC
2412,264343,MBC,193.000,3531,2739,CS,OC
2413,338499,BC,193.000,3532,2739,EC,OC
2414,290570,BC,193.000,3534,1399,EC,BC
2415,364249,MBC,193.000,3536,2007,AT,MBC
2416,351295,OC,193.000,3540,2712,CS,OC
2417,386546,BC,193.000,3541,1,ME,BC
2418,479689,OC,193.000,3542,2712,EC,OC
2419,363087,MBC,193.000,3543,1399,AD,OC
2420,300489,SC,193.000,3544,2615,CS,OC
2421,290144,BC,193.000,3547,2712,CS,OC
2422,353530,BC,193.000,3548,2712,CS,OC
2423,426958,MBC,193.000,3550,1399,AD,OC
2424,243282,MBC,193.000,3553,5008,EC,MBC
2425,310042,BC,193.000,3554,2006,RA,OC
2426,350648,BC,193.000,3555,1113,EC,OC
2427,281344,BC,193.000,3556,1,ME,BC
2428,358284,BC,193.000,3558,2007,EE,OC
2429,227634,BC,193.000,3559,2377,EC,BC
2430,400854,MBC,193.000,3560,1399,CS,OC
2431,307547,BC,193.000,3561,2005,IT,OC
2432,293682,BC,193.000,3563,2005,IT,OC
2433,247042,OC,193.000,3564,1113,CS,OC
2434,246308,BC,193.000,3567,5008,EM,OC
2435,312411,BC,193.000,3569,2750,EC,OC
2436,357051,BC,193.000,3571,2007,IM,OC
2437,325512,BC,193.000,3573,2007,EE,OC
2438,374022,MBC,193.000,3574,1,CE,MBC
2439,379329,MBC,193.000,3575,2710,EC,OC
2440,318997,BC,193.000,3578,2005,EC,BC
2441,388527,MBC,193.000,3579,1432,EC,OC
2442,293545,MBC,193.000,3580,2706,SC,OC
2443,378904,BC,193.000,3581,1399,EC,BC
2444,475076,BC,193.000,3582,1399,CS,OC
2445,346805,MBC,193.000,3583,2764,EC,OC
2446,328129,BC,193.000,3584,2739,EC,OC
2447,365787,BC,193.000,3587,2007,AT,BC
2448,447267,MBC,193.000,3588,1126,EC,OC
2449,251845,BC,193.000,3589,5008,CM,BC
2450,449583,BC,193.000,3591,5008,EM,OC
2451,266240,BC,193.000,3593,1399,CS,OC
2452,231787,BC,193.000,3594,1399,CS,OC
2453,361342,BC,193.000,3595,1,ME,BC
2454,435554,BC,193.000,3596,2329,AM,OC
2455,304207,BC,193.000,3598,2007,EE,OC
2456,224390,BC,193.000,3599,1,ME,BC
2457,306724,BC,193.000,3602,2377,AD,OC
2458,387662,BC,193.000,3604,2007,EE,OC
2459,353631,MBC,193.000,3607,2377,CS,MBC
2460,494189,BC,193.000,3610,2622,AM,OC
2461,320152,BC,193.000,3611,1399,CS,OC
2462,341284,BC,193.000,3612,2007,EL,OC
2463,338945,BC,193.000,3613,1211,CS,OC
2464,264180,BC,193.000,3615,2739,CS,OC
2465,420959,BC,193.000,3616,2005,CS,BC
2466,226785,BC,193.000,3618,2006,ME,OC
2467,214722,BC,193.000,3619,1399,CS,OC
2468,363629,OC,193.000,3620,1399,IT,OC
2469,329567,MBC,193.000,3623,2712,EC,OC
2470,345205,SC,193.000,3624,1399,CS,OC
2471,279433,BC,193.000,3625,5008,EM,OC
2472,384428,BC,193.000,3628,2377,EC,BC
2473,316088,MBC,193.000,3630,1399,AD,OC
2474,216343,MBC,193.000,3631,5008,CS,MBC
2475,425227,BC,193.000,3633,1216,AD,OC
2476,431970,MBC,193.000,3636,1,ME,MBC
2477,295569,BC,193.000,3638,2739,CS,OC
2478,419385,BC,193.000,3646,2377,EV,OC
2479,477647,OC,192.667,3648,1399,EV,OC
2480,223741,BC,192.667,3649,1399,CS,OC
2481,355371,OC,192.667,3650,1211,CS,OC
2482,224758,MBC,192.667,3651,2007,AT,MBC
2483,235757,BCM,192.667,3652,2007,CM,BCM
2484,416094,BC,192.667,3652A,1399,CS,OC
2485,219494,BC,192.667,3654,2,CH,OC
2486,341423,BC,192.500,3657,2007,AT,BC
2487,244528,MBC,192.500,3660,2007,EM,MBC
2488,324488,BC,192.500,3662,5008,EM,OC
2489,214230,BC,192.500,3664,5008,EE,OC
2490,360530,BC,192.500,3665,2005,AM,OC
2491,415803,MBC,192.500,3668,2005,CS,MBC
2492,370633,MBC,192.500,3669,1399,CS,OC
2493,335155,SCA,192.500,3670,1,EC,SCA
2494,393663,BC,192.500,3671,1399,CS,OC
2495,435652,BC,192.500,3672,1399,CS,OC
2496,423298,OC,192.500,3673,5008,CG,OC
2497,329350,BC,192.500,3674,1211,BT,OC
2498,314136,BC,192.500,3675,2706,AD,OC
2499,336758,BC,192.500,3677,2,CH,OC
2500,228107,BCM,192.500,3678,1210,EC,OC
2501,210303,BC,192.500,3679,1399,CS,OC
2502,342621,SC,192.500,3680,4,EC,SC
2503,498108,MBC,192.500,3682,2006,EY,MBC
2504,275261,BC,192.500,3683,1399,EC,BC
2505,215346,BC,192.500,3685,1399,CS,BC
2506,268695,SC,192.500,3687,4,CM,SC
2507,435337,MBC,192.500,3688,2007,EM,MBC
2508,407946,BC,192.500,3689,2377,CS,BC
2509,368069,BC,192.500,3690,2377,AD,OC
2510,220081,BC,192.500,3691,2739,CS,OC
2511,236813,MBC,192.500,3692,1211,CS,OC
2512,445577,BC,192.500,3693,2005,EE,OC
2513,370128,BCM,192.500,3694,2025,CS,OC
2514,358639,BC,192.500,3695,2005,CS,BC
2515,476083,BC,192.500,3696,1,ME,BC
2516,207894,OC,192.500,3699,2712,EC,OC
2517,228465,OC,192.500,3700,4974,CS,OC
2518,351371,BC,192.500,3701,1,CE,BC
2519,336094,MBC,192.500,3703,2739,CS,OC
2520,279367,BC,192.500,3704,2377,AD,OC
2521,231521,BC,192.500,3705,2005,IT,OC
2522,333936,BC,192.500,3707,2739,EC,OC
2523,216258,BC,192.500,3708,1,ME,BC
2524,465074,BCM,192.500,3709,1,EE,BCM
2525,231574,BC,192.500,3711,5008,CM,BC
2526,220207,OC,192.500,3712,2712,EC,OC
2527,332665,BC,192.500,3713,1432,CS,OC
2528,201771,BC,192.500,3714,1399,EC,BC
2529,429633,BC,192.500,3715,2622,CS,OC
2530,223222,BC,192.500,3716,2377,CS,BC
2531,217272,BC,192.500,3717,1432,SC,OC
2532,358906,MBC,192.500,3720,1399,CS,MBC
2533,231035,BC,192.500,3721,2377,AD,OC
2534,349365,BC,192.500,3722,5901,CE,OC
2535,200890,MBC,192.500,3723,5008,EC,MBC
2536,383533,BC,192.500,3725,2377,CS,BC
2537,347952,BC,192.500,3726,2377,EE,OC
2538,271436,MBC,192.500,3727,2006,EY,MBC
2539,216915,BC,192.500,3728,1211,CS,OC
2540,234931,OC,192.500,3732,5008,IM,OC
2541,304328,BC,192.500,3735,1,ME,BC
2542,363837,BC,192.500,3738,2005,IT,OC
2543,280228,MBC,192.500,3739,2007,CM,MBC
2544,392759,BC,192.500,3742,1432,CS,OC
2545,291766,BC,192.500,3743,2377,CS,BC
2546,360190,BC,192.500,3744,2377,AD,OC
2547,285337,MBC,192.500,3746,1399,CS,MBC
2548,392810,BC,192.500,3750,1399,EC,BC
2549,383588,BC,192.500,3752,1399,AM,OC
2550,369747,OC,192.500,3753,2377,AD,OC
2551,286906,BC,192.500,3754,2007,EL,OC
2552,308399,BC,192.500,3755,2007,AT,BC
2553,349961,BC,192.500,3757,1399,CS,BC
2554,223345,BC,192.500,3758,1399,CS,BC
2555,337552,BC,192.500,3759,1,ME,BC
2556,488593,SC,192.500,3761,4,EC,SC
2557,298694,SC,192.500,3763,4,AT,SC
2558,229331,BC,192.500,3765,2712,CS,OC
2559,245740,MBC,192.500,3766,2005,EI,OC
2560,218784,BC,192.500,3767,1211,CS,OC
2561,416747,BC,192.500,3768,2377,EC,BC
2562,237786,BC,192.500,3769,5008,EM,OC
2563,262928,BC,192.500,3770,2006,IY,OC
2564,222145,BC,192.500,3772,1211,EC,OC
2565,216346,BC,192.500,3773,2007,AT,BC
2566,436639,BC,192.500,3774,2005,EE,OC
2567,230723,BC,192.500,3776,1399,CS,BC
2568,398048,OC,192.500,3778,1432,CS,OC
2569,320553,BC,192.500,3779,2764,CS,OC
2570,360563,BC,192.500,3780,1,ME,BC
2571,279171,MBC,192.500,3781,2006,EY,MBC
2572,426830,BC,192.500,3782,2377,CS,BC
2573,344425,BC,192.500,3783,1,CE,BC
2574,339163,SC,192.500,3785,1,EM,SC
2575,347566,BC,192.500,3787,2,CH,OC
2576,386463,BC,192.500,3788,2712,EC,OC
2577,295812,MBC,192.500,3790,1399,CS,MBC
2578,364681,BC,192.500,3791,5008,CM,BC
2579,320172,BC,192.500,3792,1304,CS,OC
2580,286092,BC,192.500,3793,1399,AM,OC
2581,276515,BC,192.500,3795,5008,CM,BC
2582,338197,MBC,192.500,3796,1,ME,MBC
2583,443165,BC,192.500,3797,2739,CS,OC
2584,284413,BC,192.500,3798,1399,SC,BC
2585,465893,BC,192.500,3806,1399,CS,BC
2586,496004,MBC,192.500,3808,2,IB,OC
2587,391816,SC,192.500,3809,1,CE,SC
2588,446769,MBC,192.500,3810,2710,CS,OC
2589,205720,MBC,192.500,3811,2007,CM,MBC
2590,243796,BC,192.500,3815,2377,EC,BC
2591,411176,BC,192.500,3816,2377,AD,OC
2592,398427,MBC,192.500,3818,5008,EC,MBC
2593,258842,BC,192.500,3819,2005,AM,OC
2594,444664,BC,192.500,3821,2007,AT,BC
2595,277840,BC,192.500,3823,2005,EI,OC
2596,230065,MBC,192.500,3826,1399,AD,OC
2597,460600,OC,192.500,3829,2377,AD,OC
2598,411673,BC,192.500,3831,2005,AM,OC
2599,310474,BC,192.500,3832,2006,CE,OC
2600,302945,MBC,192.500,3834,2706,SC,OC
2601,351420,MBC,192.500,3835,1399,CS,MBC
2602,329306,MBC,192.500,3840,1399,CS,MBC
2603,330933,MBC,192.500,3842,1399,CS,MBC
2604,260711,BC,192.500,3843,2712,CS,OC
2605,319808,BC,192.500,3844,2377,EC,BC
2606,315268,BCM,192.500,3846,2007,EC,BCM
2607,211478,BC,192.500,3847,2712,CS,OC
2608,327165,BC,192.500,3848,1,ME,BC
2609,422733,BC,192.500,3850,2712,EC,OC
2610,279297,BC,192.500,3851,2006,RA,OC
2611,362023,MBC,192.500,3852,4,EI,MBC
2612,214083,BCM,192.500,3856,4,IM,BCM
2613,303411,BC,192.500,3857,1399,CS,BC
2614,333242,BC,192.500,3857A,1113,CS,OC
2615,321585,BC,192.500,3859,1399,CS,BC
2616,233698,OC,192.500,3861,2006,ME,OC
2617,394938,MBC,192.500,3862,1,ME,MBC
2618,212955,BC,192.500,3864,5008,EE,OC
2619,363546,MBC,192.500,3865,2005,EC,MBC
2620,356766,MBC,192.500,3869,1,BY,OC
2621,243462,OC,192.500,3870,1399,IT,OC
2622,460544,MBC,192.500,3872,4,EI,MBC
2623,321518,BC,192.500,3873,2377,CS,BC
2624,220888,BCM,192.500,3875,1399,CS,BCM
2625,441547,BC,192.500,3878,2005,AM,BC
2626,242231,MBC,192.500,3879,2377,EC,MBC
2627,368658,BC,192.500,3880,2377,CS,BC
2628,267039,MBC,192.500,3881,2712,CS,OC
2629,216370,SC,192.500,3882,4,CM,SC
2630,275729,MBC,192.500,3883,5008,EC,MBC
2631,356755,MBC,192.500,3884,2377,CS,MBC
2632,331274,BC,192.500,3888,5008,CM,BC
2633,319777,MBC,192.500,3889,1399,CS,MBC
2634,446826,MBC,192.500,3890,1399,EC,MBC
2635,312331,BC,192.500,3893,1399,CS,BC
2636,464796,OC,192.500,3896,1126,CS,OC
2637,214602,BC,192.500,3897,2007,EE,OC
2638,393559,BC,192.500,3899,1399,CS,BC
2639,385343,BC,192.500,3900,2712,CS,OC
2640,349405,BC,192.500,3901,1399,CS,BC
2641,312370,BC,192.500,3902,1399,CS,BC
2642,335057,BC,192.500,3903,2377,CS,BC
2643,318577,BC,192.500,3904,2764,CS,OC
2644,267141,BC,192.500,3905,1399,EC,BC
2645,384925,BC,192.500,3908,1211,EC,OC
2646,207732,MBC,192.500,3909,2005,IT,OC
2647,414182,MBC,192.500,3911,1399,EC,MBC
2648,486720,MBC,192.500,3912,2745,AM,OC
2649,410428,BC,192.500,3913,1399,EC,BC
2650,393313,MBC,192.500,3915,2764,EC,OC
2651,344509,MBC,192.500,3916,1,ME,MBC
2652,369006,BC,192.500,3917,2007,AT,BC
2653,383290,BC,192.500,3919,2712,CS,OC
2654,409482,BC,192.500,3920,5008,CM,BC
2655,424927,BC,192.500,3921,2377,CS,BC
2656,341321,BC,192.500,3922,2007,IM,OC
2657,345551,MBC,192.500,3923,1432,AD,OC
2658,397426,BCM,192.500,3925,1399,EA,OC
2659,267493,MBC,192.500,3926,1419,CS,OC
2660,368969,MBC,192.500,3930,2608,CS,OC
2661,365870,MBC,192.500,3932,1399,CS,MBC
2662,394082,BC,192.500,3934,2005,AM,BC
2663,345754,MBC,192.500,3935,2377,CS,MBC
2664,246935,OC,192.500,3936,1399,IT,OC
2665,392564,BC,192.500,3937,4,RA,BC
2666,463775,MBC,192.500,3938,1211,AD,OC
2667,363614,BC,192.500,3939,2712,CS,OC
2668,396381,BCM,192.500,3942,2736,EC,OC
2669,453159,BC,192.500,3943,2739,CS,OC
2670,210700,MBC,192.500,3945,2006,ME,MBC
2671,446114,MBC,192.500,3948,1399,EC,MBC
2672,434183,BC,192.500,3950,1399,SC,BC
2673,213174,MBC,192.500,3951,1399,CS,MBC
2674,256103,ST,192.500,3952,4,IM,ST
2675,315725,BCM,192.500,3954,2736,ME,OC
2676,348134,OC,192.500,3955,2750,EC,OC
2677,402360,BC,192.500,3958,2005,EC,BC
2678,387596,MBC,192.500,3959,2007,IM,OC
2679,260031,BC,192.500,3960,2615,ME,OC
2680,293221,BC,192.500,3962,1399,CS,BC
2681,281997,SC,192.500,3963,1,BY,OC
2682,439117,BC,192.500,3964,2739,AD,OC
2683,229463,MBC,192.500,3965,2739,CS,OC
2684,291242,BCM,192.500,3966,2377,CS,BCM
2685,385733,BC,192.500,3967,1399,CS,BC
2686,471980,BC,192.500,3969,1399,CS,BC
2687,278644,MBC,192.500,3970,2007,CM,MBC
2688,221568,BC,192.500,3971,1399,CS,BC
2689,362984,SC,192.500,3972,1,IM,SC
2690,227074,BC,192.500,3974,2006,ME,BC
2691,351803,BC,192.500,3975,2007,IM,BC
2692,294378,BC,192.500,3976,2739,AM,OC
2693,398922,BC,192.500,3976A,1399,CS,BC
2694,263320,MBC,192.500,3977,1399,CS,MBC
2695,341357,BC,192.500,3980,1,ME,BC
2696,202804,BC,192.500,3981,2764,AM,OC
2697,237188,BC,192.500,3982,5008,EM,OC
2698,216550,SC,192.500,3984,4,CM,SC
2699,361181,MBC,192.500,3986,2712,EC,OC
2700,200634,OC,192.500,3988,1399,AM,OC
2701,370179,BC,192.500,3989,2007,EE,BC
2702,344489,BC,192.500,3990,2712,AD,OC
2703,377718,OC,192.500,3991,2764,CS,OC
2704,231448,BC,192.500,3993,2,CH,OC
2705,215958,BC,192.500,3995,2006,ME,BC
2706,481345,BC,192.500,3996,2005,AM,BC
2707,259985,SC,192.500,3998,1,EE,SC
2708,396463,MBC,192.500,3999,1399,CS,MBC
2709,415791,BC,192.500,4001,1399,EC,BC
2710,318499,SCA,192.500,4002,1,EC,SCA
2711,309249,BC,192.500,4003,1399,SC,BC
2712,451776,MBC,192.500,4004,2615,EC,OC
2713,296167,BC,192.500,4005,2007,IM,BC
2714,209618,BCM,192.500,4006,5008,CM,BCM
2715,285897,MBC,192.500,4007,2005,EE,OC
2716,349435,OC,192.500,4010,2702,EC,OC
2717,410609,MBC,192.500,4011,1,BY,OC
2718,322724,BC,192.500,4013,5008,EM,OC
2719,306345,BC,192.500,4015,1399,EC,BC
2720,354480,BC,192.500,4017,2005,CS,BC
2721,360450,BC,192.500,4018,2006,RA,OC
2722,336608,BC,192.500,4021,2005,AM,BC
2723,236646,BC,192.500,4023,1,ME,BC
2724,353247,BC,192.500,4024,4,AE,BC
2725,333808,MBC,192.500,4025,1211,CS,OC
2726,213705,BC,192.500,4027,2377,CS,BC
2727,369829,BC,192.500,4028,1399,EC,BC
2728,215085,OC,192.500,4030,2006,MF,OC
2729,402393,BC,192.500,4031,4,RA,BC
2730,255289,BC,192.500,4032,2706,CS,OC
2731,475860,BC,192.500,4035,1,BY,OC
2732,384751,BC,192.500,4036,1,ME,BC
2733,332184,MBC,192.500,4041,2377,CS,MBC
2734,417798,BC,192.500,4042,1399,EC,BC
2735,290537,BC,192.500,4044,1,CE,BC
2736,432687,BC,192.500,4047,4,RA,BC
2737,379057,BC,192.500,4048,2750,AM,OC
2738,224017,BC,192.500,4050,2712,EC,OC
2739,426807,SC,192.500,4052,1,EM,SC
2740,455968,SCA,192.500,4053,2,CH,OC
2741,377556,BCM,192.500,4056,2349,CS,OC
2742,324100,MBC,192.500,4058,2007,CM,MBC
2743,214742,OC,192.500,4059,5008,EM,OC
2744,414974,SC,192.500,4061,5008,EC,SC
2745,254423,BC,192.500,4062,2006,ME,BC
2746,394097,BC,192.500,4063,2712,CS,OC
2747,441582,MBC,192.500,4067,2006,TX,OC
2748,376899,BC,192.500,4068,5008,EM,BC
2749,376435,BC,192.500,4071,2712,CS,OC
2750,431142,BC,192.500,4075,1399,CS,BC
2751,280865,BC,192.500,4076,5008,CM,BC
2752,377516,SCA,192.500,4077,1,EM,SCA
2753,424974,MBC,192.500,4078,1,ME,MBC
2754,280383,SC,192.500,4082,1,EE,SC
2755,278296,BC,192.500,4083,1,BY,OC
2756,352951,MBC,192.500,4084,2,CH,OC
2757,469419,BCM,192.500,4085,1432,CS,OC
2758,424661,BCM,192.500,4087,1399,CS,BCM
2759,205887,BCM,192.500,4088,5008,EC,BCM
2760,347876,MBC,192.500,4089,1,MI,OC
2761,278226,BCM,192.500,4090,1399,CS,BCM
2762,495156,BC,192.500,4091,2750,ME,OC
2763,237377,BC,192.333,4093,1432,AM,OC
2764,474041,BC,192.333,4094,1,ME,BC
2765,349952,MBC,192.333,4095,2007,CM,MBC
2766,336468,MBC,192.333,4096,2007,CM,MBC
2767,454443,MBC,192.333,4097,4,RP,OC
2768,363376,BCM,192.333,4098,4,EI,BCM
2769,352865,BCM,192.250,4099,5012,CC,BCM
2770,319484,OC,192.000,4101,1399,IT,OC
2771,395908,SC,192.000,4102,1,IM,SC
2772,372011,BC,192.000,4103,5008,CG,OC
2773,397798,BCM,192.000,4104,5008,EM,BCM
2774,434110,BC,192.000,4105,2006,ME,BC
2775,475234,BC,192.000,4106,2377,CS,BC
2776,228090,MBC,192.000,4109,1432,EC,OC
2777,339436,BC,192.000,4110,2006,IY,OC
2778,243940,BC,192.000,4113,1399,CS,BC
2779,215451,BC,192.000,4117,5008,EM,BC
2780,436131,BC,192.000,4118,1399,CS,BC
2781,371950,BC,192.000,4120,2739,CS,OC
2782,310238,BC,192.000,4121,1399,CS,BC
2783,225824,OC,192.000,4125,1399,AM,OC
2784,398663,MBC,192.000,4126,2006,BY,OC
2785,286752,BC,192.000,4127,1399,EC,BC
2786,225834,MBC,192.000,4130,1,CE,MBC
2787,243801,MBC,192.000,4131,2377,EC,MBC
2788,261614,BC,192.000,4134,1399,CS,BC
2789,412007,BC,192.000,4136,1,ME,BC
2790,201433,BCM,192.000,4138,5008,CM,BCM
2791,265012,BC,192.000,4139,1399,CS,BC
2792,292899,BC,192.000,4140,2702,AD,OC
2793,305086,BC,192.000,4142,2007,ME,OC
2794,430033,BC,192.000,4143,2007,AT,BC
2795,354249,BCM,192.000,4144,4670,CS,OC
2796,394893,BC,192.000,4145,2739,CS,OC
2797,288166,BC,192.000,4146,2712,CS,OC
2798,205783,BC,192.000,4148,1399,CS,BC
2799,329890,BC,192.000,4151,2739,EC,OC
2800,385013,MBC,192.000,4152,5008,CS,MBC
2801,327321,BC,192.000,4154,5008,CG,OC
2802,223754,BC,192.000,4156,1399,CS,BC
2803,478411,SC,192.000,4159,1,IM,SC
2804,459321,BC,192.000,4160,2712,EC,OC
2805,387560,BC,192.000,4161,2712,CS,OC
2806,215482,MBC,192.000,4162,2005,AM,MBC
2807,417782,BC,192.000,4163,2007,EE,BC
2808,296306,BC,192.000,4164,2006,RA,OC
2809,471266,BC,192.000,4165,1399,EC,BC
2810,279893,MBC,192.000,4166,2005,AM,MBC
2811,311677,SC,192.000,4167,1,EM,SC
2812,304902,BC,192.000,4169,2005,EC,BC
2813,386059,MBC,192.000,4170,1399,CS,MBC
2814,223382,BC,192.000,4171,1399,CS,BC
2815,211582,BC,192.000,4172,1113,EC,OC
2816,283805,BC,192.000,4174,2007,IM,BC
2817,474859,BC,192.000,4175,5008,EE,OC
2818,458862,MBC,192.000,4176,1,BY,OC
2819,398289,BCM,192.000,4177,2007,CM,BCM
2820,395951,MBC,192.000,4178,2377,AD,OC
2821,482954,BC,192.000,4179,2329,AD,OC
2822,290066,BC,192.000,4181,2006,ME,BC
2823,230793,SC,192.000,4184,1,IM,SC
2824,435285,BC,192.000,4187,2712,EC,OC
2825,363068,BC,192.000,4188,2739,CS,OC
2826,204440,BC,192.000,4189,1,ME,BC
2827,398068,MBC,192.000,4190,1,BY,OC
2828,200515,BC,192.000,4191,2005,CS,BC
2829,373455,BC,192.000,4194,2739,CS,OC
2830,238722,MBC,192.000,4195,2377,CS,MBC
2831,297903,BC,192.000,4196,2739,CS,OC
2832,385551,SC,192.000,4197,2006,CM,SC
2833,462860,MBC,192.000,4198,2006,EY,MBC
2834,286903,MBC,192.000,4203,2377,CS,MBC
2835,290422,BC,192.000,4204,2769,PE,OC
2836,209074,BC,192.000,4205,1399,CS,BC
2837,371371,MBC,192.000,4207,1,ME,MBC
2838,321306,MBC,192.000,4209,1432,AD,OC
2839,254332,MBC,192.000,4210,1,ME,MBC
2840,252361,MBC,192.000,4211,2005,AM,MBC
2841,431704,BC,192.000,4212,4,AE,BC
2842,266738,BC,192.000,4214,2739,CS,OC
2843,264424,BCM,192.000,4215,1399,CS,BCM
2844,218551,BC,192.000,4217,1399,CS,BC
2845,377063,BC,192.000,4218,1432,CS,OC
2846,332347,OC,192.000,4219,1399,IT,OC
2847,237237,BCM,192.000,4220,4,IM,BCM
2848,375481,BC,192.000,4221,1399,CS,BC
2849,365980,BC,192.000,4222,2710,EC,OC
2850,220990,BC,192.000,4223,1399,EC,BC
2851,415347,MBC,192.000,4224,5008,EM,MBC
2852,312043,MBC,192.000,4225,2007,AT,MBC
2853,290720,BC,192.000,4226,2006,BS,OC
2854,281033,MBC,192.000,4229,1399,CS,MBC
2855,368703,BC,192.000,4230,5008,EM,BC
2856,472719,MBC,192.000,4231,2710,CS,OC
2857,406667,BC,192.000,4232,2739,CS,OC
2858,216804,BC,192.000,4234,1399,CS,BC
2859,459715,MBC,192.000,4237,2006,EY,MBC
2860,338436,BCM,192.000,4238,2712,CS,OC
2861,428531,MBC,192.000,4239,2025,AD,OC
2862,406383,MBC,192.000,4241,1419,CS,OC
2863,205011,BC,192.000,4243,1211,CS,OC
2864,459591,BC,192.000,4245,2712,IT,OC
2865,220341,BC,192.000,4246,1399,CS,BC
2866,433182,BC,192.000,4247,2622,CS,OC
2867,384517,MBC,192.000,4248,2007,CM,MBC
2868,392271,MBC,192.000,4250,1432,AD,OC
2869,484528,MBC,192.000,4251,1,CE,MBC
2870,219826,BC,192.000,4253,1399,CS,BC
2871,328915,BC,192.000,4256,2007,EE,BC
2872,272641,BC,192.000,4257,2007,IM,BC
2873,449852,MBC,192.000,4258,3830,CS,OC
2874,418255,MBC,192.000,4260,1399,CS,MBC
2875,272998,BC,192.000,4263,4,AE,BC
2876,350478,BC,192.000,4264,2007,IM,BC
2877,363821,BC,192.000,4265,2712,CS,OC
2878,456630,SC,192.000,4266,1,EE,SC
2879,333948,OC,192.000,4267,2,CH,OC
2880,377578,BC,192.000,4268,2764,AM,OC
2881,210862,BC,192.000,4269,2007,EE,BC
2882,221973,MBC,192.000,4270,1432,CS,OC
2883,256339,MBC,192.000,4271,2006,CE,OC
2884,443279,BC,192.000,4272,2739,EC,OC
2885,451979,BC,192.000,4274,2712,EC,OC
2886,309234,BCM,192.000,4275,2006,CE,OC
2887,458066,OC,192.000,4276,2712,EC,OC
2888,397119,MBC,192.000,4279,2005,AM,MBC
2889,218723,MBC,192.000,4280,1399,CS,MBC
2890,284097,BC,192.000,4283,1399,EC,BC
2891,487484,SC,192.000,4284,2006,CM,SC
2892,441856,BCM,192.000,4285,2007,AT,BCM
2893,494944,BCM,192.000,4286,1399,EC,BCM
2894,389793,BC,192.000,4287,2007,AT,BC
2895,465612,BC,192.000,4288,1211,CS,OC
2896,237407,MBC,192.000,4289,1422,CS,OC
2897,409176,BC,192.000,4292,1,CE,BC
2898,349897,MBC,192.000,4296,1399,CS,MBC
2899,386954,BC,192.000,4298,2006,RA,OC
2900,393152,BC,192.000,4299,2764,CS,OC
2901,445817,SCA,192.000,4301,1,CM,SCA
2902,389482,BC,192.000,4303,2712,EC,OC
2903,378375,BCM,192.000,4304,2377,AD,OC
2904,397258,BC,192.000,4305,1432,EC,OC
2905,417328,BC,192.000,4306,1216,CS,OC
2906,396068,SC,192.000,4307,1,IM,SC
2907,335128,BC,192.000,4308,2764,EC,OC
2908,395980,BC,192.000,4310,2007,EL,OC
2909,300766,BC,192.000,4312,1432,AM,OC
2910,299586,BC,192.000,4314,2615,EC,OC
2911,446648,BC,192.000,4315,2764,EC,OC
2912,369581,BC,192.000,4317,2712,CS,OC
2913,355304,BC,192.000,4318,1432,CS,OC
2914,254180,MBC,192.000,4319,2750,CS,OC
2915,470387,BC,192.000,4320,2007,IM,BC
2916,475493,BCM,192.000,4322,5008,CG,OC
2917,439824,MBC,192.000,4323,2377,EC,MBC
2918,207895,BC,192.000,4324,1399,EC,BC
2919,357131,BC,192.000,4325,2006,ME,BC
2920,379293,SC,192.000,4327,1,EE,SC
2921,253287,BC,192.000,4328,1,ME,BC
2922,456514,BC,192.000,4329,2007,EE,BC
2923,372414,MBC,192.000,4330,2377,CS,MBC
2924,368438,BC,192.000,4333,2712,EC,OC
2925,219728,BC,192.000,4334,1399,CS,BC
2926,226695,BC,192.000,4336,1399,EC,BC
2927,396950,MBC,192.000,4337,1399,CS,MBC
2928,290996,MBC,192.000,4339,1,ME,MBC
2929,448670,BC,192.000,4341,2,CH,OC
2930,315834,BC,192.000,4342,2006,RA,OC
2931,305953,MBC,192.000,4343,5008,CS,MBC
2932,409459,BC,192.000,4344,2005,IT,OC
2933,453133,BC,192.000,4345,1399,EC,BC
2934,395248,BC,192.000,4346,2622,ME,OC
2935,316306,BC,192.000,4347,2739,EC,OC
2936,295050,BC,192.000,4349,5008,EE,OC
2937,279805,BC,192.000,4350,5986,CS,OC
2938,259964,BC,192.000,4351,1,ME,BC
2939,428127,BC,192.000,4353,2007,IM,BC
2940,407605,BCM,192.000,4354,3830,CS,OC
2941,309632,MBC,192.000,4357,5008,CS,MBC
2942,217747,BCM,192.000,4359,2740,EC,OC
2943,249746,BC,192.000,4360,1,ME,BC
2944,223538,MBC,192.000,4363,1399,CS,MBC
2945,269070,MBC,192.000,4364,2005,AM,MBC
2946,334986,BC,192.000,4365,1211,CS,OC
2947,287952,BC,192.000,4366,5008,EM,BC
2948,391666,BC,192.000,4367,1399,CS,BC
2949,371967,MBC,192.000,4368,2005,CS,MBC
2950,332637,BC,192.000,4369,2,FS,OC
2951,221600,BC,192.000,4370,2005,CS,BC
2952,475184,MBC,192.000,4371,1,CE,MBC
2953,256468,BC,192.000,4373,1,ME,BC
2954,426956,BC,192.000,4375,2,CH,OC
2955,336175,MBC,192.000,4378,2007,CM,MBC
2956,436354,MBC,192.000,4379,1126,AD,OC
2957,289708,MBC,192.000,4380,1399,EC,MBC
2958,397393,BC,192.000,4382,2007,EE,BC
2959,364938,BC,192.000,4383,2739,CS,OC
2960,296118,BC,192.000,4384,5008,EM,BC
2961,289445,BCM,192.000,4385,1399,CS,BCM
2962,402553,MBC,192.000,4387,2740,CS,OC
2963,438200,OC,192.000,4388,2007,EL,OC
2964,348384,MBC,192.000,4391,2750,CB,OC
2965,234477,MBC,192.000,4392,1399,CS,MBC
2966,259041,BC,192.000,4393,1,BY,OC
2967,201107,BC,192.000,4394,2377,AD,OC
2968,233151,BC,192.000,4395,1399,CS,BC
2969,468677,MBC,192.000,4396,5008,CM,MBC
2970,296055,MBC,192.000,4397,1432,AD,OC
2971,482368,BC,192.000,4399,1,BY,OC
2972,358601,SC,192.000,4402,4,AE,SC
2973,463451,SCA,192.000,4404,1,CM,SCA
2974,342545,BC,192.000,4405,2007,EL,OC
2975,372456,BCM,192.000,4406,1399,CS,BCM
2976,305863,MBC,192.000,4407,2005,CS,MBC
2977,373453,MBC,192.000,4408,2006,CE,OC
2978,452629,SCA,192.000,4409,2006,EC,SC
2979,264912,BC,192.000,4410,1399,CS,BC
2980,413443,MBC,192.000,4412,1,ME,MBC
2981,347900,BC,192.000,4413,2712,CS,OC
2982,433897,BC,192.000,4414,2007,EL,OC
2983,385809,MBC,192.000,4415,2007,EM,MBC
2984,261276,BC,192.000,4416,1,ME,BC
2985,348826,MBC,192.000,4419,5008,EM,MBC
2986,224057,BCM,192.000,4420,1432,CS,OC
2987,380905,MBC,192.000,4421,1,MA,OC
2988,356251,BC,192.000,4422,5008,CG,OC
2989,284416,BC,192.000,4423,2007,EE,BC
2990,389301,BC,192.000,4424,1399,CS,BC
2991,366617,OC,192.000,4426,5008,EE,OC
2992,229145,BC,192.000,4427,2712,CS,OC
2993,395329,BC,192.000,4429,2,IB,OC
2994,279858,BC,192.000,4430,1399,CS,BC
2995,386710,BC,192.000,4431,2377,EE,OC
2996,386509,BC,192.000,4434,2005,CS,BC
2997,334318,BC,192.000,4436,2712,AD,OC
2998,273291,BC,192.000,4437,5008,CG,OC
2999,242444,BC,192.000,4438,1399,CS,BC
3000,329513,OC,192.000,4439,2739,IT,OC
3001,266642,SC,192.000,4440,2006,CG,SC
3002,349397,BC,192.000,4441,1399,CS,BC
3003,216866,BC,192.000,4443,1399,EC,BC
3004,437000,BC,192.000,4444,1399,CS,BC
3005,298118,BC,192.000,4445,1432,CS,OC
3006,205948,BC,192.000,4446,2764,CS,OC
3007,386014,MBC,192.000,4447,2005,IT,MBC
3008,263725,MBC,192.000,4448,2006,BS,OC
3009,448241,BCM,192.000,4450,2005,AM,BCM
3010,349029,BC,192.000,4451,1399,CS,BC
3011,443130,BC,192.000,4452,1,GI,OC
3012,469713,MBC,192.000,4454,2377,CS,MBC
3013,257092,BC,192.000,4457,2,CH,BC
3014,287770,BC,192.000,4459,1399,EC,BC
3015,454734,OC,192.000,4460,5008,CG,OC
3016,320247,MBC,192.000,4461,2007,EE,MBC
3017,413672,BC,192.000,4463,1211,CS,OC
3018,475898,MBC,192.000,4466,2329,AD,OC
3019,200020,BC,192.000,4468,1399,CS,BC
3020,370214,BC,192.000,4470,2006,MF,OC
3021,416428,MBC,192.000,4471,1,CE,MBC
3022,248647,BC,192.000,4472,4,RA,BC
3023,389372,BC,192.000,4473,2739,CS,OC
3024,298967,MBC,192.000,4474,1399,CS,MBC
3025,363588,BC,192.000,4475,2764,CS,OC
3026,416046,BC,192.000,4476,1304,EC,OC
3027,216226,BC,192.000,4477,2006,RA,BC
3028,337565,BC,192.000,4479,1399,AD,OC
3029,202779,BC,192.000,4480,2007,EL,OC
3030,476818,MBC,192.000,4483,2329,AD,OC
3031,234653,BC,192.000,4484,1,ME,BC
3032,302118,BC,192.000,4486,2712,CS,OC
3033,388301,BC,192.000,4489,1399,EC,BC
3034,396450,BC,192.000,4491,2357,EC,OC
3035,354373,MBC,192.000,4492,5008,CM,MBC
3036,271800,MBC,192.000,4493,1399,CS,MBC
3037,394425,SC,192.000,4494,1399,CS,SC
3038,410222,SC,192.000,4496,1,IM,SC
3039,334330,BC,192.000,4498,1399,CS,BC
3040,280562,MBC,192.000,4499,2005,CS,MBC
3041,351285,BC,192.000,4500,1399,AD,OC
3042,426090,OC,192.000,4501,1,BY,OC
3043,334170,MBC,192.000,4503,1399,CS,MBC
3044,422012,BC,192.000,4506,2006,BS,OC
3045,500856,BC,192.000,4507,4,AE,BC
3046,363468,BCM,192.000,4508,1399,CS,BCM
3047,300646,BC,192.000,4509,1399,EC,BC
3048,365043,MBC,192.000,4510,2025,AD,OC
3049,388649,BC,192.000,4513,1399,EC,BC
3050,260628,BC,192.000,4515,1399,CS,BC
3051,422861,BC,192.000,4517,1216,AL,OC
3052,433834,BC,192.000,4518,2007,EE,BC
3053,283731,BC,192.000,4519,1399,CS,BC
3054,396185,BC,192.000,4520,2005,CS,BC
3055,317879,OC,192.000,4521,1399,IT,OC
3056,397449,BC,192.000,4522,1450,EE,OC
3057,203891,BC,192.000,4524,5008,IM,OC
3058,398486,MBC,192.000,4528,5008,EM,MBC
3059,422097,BC,192.000,4529,1,ME,BC
3060,202825,OC,192.000,4531,5008,EE,OC
3061,357080,BC,192.000,4534,2712,EC,OC
3062,214119,BC,192.000,4537,2377,EV,OC
3063,338261,MBC,192.000,4539,3831,IT,OC
3064,382963,MBC,192.000,4541,2007,CM,MBC
3065,348118,BC,192.000,4542,2739,CS,BC
3066,389320,BC,191.667,4542A,1399,CS,BC
3067,200760,MBC,191.667,4543,1399,EC,MBC
3068,420172,MBC,191.500,4544,2005,EC,MBC
3069,205325,MBC,191.500,4545,2615,CS,OC
3070,215363,OC,191.500,4547,2718,AM,OC
3071,284817,BC,191.500,4550,2764,AM,OC
3072,265595,BCM,191.500,4553,1,GI,OC
3073,377869,BC,191.500,4554,2007,IM,BC
3074,479306,BC,191.500,4555,2377,AD,OC
3075,335850,MBC,191.500,4556,1399,EC,MBC
3076,416594,MBC,191.500,4557,2006,ME,MBC
3077,201382,MBC,191.500,4560,1,ME,MBC
3078,362550,BCM,191.500,4561,4,AE,BCM
3079,425938,BC,191.500,4562,2377,AD,OC
3080,325688,BC,191.500,4565,1399,EC,BC
3081,437057,BC,191.500,4566,1399,CS,BC
3082,260534,BC,191.500,4569,2377,EV,OC
3083,378530,OC,191.500,4570,1399,AM,OC
3084,381678,BC,191.500,4571,2006,BS,OC
3085,203974,BC,191.500,4573,5008,CG,OC
3086,369405,BC,191.500,4574,1211,EC,OC
3087,225106,SC,191.500,4576,4,EM,SC
3088,209024,BC,191.500,4579,2712,EC,OC
3089,268984,BC,191.500,4582,5008,EE,OC
3090,386787,SC,191.500,4583,1013,EC,OC
3091,476703,MBC,191.500,4584,1399,AM,OC
3092,337415,BC,191.500,4586,1211,CS,OC
3093,228478,BC,191.500,4587,1211,CS,OC
3094,501213,MBC,191.500,4589,2736,EC,OC
3095,265110,SCA,191.500,4590,2006,IM,SCA
3096,323472,BC,191.500,4591,2712,EC,OC
3097,205644,MBC,191.500,4594,2006,ME,MBC
3098,398088,BC,191.500,4595,2764,CS,OC
3099,367897,MBC,191.500,4597,1211,EC,OC
3100,276532,BC,191.500,4598,5008,CG,BC
3101,224015,MBC,191.500,4601,2377,EC,MBC
3102,251552,MBC,191.500,4602,2618,AD,OC
3103,358917,BC,191.500,4604,2712,CS,OC
3104,229307,BC,191.500,4607,2007,IM,BC
3105,408418,BC,191.500,4608,2005,CS,BC
3106,269516,MBC,191.500,4609,2712,CS,OC
3107,260659,MBC,191.500,4611,2007,CM,MBC
3108,338989,BC,191.500,4612,2377,EE,OC
3109,211567,SCA,191.500,4614,2006,CG,SCA
3110,403922,MBC,191.500,4615,2,IB,OC
3111,388956,SC,191.500,4616,4,EC,SC
3112,311561,BC,191.500,4618,1,ME,BC
3113,357394,BC,191.500,4619,1399,EC,BC
3114,408368,BC,191.500,4620A,2005,CS,BC
3115,205566,MBC,191.500,4622,4,EI,MBC
3116,235072,BC,191.500,4623,1,PT,OC
3117,378593,BC,191.500,4624,5008,EM,BC
3118,265385,MBC,191.500,4625,2377,EC,MBC
3119,352509,BC,191.500,4627,2712,IT,OC
3120,231317,MBC,191.500,4629,1399,EC,MBC
3121,285623,BC,191.500,4633,2377,AD,BC
3122,305722,BC,191.500,4634,1,ME,BC
3123,310039,BC,191.500,4635,2739,CS,BC
3124,279272,BC,191.500,4637,4020,CS,OC
3125,410243,BC,191.500,4640,5008,EE,OC
3126,204693,BC,191.500,4643,1399,EC,BC
3127,210910,BC,191.500,4644,2712,EC,OC
3128,418545,BC,191.500,4645,1432,CS,OC
3129,479565,MBC,191.500,4646,2005,EC,MBC
3130,323693,BC,191.500,4648,5008,CM,BC
3131,364768,BC,191.500,4649,1,BY,BC
3132,351880,OC,191.500,4650,2007,EL,OC
3133,260855,BC,191.500,4651,2739,CS,BC
3134,293978,MBC,191.500,4653,2377,CS,MBC
3135,325624,BC,191.500,4655,2,CH,BC
3136,312271,MBC,191.500,4656,5012,CC,MBC
3137,422679,BC,191.500,4658,2377,EV,OC
3138,434993,MBC,191.500,4659,2712,CS,OC
3139,426928,BC,191.500,4660,5008,IM,OC
3140,253580,BC,191.500,4661,2377,EV,OC
3141,444436,BCM,191.500,4664,1,ME,BCM
3142,416176,BC,191.500,4666,1,MA,OC
3143,412575,MBC,191.500,4668,2739,EC,OC
3144,297037,MBC,191.500,4669,2005,CS,MBC
3145,230120,BC,191.500,4671,1211,CS,OC
3146,332258,MBC,191.500,4672,2603,CS,OC
3147,337255,BC,191.500,4674,2007,IM,BC
3148,353302,BC,191.500,4676,1399,CS,BC
3149,315526,BC,191.500,4677,2739,EC,OC
3150,227812,BC,191.500,4678,2739,CS,BC
3151,371265,BC,191.500,4682,1211,EC,OC
3152,219700,OC,191.500,4683,2007,EL,OC
3153,352463,BC,191.500,4684,2377,AD,BC
3154,201805,OC,191.500,4685,1399,AD,OC
3155,435091,MBC,191.500,4686,5008,EM,MBC
3156,367039,BC,191.500,4687,1399,CS,BC
3157,397873,MBC,191.500,4688,2005,CS,MBC
3158,394174,BC,191.500,4689,2006,BY,OC
3159,378531,BCM,191.500,4690,1399,CS,BCM
3160,251312,BCM,191.500,4691,5008,CG,BCM
3161,280536,BC,191.500,4692,2739,CS,BC
3162,395083,BC,191.500,4693,5008,IM,OC
3163,344439,MBC,191.500,4694,2005,EC,MBC
3164,396436,BC,191.500,4695,2764,AM,OC
3165,434763,BC,191.500,4696,1399,EV,OC
3166,202770,BCM,191.500,4697,2006,EY,BCM
3167,397466,BC,191.500,4698,2712,CS,OC
3168,339451,BC,191.500,4700,2712,CS,OC
3169,454088,MBC,191.500,4701,2377,CS,MBC
3170,413859,MBC,191.500,4703,2005,EE,OC
3171,484561,SC,191.500,4704,1,IM,SC
3172,299169,BCM,191.500,4705,1399,EC,BCM
3173,333124,BC,191.500,4706,1399,AD,OC
3174,350692,MBC,191.500,4707,5008,CM,MBC
3175,425478,BC,191.500,4708,2357,CS,OC
3176,386487,BC,191.500,4709,1399,CS,BC
3177,359295,BC,191.500,4711,1399,CS,BC
3178,408487,MBC,191.500,4715,5008,CM,MBC
3179,351958,MBC,191.500,4716,2005,CS,MBC
3180,320057,BC,191.500,4717A,1,ME,BC
3181,492255,BC,191.500,4719,3011,CS,OC
3182,385388,BC,191.500,4720,1399,EV,OC
3183,203274,MBC,191.500,4721,1399,CS,MBC
3184,399612,BC,191.500,4722,1,CE,BC
3185,337797,BC,191.500,4723,2377,AD,BC
3186,346317,BC,191.500,4724,5008,EM,BC
3187,254650,BC,191.500,4728,1,IE,OC
3188,398914,BC,191.500,4732,5008,EM,BC
3189,366049,BCM,191.500,4733,1,ME,BCM
3190,370943,BC,191.500,4734,2712,CS,OC
3191,384389,OC,191.500,4735,1399,AD,OC
3192,335231,SC,191.500,4736,2006,ME,SC
3193,389162,MBC,191.500,4737,1432,AD,OC
3194,430951,MBC,191.500,4738,2711,CS,OC
3195,385426,MBC,191.500,4739,1399,CS,MBC
3196,228464,BC,191.500,4740,2739,SC,OC
3197,317922,MBC,191.500,4741,1432,CS,OC
3198,404071,BC,191.500,4742,2377,AD,BC
3199,293344,BC,191.500,4744,2712,CS,OC
3200,247305,BC,191.500,4745,2005,EE,OC
3201,286907,BC,191.500,4746,2,CH,BC
3202,434360,BC,191.500,4747,2739,EC,OC
3203,289748,BC,191.500,4748,1,ME,BC
3204,426421,BC,191.500,4751,2377,RI,OC
3205,355706,BC,191.500,4752,2007,EL,OC
3206,271284,BC,191.500,4757,2,CH,BC
3207,460140,BC,191.500,4758,4933,CS,OC
3208,380672,BC,191.500,4760,5008,EM,BC
3209,209640,BC,191.500,4761,2005,IT,BC
3210,353318,BC,191.500,4762,1,ME,BC
3211,394798,MBC,191.500,4764,2006,EY,MBC
3212,297321,BC,191.500,4768,1399,CS,BC
3213,403036,MBC,191.500,4769,2005,CS,MBC
3214,369065,BC,191.500,4770,2712,CS,OC
3215,339560,BC,191.500,4771,2712,EC,OC
3216,313622,BC,191.500,4773,1399,AD,OC
3217,253837,BC,191.500,4776,1211,AD,OC
3218,440271,BC,191.500,4777,2377,AD,BC
3219,359839,BC,191.500,4778,2608,EC,OC
3220,236240,BC,191.500,4779,1399,CS,BC
3221,259470,BC,191.500,4780,2750,CS,OC
3222,351252,BC,191.500,4781,2377,AD,BC
3223,224486,BC,191.500,4782,2739,EC,OC
3224,366085,BC,191.500,4784,2739,EC,OC
3225,407963,BC,191.500,4787,2006,RA,BC
3226,408742,BC,191.500,4789,2712,EC,OC
3227,441125,BC,191.500,4790,5008,EM,BC
3228,393002,BC,191.500,4791,4955,EE,OC
3229,211961,BC,191.500,4792,2739,EC,OC
3230,324447,BCM,191.500,4797,5008,EM,BCM
3231,330835,MBC,191.500,4799,2007,AT,MBC
3232,419655,BC,191.500,4801,1399,CS,BC
3233,349744,BC,191.500,4803,2006,RA,BC
3234,243211,BC,191.500,4804,5008,CM,BC
3235,312342,BCM,191.500,4807,1,BY,BCM
3236,230910,MBC,191.500,4811,2739,EC,OC
3237,366635,BC,191.500,4814,1399,CS,BC
3238,214964,SCA,191.500,4815,2006,EC,SC
3239,388140,BC,191.500,4816,1399,CS,BC
3240,467659,BC,191.500,4817,2621,CS,OC
3241,212392,BC,191.500,4820,5008,IM,OC
3242,430869,MBC,191.500,4821,2007,IM,MBC
3243,418673,BCM,191.500,4823,5008,EE,OC
3244,492853,BC,191.500,4824,2622,AM,OC
3245,372513,MBC,191.500,4825,2710,EC,OC
3246,331665,BC,191.500,4826,2007,EE,BC
3247,313406,BC,191.500,4827,1399,SC,BC
3248,281647,BC,191.500,4829,5008,IM,OC
3249,386025,BC,191.500,4831,4,AU,OC
3250,284849,SC,191.500,4832,2006,CM,SC
3251,498483,BC,191.500,4835,2377,EV,OC
3252,298869,BC,191.500,4837,2712,CS,OC
3253,328782,BC,191.500,4839,5008,IM,OC
3254,282482,MBC,191.500,4840,2007,EM,MBC
3255,275823,MBC,191.500,4841,5,EE,OC
3256,467049,BC,191.500,4842,1,IE,OC
3257,290924,BC,191.500,4844,2712,AD,OC
3258,318907,BC,191.500,4845,4,AU,OC
3259,302096,BC,191.500,4847,1399,CS,BC
3260,247199,SCA,191.500,4850,1,EM,SCA
3261,215014,BC,191.500,4851,5008,EL,OC
3262,351204,BC,191.500,4852,2005,IT,BC
3263,383765,BC,191.500,4854,4974,CS,OC
3264,283401,BC,191.500,4855,5008,EM,BC
3265,343098,BC,191.500,4856,2005,AM,BC
3266,356296,MBC,191.500,4857,2005,IB,OC
3267,366918,BCM,191.500,4858,4974,CS,OC
3268,258712,BC,191.500,4859,1399,CS,BC
3269,470470,MBC,191.500,4860,2005,IT,MBC
3270,256827,BC,191.500,4861,1399,SC,BC
3271,458107,OC,191.500,4863,4,AU,OC
3272,261791,BC,191.500,4864,2712,EC,OC
3273,441703,BC,191.500,4866,1399,CS,BC
3274,353959,BC,191.500,4868,2739,EC,OC
3275,417013,BC,191.500,4869,2377,AD,BC
3276,402123,BC,191.500,4870,2712,EC,OC
3277,363603,MBC,191.500,4871,4,RA,MBC
3278,289062,BCM,191.500,4874,2615,CS,OC
3279,206631,BC,191.500,4875,2006,RA,BC
3280,390557,MBC,191.500,4876,1399,EC,MBC
3281,259367,BC,191.500,4878,2736,AD,OC
3282,395382,BC,191.500,4880,1399,EC,BC
3283,415265,BC,191.500,4882,1211,CS,OC
3284,391967,MBC,191.500,4884,2377,AD,MBC
3285,210272,BC,191.500,4885,2608,CS,OC
3286,246665,BC,191.500,4886,1432,EC,OC
3287,243918,MBC,191.500,4889,2007,EM,MBC
3288,390528,BC,191.500,4891,2006,IY,OC
3289,298340,BC,191.500,4894,2005,IT,BC
3290,270217,BC,191.500,4895,2377,EV,OC
3291,332593,MBC,191.500,4897,2739,CS,MBC
3292,272131,BC,191.500,4898,4974,EC,OC
3293,364662,BC,191.500,4899,1399,CS,BC
3294,210868,BC,191.500,4902,1399,AM,OC
3295,254071,BC,191.500,4905,2006,CE,OC
3296,372523,SC,191.500,4906,2006,CM,SC
3297,340308,MBC,191.500,4907,1431,AD,OC
3298,227779,BC,191.500,4913,1432,AD,OC
3299,209816,BC,191.500,4918,5008,EE,OC
3300,382229,BC,191.500,4919,2739,CS,BC
3301,232020,BC,191.500,4920,5008,CM,BC
3302,362760,BC,191.500,4921,2712,CS,OC
3303,295481,BC,191.500,4922,2739,CS,BC
3304,425786,BC,191.500,4923,1399,CB,OC
3305,388083,MBC,191.500,4924,4,EI,MBC
3306,336684,MBC,191.500,4925,1432,CS,OC
3307,340162,BC,191.500,4926,1399,EC,BC
3308,367299,MBC,191.500,4927,1,ME,MBC
3309,318636,MBC,191.500,4929,1,CE,MBC
3310,415371,BC,191.500,4933,2377,EE,OC
3311,351945,BC,191.500,4934,1399,CS,BC
3312,462385,BC,191.500,4935,2005,ME,OC
3313,452707,BC,191.500,4936,2007,EL,OC
3314,408397,BC,191.500,4937,1399,EC,BC
3315,219608,BC,191.500,4938,5008,CM,BC
3316,354096,BC,191.500,4941,5008,ME,OC
3317,394723,BC,191.500,4942,1399,CS,BC
3318,281233,BC,191.500,4945,1,BY,BC
3319,274809,BC,191.500,4947,1211,CS,OC
3320,359106,BC,191.500,4949,2006,RA,BC
3321,218721,BC,191.500,4950,2712,CS,OC
3322,316540,BC,191.500,4951,2712,EC,OC
3323,498618,BC,191.500,4952,2,IB,OC
3324,470104,OC,191.500,4954,1126,SC,OC
3325,207124,BCM,191.500,4955,2006,RA,BCM
3326,353376,BC,191.500,4957,1399,CS,BC
3327,478562,BC,191.500,4958,2622,AM,OC
3328,223757,BC,191.500,4960,2712,AD,OC
3329,248962,BC,191.500,4961,2025,CS,OC
3330,492972,SC,191.500,4962,1,EL,SC
3331,393443,BCM,191.500,4963,1399,CS,BCM
3332,224539,BC,191.500,4967,1216,AD,OC
3333,403161,BC,191.500,4970,2,CH,BC
3334,374462,BC,191.500,4971,5008,IM,OC
3335,217511,MBC,191.500,4973,1509,AD,OC
3336,323393,BC,191.500,4974,5008,IM,OC
3337,333267,OC,191.500,4976,2712,CS,OC
3338,250209,MBC,191.500,4977,2377,AD,MBC
3339,339396,BC,191.500,4979,1399,CS,BC
3340,353155,BC,191.500,4981,1399,CB,OC
3341,297844,BC,191.500,4984,4,AU,OC
3342,201114,BC,191.500,4987,2006,RA,BC
3343,203486,MBC,191.500,4990,1399,EC,MBC
3344,406719,BC,191.500,4991,5008,CM,BC
3345,382920,MBC,191.500,4992,5008,EM,MBC
3346,341008,BC,191.500,4993,1399,EC,BC
3347,399777,MBC,191.500,4994,1432,CS,OC
3348,263342,BC,191.500,4995,1399,CS,BC
3349,443099,BC,191.500,4996,2005,IT,BC
3350,364422,BC,191.500,4998,1399,EC,BC
3351,396702,MBC,191.500,4999,1399,CS,MBC
3352,297793,OC,191.500,5000,2712,CS,OC
3353,396320,MBC,191.500,5002,2712,AD,OC
3354,373758,MBC,191.500,5003,2377,EC,MBC
3355,270499,BC,191.500,5006,2006,CE,OC
3356,473733,BC,191.500,5007,2329,AD,OC
3357,317465,MBC,191.500,5008,1516,CS,OC
3358,453448,MBC,191.500,5009,1126,CS,OC
3359,260317,BC,191.333,5010,1399,CS,BC
3360,346519,MBC,191.333,5011,1113,EC,OC
3361,482090,MBC,191.265,5012,1126,AD,OC
3362,233722,BC,191.000,5015,5008,IM,OC
3363,285955,MBC,191.000,5016,2,CH,MBC
3364,292103,BC,191.000,5017,2005,IT,BC
3365,383681,BC,191.000,5018,1,CE,BC
3366,246291,BC,191.000,5019,4,AE,BC
3367,392761,BC,191.000,5021,2006,ME,BC
3368,303855,BC,191.000,5022,5008,IM,OC
3369,416958,MBC,191.000,5023,4,EI,MBC
3370,267531,SC,191.000,5024,1,EE,SC
3371,469251,BC,191.000,5025,1,XM,OC
3372,473791,SC,191.000,5026,2006,CM,SC
3373,224624,BC,191.000,5028,2005,AM,BC
3374,431717,BC,191.000,5029,1211,EC,OC
3375,339197,BC,191.000,5035,2739,CS,BC
3376,234500,MBC,191.000,5036,1399,CS,MBC
3377,267632,BC,191.000,5037,1399,CS,BC
3378,385236,BC,191.000,5038,2710,IT,OC
3379,285539,BC,191.000,5039,1,CE,BC
3380,354133,BC,191.000,5041,1399,EC,BC
3381,254086,MBC,191.000,5042,2739,CS,MBC
3382,350527,BC,191.000,5044,2005,EE,OC
3383,336692,BC,191.000,5045,2,CH,BC
3384,318980,BC,191.000,5047,1399,EV,OC
3385,408905,MBC,191.000,5049,4,EI,MBC
3386,379117,BC,191.000,5050,1399,EA,OC
3387,480371,BC,191.000,5052,1,BY,BC
3388,315961,BC,191.000,5053,1216,SC,OC
3389,293183,BC,191.000,5054,1211,CS,OC
3390,262371,BC,191.000,5055,2706,EE,OC
3391,343231,MBC,191.000,5056,1399,SC,MBC
3392,209956,BCM,191.000,5057,5910,CS,OC
3393,458877,SC,191.000,5058,1,IM,SC
3394,398562,BC,191.000,5061,5008,CM,BC
3395,266580,BC,191.000,5064,2739,EC,OC
3396,363174,BC,191.000,5065,1211,CS,OC
3397,436331,MBC,191.000,5066,1419,EC,OC
3398,449794,BC,191.000,5069,1432,AM,OC
3399,466375,BC,191.000,5072,2329,AM,OC
3400,322782,MBC,191.000,5075,5008,EM,MBC
3401,233111,BC,191.000,5076,2739,CS,BC
3402,307909,BC,191.000,5077,4960,EC,OC
3403,312822,BC,191.000,5079,2377,AD,BC
3404,470953,BC,191.000,5081,2005,AM,BC
3405,290252,BC,191.000,5084,1211,AD,OC
3406,208037,BC,191.000,5085,2005,EE,OC
3407,326422,BC,191.000,5086,2739,CS,BC
3408,244961,BC,191.000,5088,1399,CS,BC
3409,294007,BCM,191.000,5089,1301,EC,OC
3410,285754,MBC,191.000,5091,1432,AD,OC
3411,258306,BC,191.000,5092,2739,EC,OC
3412,399146,BC,191.000,5094,1399,EC,BC
3413,206147,BC,191.000,5096,1399,CE,OC
3414,346516,MBC,191.000,5101,4,EI,MBC
3415,378366,BC,191.000,5104,2739,AM,OC
3416,224809,MBC,191.000,5107,1399,CS,MBC
3417,235596,MBC,191.000,5108,2006,CE,OC
3418,326973,BC,191.000,5109,1399,AM,OC
3419,264756,BC,191.000,5110,2025,CS,OC
3420,436043,BCM,191.000,5111,4,AE,BCM
3421,464434,BC,191.000,5113,1432,EC,OC
3422,352422,MBC,191.000,5114,1,ME,MBC
3423,399523,SC,191.000,5115,3,BP,OC
3424,285837,BC,191.000,5116,1399,CS,BC
3425,242469,BC,191.000,5117,2764,EC,OC
3426,222265,SC,191.000,5118,1,IM,SC
3427,393437,MBC,191.000,5119,2005,CE,OC
3428,423485,BC,191.000,5121,1399,CS,BC
3429,390675,MBC,191.000,5123,5008,CG,MBC
3430,406951,MBC,191.000,5125,2615,AM,OC
3431,246744,BC,191.000,5126,1399,CS,BC
3432,206463,BC,191.000,5127,4960,EC,OC
3433,343810,MBC,191.000,5128,5901,EC,OC
3434,388122,MBC,191.000,5129,1399,CS,MBC
3435,409318,BC,191.000,5130,2615,MT,OC
3436,231827,MBC,191.000,5131,2377,AD,MBC
3437,277344,BC,191.000,5132,2739,CS,BC
3438,203477,BC,191.000,5133,1399,EV,OC
3439,468757,BCM,191.000,5135,2708,SC,OC
3440,398176,MBC,191.000,5136,5008,EM,MBC
3441,327926,BC,191.000,5138,2006,CE,BC
3442,310102,BC,191.000,5139,1432,CS,OC
3443,202764,BC,191.000,5141,1399,CS,BC
3444,214178,BC,191.000,5142,2739,AM,OC
3445,369794,MBC,191.000,5143,1,ME,MBC
3446,228506,BC,191.000,5144,2007,EE,BC
3447,271874,BC,191.000,5145,2712,CS,OC
3448,421859,MBC,191.000,5146,2377,EC,MBC
3449,385487,BC,191.000,5148,2005,IT,BC
3450,331568,MBC,191.000,5149,2007,EE,MBC
3451,221235,BC,191.000,5150,1432,AD,OC
3452,201455,OC,191.000,5152,1399,AM,OC
3453,375957,BC,191.000,5153,2005,IT,BC
3454,384993,MBC,191.000,5154,2005,AM,MBC
3455,346861,BC,191.000,5155,2739,CS,BC
3456,350989,BC,191.000,5156,1399,CS,BC
3457,380930,BC,191.000,5158,1399,CS,BC
3458,469816,BC,191.000,5159,2377,AD,BC
3459,204680,BC,191.000,5160,2,CH,BC
3460,331778,BC,191.000,5161,1399,CS,BC
3461,332519,MBC,191.000,5162,4,AE,MBC
3462,388052,BC,191.000,5164,2712,CS,OC
3463,343437,BC,191.000,5165,1,IE,OC
3464,399054,BC,191.000,5168,2739,CS,BC
3465,394279,BC,191.000,5169,2712,CS,OC
3466,391995,BC,191.000,5170,3701,EC,OC
3467,303347,MBC,191.000,5171,1,ME,MBC
3468,464101,BC,191.000,5172,2377,AD,BC
3469,332497,BC,191.000,5173,5008,CM,BC
3470,300153,MBC,191.000,5174,2006,CE,MBC
3471,495321,BC,191.000,5175,1126,EC,OC
3472,329509,BC,191.000,5176,1432,AD,OC
3473,236539,MBC,191.000,5181,1399,AM,OC
3474,401839,BC,191.000,5183,1399,CS,BC
3475,210945,BC,191.000,5184,4,AE,BC
3476,321538,BC,191.000,5187,1399,CS,BC
3477,218511,BC,191.000,5188,1,BY,BC
3478,359997,MBC,191.000,5191,4,EI,MBC
3479,310570,BC,191.000,5194,2739,CS,BC
3480,362723,MBC,191.000,5195,1399,EC,MBC
3481,489312,SC,191.000,5197,4,IM,SC
3482,334743,BC,191.000,5198,4,AE,BC
3483,428321,BC,191.000,5200,5008,CM,BC
3484,375194,BC,191.000,5201,1399,CS,BC
3485,426724,BC,191.000,5202,2006,RA,BC
3486,301611,MBC,191.000,5203,2712,CS,OC
3487,497999,MBC,191.000,5204,2007,EM,MBC
3488,395996,BC,191.000,5205,2005,AM,BC
3489,454330,BC,191.000,5206,2006,MF,OC
3490,280887,MBC,191.000,5207,2377,CS,MBC
3491,406780,BC,191.000,5208,2712,AD,OC
3492,439989,MBC,191.000,5210,5008,CG,MBC
3493,418177,BC,191.000,5211,1399,AM,OC
3494,255642,BC,191.000,5212,2712,EC,OC
3495,240549,BC,191.000,5213,4,AE,BC
3496,348244,BC,191.000,5214,2764,CS,OC
3497,412556,BC,191.000,5215,2718,CS,OC
3498,206376,BC,191.000,5216,1211,EC,OC
3499,220204,OC,191.000,5217,1,IE,OC
3500,226174,BC,191.000,5218,2006,ME,BC
3501,250011,MBC,191.000,5219,2751,EC,OC
3502,236163,OC,191.000,5220,1211,CS,OC
3503,242634,BC,191.000,5221,4962,AD,OC
3504,310286,BC,191.000,5222,2764,AD,OC
3505,333053,BC,191.000,5223,1399,AM,OC
3506,211138,BC,191.000,5225,2739,CS,BC
3507,347552,MBC,191.000,5226,1399,EC,MBC
3508,381329,BCM,191.000,5227,2377,CS,BCM
3509,236112,BC,191.000,5228,2006,RA,BC
3510,229377,BC,191.000,5229,2712,EC,OC
3511,259433,MBC,191.000,5230,1211,CS,OC
3512,282630,BCM,191.000,5231,1399,CS,BCM
3513,392986,BCM,191.000,5232,1520,CB,OC
3514,409966,BC,191.000,5233,2377,EV,OC
3515,368246,BCM,191.000,5234,1211,CS,OC
3516,251148,MBC,191.000,5235,1399,CS,MBC
3517,255723,MBC,191.000,5236,1211,CS,OC
3518,270133,BC,191.000,5237,5008,CM,BC
3519,385804,OC,191.000,5238,1,XC,OC
3520,207906,BC,191.000,5239,1399,CB,OC
3521,302961,BC,191.000,5240,2739,CS,BC
3522,410893,BC,191.000,5246,2007,EY,OC
3523,427652,MBC,191.000,5249,2377,CS,MBC
3524,224303,BC,191.000,5250,1399,CS,BC
3525,346788,BC,191.000,5251,2710,EC,OC
3526,430481,BC,191.000,5254,1432,EC,OC
3527,302817,BC,191.000,5255,2712,AD,OC
3528,249912,BC,191.000,5256,2764,AM,OC
3529,208618,BC,191.000,5257,5008,CG,BC
3530,343845,MBC,191.000,5258,4,RA,MBC
3531,216553,BC,191.000,5259,2007,EL,OC
3532,250483,MBC,191.000,5260,2712,CS,OC
3533,235199,BC,191.000,5262,2739,CS,BC
3534,350675,BC,191.000,5263,2615,EC,OC
3535,368337,BC,191.000,5265,2007,EE,BC
3536,282497,BC,191.000,5266,5008,CM,BC
3537,294302,OC,191.000,5267,1,MN,OC
3538,383736,BC,191.000,5268,1211,EC,OC
3539,373342,BCM,191.000,5270,1210,CS,OC
3540,295090,MBC,191.000,5271,1216,EC,OC
3541,262370,BC,191.000,5273,2007,EE,BC
3542,297278,BC,191.000,5275,1399,AM,OC
3543,389661,BC,191.000,5276,2377,AD,BC
3544,258612,MBC,191.000,5277,2622,AD,OC
3545,420906,MBC,191.000,5279,2764,CS,OC
3546,264929,BC,191.000,5281,2750,AM,OC
3547,294512,BC,191.000,5284,1399,AM,OC
3548,357924,MBC,191.000,5286,1216,CS,OC
3549,377482,MBC,191.000,5287,1399,CS,MBC
3550,436586,BC,191.000,5289,1211,EC,OC
3551,212885,MBC,191.000,5290,2377,EC,MBC
3552,364378,BC,191.000,5291,5008,EE,OC
3553,342906,BC,191.000,5294,2377,AD,BC
3554,258270,BC,191.000,5298,2006,BY,OC
3555,333874,SC,191.000,5299,4,EM,SC
3556,393739,BC,191.000,5300,2005,AM,BC
3557,279068,SC,191.000,5302,4,EM,SC
3558,320537,BC,191.000,5303,1399,EC,BC
3559,244302,BC,191.000,5306,2,CH,BC
3560,300105,MBC,191.000,5307,2006,CE,MBC
3561,419240,MBC,191.000,5308,2007,AT,MBC
3562,492541,BC,191.000,5312,1211,CS,OC
3563,251285,MBC,191.000,5314,5008,CM,MBC
3564,378954,BC,191.000,5316,2006,MF,OC
3565,444297,BC,191.000,5317,1432,CS,OC
3566,480262,MBC,191.000,5319,2329,AD,OC
3567,226305,BC,191.000,5320,1399,EV,OC
3568,287000,BC,191.000,5321,1399,AD,OC
3569,387788,BC,191.000,5323,2006,IY,OC
3570,306273,BC,191.000,5325,2025,CS,OC
3571,317862,BC,191.000,5326,5008,IM,OC
3572,423898,MBC,191.000,5327,4,RA,MBC
3573,457523,BC,191.000,5329,1399,AD,OC
3574,335130,BC,191.000,5331,1399,EV,OC
3575,255524,BC,191.000,5332,1399,CS,BC
3576,224121,BC,191.000,5333,1211,EC,OC
3577,393872,BC,191.000,5334,2739,CS,BC
3578,367802,MBC,191.000,5335,2377,AD,MBC
3579,471507,BC,191.000,5337,2377,AD,BC
3580,200638,BC,191.000,5338,2764,EC,OC
3581,358055,BC,191.000,5339,2739,CS,BC
3582,343178,BC,191.000,5340,1399,EV,OC
3583,370760,BC,191.000,5341,1399,CS,BC
3584,358491,BC,191.000,5342,5901,CE,OC
3585,441434,MBC,191.000,5343,5901,EC,OC
3586,278792,BC,191.000,5344,5008,CM,BC
3587,212704,MBC,191.000,5347,4,RA,MBC
3588,210726,BC,191.000,5348,1399,EA,OC
3589,284063,BC,191.000,5350,2712,CS,OC
3590,362343,MBC,191.000,5352,1399,IT,OC
3591,289567,BC,191.000,5353,5008,EE,OC
3592,283193,BC,191.000,5354,2006,BS,OC
3593,397484,BC,191.000,5355,2006,BY,OC
3594,262219,BC,191.000,5356,5008,CM,BC
3595,263417,MBC,191.000,5358,2739,CS,MBC
3596,217358,BC,191.000,5361,5008,EM,BC
3597,291910,BC,191.000,5363,2377,AD,BC
3598,400550,MBC,191.000,5365,2,IB,OC
3599,351647,BC,191.000,5366,1399,CS,BC
3600,248713,BC,191.000,5368,5008,CM,BC
3601,394211,OC,191.000,5369,2712,CS,OC
3602,236353,BC,191.000,5370,5008,CM,BC
3603,426264,MBC,191.000,5375,2712,CS,OC
3604,289087,BC,191.000,5376,2,CH,BC
3605,355329,BC,191.000,5377,2615,AM,OC
3606,255388,BC,191.000,5379,1,CE,BC
3607,428992,BC,191.000,5380,2712,CS,OC
3608,214669,BC,191.000,5383,5008,EM,BC
3609,342692,BC,191.000,5384,2006,ME,BC
3610,226473,OC,191.000,5385,4,PR,OC
3611,245326,BC,191.000,5386,1399,EA,OC
3612,303778,BC,191.000,5387,2006,CE,BC
3613,399197,SC,191.000,5389,4,EC,SC
3614,241490,BC,191.000,5390,2739,CS,BC
3615,377174,BC,191.000,5392,1216,AD,OC
3616,424005,SC,191.000,5395,4,AT,SC
3617,292905,BC,191.000,5401,2712,AD,OC
3618,371257,BC,191.000,5402,2712,CS,OC
3619,257812,MBC,191.000,5403,5910,CS,OC
3620,478587,BC,191.000,5404,1399,CS,BC
3621,241647,BC,191.000,5405,5008,IM,OC
3622,359995,BCM,191.000,5412,1432,CS,OC
3623,416532,MBC,191.000,5413,2377,EC,MBC
3624,486782,SC,191.000,5415,4,IM,SC
3625,344867,MBC,191.000,5418,1211,EC,OC
3626,220655,BC,191.000,5419,1399,CS,BC
3627,340925,MBC,191.000,5421,1432,CS,OC
3628,313405,MBC,191.000,5423,1399,CS,MBC
3629,224485,BC,191.000,5424,5008,EU,OC
3630,241743,SCA,191.000,5425,1,CM,SCA
3631,297085,BCM,191.000,5426,1399,CS,BCM
3632,440105,BC,191.000,5427,2622,CS,OC
3633,357459,BC,191.000,5428,2005,CE,OC
3634,407719,MBC,191.000,5430,4,AE,MBC
3635,416012,MBC,191.000,5431,4974,CS,OC
3636,442056,BC,191.000,5434,2764,AM,OC
3637,422220,BC,191.000,5437,5910,CS,OC
3638,375295,BC,191.000,5439,2007,EL,OC
3639,327372,MBC,191.000,5440,2615,EC,OC
3640,374537,MBC,191.000,5441,1399,CS,MBC
3641,442253,MBC,191.000,5442,1,CE,MBC
3642,206315,BC,191.000,5445,1399,CS,BC
3643,366400,BC,191.000,5448,1211,AD,OC
3644,293197,MBC,191.000,5450,2007,EL,OC
3645,420898,SC,191.000,5453,2377,CS,SC
3646,342709,MBC,191.000,5455,2005,AM,MBC
3647,249448,BC,191.000,5462,2750,AD,OC
3648,432457,BC,191.000,5463,2622,CS,OC
3649,301930,BC,191.000,5464,2706,EC,OC
3650,464593,OC,191.000,5466,1126,AD,OC
3651,298084,BC,191.000,5467,2712,EC,OC
3652,304705,BC,191.000,5470,2739,EC,OC
3653,290230,BC,191.000,5471,1399,ME,OC
3654,467319,BC,191.000,5474,2377,AD,BC
3655,377940,BC,191.000,5475,1399,IT,OC
3656,416539,MBC,191.000,5476,5008,CM,MBC
3657,374859,MBC,191.000,5477,2710,EC,OC
3658,427637,BC,191.000,5478,1,BY,BC
3659,242288,BC,191.000,5481,2712,CS,OC
3660,351522,BC,191.000,5482,2712,CS,OC
3661,318159,BC,191.000,5483,2005,IT,BC
3662,397359,BC,191.000,5484,1216,CS,OC
3663,201158,BC,191.000,5487,2377,AD,BC
3664,419416,BC,191.000,5493,4,AU,OC
3665,206669,BC,191.000,5496,2615,EC,OC
3666,298307,BC,191.000,5498,2739,EC,OC
3667,321958,BC,191.000,5502,1399,IT,OC
3668,470436,BCM,191.000,5503,2622,AD,OC
3669,401354,BC,191.000,5507,2712,EC,BC
3670,236781,BC,191.000,5508,5008,EM,BC
3671,341420,MBC,191.000,5511,1399,CS,MBC
3672,444552,MBC,191.000,5516,2750,EC,OC
3673,399016,BCM,191.000,5518,1,ME,BCM
3674,327654,MBC,191.000,5521,2608,SC,OC
3675,247652,BC,191.000,5523,2739,CS,BC
3676,449134,OC,191.000,5526A,5901,EC,OC
3677,444713,BCM,191.000,5527,4974,CS,OC
3678,384256,SC,191.000,5528,4,AE,SC
3679,241811,BC,191.000,5529,2377,EV,OC
3680,201280,BC,191.000,5531,1399,EA,OC
3681,286895,SC,191.000,5532,4,IM,SC
3682,339308,BC,191.000,5533,1399,AM,OC
3683,254761,BC,191.000,5537,1399,IT,OC
3684,380669,MBC,191.000,5539,2377,EC,MBC
3685,349097,MBC,191.000,5541,1399,CS,MBC
3686,420868,BC,191.000,5542,2712,EC,BC
3687,269442,BC,191.000,5543,2007,EE,BC
3688,206265,BC,191.000,5544,1399,AM,OC
3689,395965,MBC,191.000,5545,5008,CG,MBC
3690,447962,MBC,191.000,5547,1432,EC,OC
3691,200982,MBC,190.920,5548,5009,CF,OC
3692,468994,BC,190.720,5549,2005,EE,OC
3693,397632,MBC,190.667,5550,1211,CS,OC
3694,291342,BCM,190.667,5552,1399,CS,BCM
3695,450991,MBC,190.500,5553,4,RA,MBC
3696,432159,BC,190.500,5554,1211,AL,OC
3697,354273,BC,190.500,5555,2764,CS,OC
3698,387268,BC,190.500,5557,2712,AD,OC
3699,354607,BC,190.500,5558,5008,IM,OC
3700,267321,BC,190.500,5560,2006,ME,BC
3701,220778,BC,190.500,5561,5901,EC,OC
3702,260004,BC,190.500,5562,1399,CS,BC
3703,436000,BC,190.500,5564,2006,IY,OC
3704,262476,BCM,190.500,5565,2006,EE,BCM
3705,285499,BC,190.500,5566,2006,ME,BC
3706,214761,MBC,190.500,5567,2006,RA,MBC
3707,365022,SC,190.500,5568,4,EC,SC
3708,220921,BC,190.500,5569,2377,AD,BC
3709,391423,MBC,190.500,5570,1399,EC,MBC
3710,234058,MBC,190.500,5573,2006,RA,MBC
3711,346612,MBC,190.500,5574,2007,EM,MBC
3712,401182,MBC,190.500,5575,5008,IM,OC
3713,397160,MBC,190.500,5576,2377,AD,MBC
3714,485664,MBC,190.500,5578,2751,IT,OC
3715,201203,BC,190.500,5579,2006,IY,OC
3716,400260,BC,190.500,5580,2622,CS,OC
3717,322889,BC,190.500,5581,2707,EE,OC
3718,487171,OC,190.500,5582,1211,AD,OC
3719,353537,MBC,190.500,5583,1,CE,MBC
3720,209970,MBC,190.500,5584,2739,AM,OC
3721,300643,BC,190.500,5585,5008,EL,OC
3722,281782,BC,190.500,5586,5008,EL,OC
3723,433480,BC,190.500,5587,2377,AD,BC
3724,213171,BCM,190.500,5588,2377,AD,BCM
3725,202357,BC,190.500,5588A,1399,AD,OC
3726,264761,BC,190.500,5589,2007,EE,BC
3727,384213,BC,190.500,5591,2006,ME,BC
3728,312210,BC,190.500,5593,2712,EC,BC
3729,205310,MBC,190.500,5596,5008,EM,MBC
3730,360515,MBC,190.500,5597,2615,CS,OC
3731,365421,BCM,190.500,5598,2005,AM,BCM
3732,349525,BC,190.500,5600,1399,IT,OC
3733,216771,MBC,190.500,5601,1,ME,MBC
3734,419372,MBC,190.500,5602,2710,AD,OC
3735,367335,BC,190.500,5604,1399,EE,OC
3736,423895,BCM,190.500,5605,1399,EC,BCM
3737,397058,BC,190.500,5606,2005,IT,BC
3738,343434,MBC,190.500,5607,1432,CS,OC
3739,212914,MBC,190.500,5609,4,AE,MBC
3740,319427,MBC,190.500,5610,2005,CE,OC
3741,323284,SC,190.500,5611,4,IM,SC
3742,448024,ST,190.500,5612,1,CM,ST
3743,273378,BC,190.500,5613,1432,CS,OC
3744,332354,MBC,190.500,5614,2377,CS,MBC
3745,341072,BC,190.500,5619,2712,EC,BC
3746,217352,BC,190.500,5620,1,BY,BC
3747,236973,BC,190.500,5622,4,AE,BC
3748,403456,MBC,190.500,5623,2006,CN,OC
3749,468695,MBC,190.500,5625,2329,AD,OC
3750,303882,BC,190.500,5626,1399,AM,OC
3751,292204,MBC,190.500,5629,1399,CS,MBC
3752,399216,BC,190.500,5630,1399,IT,OC
3753,481060,BC,190.500,5632,1432,ME,OC
3754,368622,BC,190.500,5633,2377,AD,BC
3755,260868,MBC,190.500,5634,1399,CS,MBC
3756,401645,BC,190.500,5635,1399,AM,OC
3757,385782,BC,190.500,5636,2377,EV,OC
3758,283716,MBC,190.500,5637,2007,AT,MBC
3759,262168,MBC,190.500,5638,1211,EC,OC
3760,264310,BC,190.500,5639,2712,CS,OC
3761,246205,MBC,190.500,5640,1399,CS,MBC
3762,219207,BC,190.500,5641,1450,CS,OC
3763,440241,BC,190.500,5642,2764,EC,OC
3764,406761,MBC,190.500,5643,2764,EC,OC
3765,239523,MBC,190.500,5645,5008,EL,OC
3766,398996,BC,190.500,5647,5008,EY,OC
3767,277286,OC,190.500,5648,2718,AM,OC
3768,420733,BC,190.500,5651,2005,EE,OC
3769,262839,BC,190.500,5652,2739,CS,BC
3770,216137,BCM,190.500,5653,4954,CS,OC
3771,235568,BC,190.500,5654,5008,EL,OC
3772,203869,BC,190.500,5655,2712,CS,OC
3773,266280,BC,190.500,5656,1399,AM,OC
3774,278002,SC,190.500,5657,2006,CG,SC
3775,293987,BC,190.500,5659,1432,AM,OC
3776,369750,BC,190.500,5660,2007,EE,BC
3777,270728,BC,190.500,5661,2739,AM,OC
3778,338363,BC,190.500,5663,1216,CS,OC
3779,364729,BC,190.500,5664,5008,EM,BC
3780,306899,BC,190.500,5665,1399,EC,BC
3781,441550,MBC,190.500,5666,2329,AD,OC
3782,405877,BC,190.500,5667,2739,AM,OC
3783,444099,BCM,190.500,5668,1211,CS,OC
3784,351870,MBC,190.500,5672,5008,CM,MBC
3785,256947,BC,190.500,5673,5008,IM,OC
3786,378705,MBC,190.500,5674,3843,CE,OC
3787,271974,MBC,190.500,5676,2377,AD,MBC
3788,452933,BC,190.500,5680,5008,IM,OC
3789,352834,BC,190.500,5681,1399,AM,OC
3790,427217,BC,190.500,5682,1399,IT,OC
3791,268020,BC,190.500,5683,2615,EC,OC
3792,368391,MBC,190.500,5685,1399,EC,MBC
3793,419318,MBC,190.500,5686,2739,EC,MBC
3794,350796,BC,190.500,5687,2,CH,BC
3795,279652,MBC,190.500,5689,2007,EE,MBC
3796,204782,BC,190.500,5690,2712,CS,OC
3797,281402,BC,190.500,5691,5008,CG,BC
3798,434248,BC,190.500,5693,2718,CS,OC
3799,348577,BCM,190.500,5696,2006,ME,BCM
3800,342832,BC,190.500,5699,2377,RI,OC
3801,475937,BC,190.500,5700,2006,RA,BC
3802,229738,BC,190.500,5701,2712,CS,OC
3803,387251,MBC,190.500,5703,2005,EI,OC
3804,294567,MBC,190.500,5705,2007,IM,MBC
3805,286518,MBC,190.500,5706,1399,CS,MBC
3806,423539,SC,190.500,5707,4,IM,SC
3807,352467,BC,190.500,5711,2006,IY,OC
3808,206053,BC,190.500,5712,5008,CG,BC
3809,307388,BC,190.500,5714,1432,EC,OC
3810,321384,BC,190.500,5716,5008,CW,OC
3811,463932,BC,190.500,5718,2005,CE,OC
3812,405665,MBC,190.500,5719,5901,CS,OC
3813,220142,MBC,190.500,5720,1432,AM,OC
3814,266092,BC,190.500,5721,2377,EE,OC
3815,366882,MBC,190.500,5722,1,BY,MBC
3816,264040,MBC,190.500,5723,2739,CS,MBC
3817,427312,BC,190.500,5724,2006,RA,BC
3818,287962,BC,190.500,5725,1399,EC,BC
3819,255546,MBC,190.500,5726,2764,CS,OC
3820,393988,MBC,190.500,5728,5008,CM,MBC
3821,411364,MBC,190.500,5729,2007,EL,MBC
3822,324630,BC,190.500,5731,2712,IT,OC
3823,237725,MBC,190.500,5732,1399,EC,MBC
3824,281850,BC,190.500,5732A,1399,AM,OC
3825,373908,BC,190.500,5733,2739,CS,BC
3826,444953,BC,190.500,5735,1399,CS,BC
3827,391435,BC,190.500,5736,5008,EM,BC
3828,467028,MBC,190.500,5738,2007,EE,MBC
3829,406155,MBC,190.500,5739,1399,CS,MBC
3830,307660,MBC,190.500,5740,2377,AD,MBC
3831,398865,BC,190.500,5741,2739,CS,BC
3832,424104,OC,190.500,5743,2377,IC,OC
3833,220826,MBC,190.500,5744,1432,CS,OC
3834,266846,BC,190.500,5748,2007,EE,BC
3835,386955,BC,190.500,5749,2710,CS,OC
3836,362354,BC,190.500,5750,5008,EU,OC
3837,354296,BC,190.500,5751,2,CL,OC
3838,358364,MBC,190.500,5752,2007,EE,MBC
3839,427498,MBC,190.500,5753,2753,BM,OC
3840,227951,BC,190.500,5754,2007,EY,OC
3841,309289,BC,190.500,5755,2377,EV,OC
3842,370844,BC,190.500,5756,2,CH,BC
3843,367624,MBC,190.500,5757,2377,EC,MBC
3844,254952,BC,190.500,5758,1399,IT,OC
3845,269109,MBC,190.500,5759,4,RA,MBC
3846,343410,BC,190.500,5760,1399,IT,OC
3847,474044,MBC,190.500,5761,1399,EC,MBC
3848,347363,BC,190.500,5763,2005,EE,OC
3849,392871,BC,190.500,5765,1211,EC,OC
3850,345560,BC,190.500,5766,1399,EC,BC
3851,378682,BC,190.500,5769,2739,CS,BC
3852,252566,SC,190.500,5770,4,IM,SC
3853,365173,MBC,190.500,5771,2615,EC,OC
3854,396871,BC,190.500,5773,1399,CS,BC
3855,377904,BC,190.500,5775,1,GI,OC
3856,347361,BC,190.500,5777,2739,CS,BC
3857,342673,BC,190.500,5778,2006,ME,BC
3858,309527,BC,190.500,5780,1399,CS,BC
3859,262933,BC,190.500,5781,2006,ME,BC
3860,445959,BC,190.500,5782,2005,AM,BC
3861,479285,BC,190.500,5783,2377,RI,OC
3862,498750,BCM,190.500,5784,1399,CS,BCM
3863,413897,MBC,190.500,5785,2,AP,OC
3864,372331,MBC,190.500,5786,2005,EE,OC
3865,340834,BC,190.500,5787,2712,CS,OC
3866,242553,BCM,190.500,5788,1211,CS,OC
3867,428087,BC,190.500,5789,2739,CS,BC
3868,334575,MBC,190.500,5792,1432,SC,OC
3869,453631,BC,190.500,5795,1399,CS,BC
3870,213408,BC,190.500,5796,1399,EC,BC
3871,357943,BC,190.500,5797,2005,AM,BC
3872,235294,MBC,190.500,5798,2622,EC,OC
3873,467365,MBC,190.500,5799,2329,AD,OC
3874,212221,MBC,190.500,5803,2007,EL,MBC
3875,298393,BC,190.500,5804,1211,EC,OC
3876,358205,MBC,190.500,5805,2750,AD,OC
3877,320616,MBC,190.500,5806,2005,EE,OC
3878,286745,BC,190.500,5807,1399,AM,OC
3879,355836,BC,190.500,5810,2718,CS,OC
3880,321927,MBC,190.500,5811,5008,EM,MBC
3881,371262,BC,190.500,5812,5008,EM,BC
3882,379911,BCM,190.500,5813,4955,CS,OC
3883,329846,MBC,190.500,5814,2377,AD,MBC
3884,365060,BC,190.500,5815,2006,CE,BC
3885,362456,BC,190.500,5818,1399,CS,BC
3886,320862,BC,190.500,5819,2377,EV,BC
3887,449905,BC,190.500,5821,2712,AD,OC
3888,410750,MBC,190.500,5822,2005,EE,OC
3889,443246,BC,190.500,5824,1432,AD,OC
3890,301692,BC,190.500,5825,1399,EA,OC
3891,343814,BC,190.500,5827,4,PR,OC
3892,491034,MBC,190.500,5828,1432,CS,OC
3893,485651,MBC,190.500,5831,1,BY,MBC
3894,450017,SC,190.500,5832,4,AE,SC
3895,436256,BC,190.500,5833,2712,CS,OC
3896,409041,BC,190.500,5834,2712,CS,OC
3897,339385,BC,190.500,5835,1211,CS,OC
3898,289503,BC,190.500,5839,2712,CS,OC
3899,248023,MBC,190.500,5840,1432,CS,OC
3900,219358,BC,190.500,5841,2712,EC,BC
3901,394968,BC,190.500,5842,2007,EY,OC
3902,479684,MBC,190.500,5845,1432,ME,OC
3903,394582,BC,190.500,5846,2,CH,BC
3904,281948,BC,190.500,5848,1432,CS,OC
3905,339536,BC,190.500,5849,5008,IM,OC
3906,497960,MBC,190.500,5852,2006,ME,MBC
3907,348459,MBC,190.500,5853,1399,EC,MBC
3908,333795,BC,190.500,5854,2377,EV,BC
3909,202518,MBC,190.500,5855,5008,CM,MBC
3910,351283,MBC,190.500,5858,5008,IM,OC
3911,329619,BCM,190.500,5861,1211,CS,OC
3912,266436,MBC,190.500,5862,1399,CS,MBC
3913,210479,BC,190.500,5863,2712,CS,OC
3914,267238,SC,190.500,5864,1432,EC,OC
3915,210689,BC,190.500,5865,2712,CS,OC
3916,305029,BC,190.500,5866,5008,EM,BC
3917,365676,BC,190.500,5867,2712,EC,BC
3918,322222,BC,190.500,5868,1,MA,OC
3919,335797,MBC,190.500,5869,2377,CS,MBC
3920,323529,BC,190.500,5871,2620,EC,OC
3921,281281,BC,190.500,5873,2006,BS,OC
3922,274953,BC,190.500,5874,2712,AD,OC
3923,219232,BC,190.500,5875,2377,EV,BC
3924,453347,BC,190.500,5876,1399,EC,BC
3925,238471,BC,190.500,5877,2005,IT,BC
3926,439324,MBC,190.500,5880,2750,AD,OC
3927,334003,BC,190.500,5881,2377,RI,OC
3928,337646,BC,190.500,5882,1399,EC,BC
3929,426787,BC,190.500,5883,2615,EC,OC
3930,399364,BC,190.500,5888,2710,CS,OC
3931,213800,MBC,190.500,5889,1399,CS,MBC
3932,396175,BC,190.500,5890,5008,IM,OC
3933,285859,BC,190.500,5891,2706,EC,OC
3934,205669,MBC,190.500,5894,1399,CS,MBC
3935,320157,MBC,190.500,5897,1399,CS,MBC
3936,253724,BC,190.500,5900,2712,CS,OC
3937,266360,SC,190.500,5901,2006,ME,SC
3938,315824,MBC,190.500,5902,2712,CS,OC
3939,389915,BC,190.500,5903,2712,CS,OC
3940,200960,BC,190.500,5904,2739,EC,BC
3941,276837,MBC,190.500,5906,2743,AD,OC
3942,340121,MBC,190.500,5911,2712,CS,OC
3943,474183,BC,190.500,5913,1,IE,OC
3944,353139,BC,190.500,5914,2005,AM,BC
3945,482012,BC,190.500,5915,1399,CS,BC
3946,425517,BC,190.500,5916,1399,AM,OC
3947,271314,MBC,190.500,5917,2712,CS,OC
3948,229471,BC,190.500,5918,2615,CS,OC
3949,457928,MBC,190.500,5919,2712,AE,OC
3950,395112,BC,190.500,5920,1399,AM,OC
3951,279485,BC,190.500,5921,1,BY,BC
3952,250722,BC,190.500,5922,2377,EE,OC
3953,206325,SC,190.500,5923,1,IM,SC
3954,202519,BC,190.500,5924,4,AE,BC
3955,289664,BC,190.500,5925,2005,AM,BC
3956,206378,BC,190.500,5929,2712,EC,BC
3957,357156,MBC,190.500,5934,1216,CS,OC
3958,325662,BC,190.500,5939,2005,AM,BC
3959,406171,OC,190.500,5940,1399,IT,OC
3960,298612,MBC,190.500,5941,1,MA,OC
3961,225286,SC,190.500,5944,2006,EM,SC
3962,209553,BC,190.500,5945,2377,EV,BC
3963,329316,BC,190.500,5946,5008,IM,OC
3964,284684,MBC,190.500,5947,1,CE,MBC
3965,452598,MBC,190.500,5948,1399,CS,MBC
3966,432509,MBC,190.500,5951,1,CE,MBC
3967,226838,BCM,190.500,5955,3908,EC,OC
3968,432027,MBC,190.500,5956,2005,AM,MBC
3969,337777,BC,190.500,5957,4,AE,BC
3970,300129,MBC,190.500,5958,5008,IM,OC
3971,360063,BC,190.500,5959,2377,EE,OC
3972,488358,BC,190.500,5963,5008,EM,BC
3973,341048,BC,190.500,5967,2712,CS,OC
3974,232422,SC,190.500,5970,1,IM,SC
3975,385328,BC,190.500,5972,2007,EY,OC
3976,378559,BC,190.500,5973,5008,CW,OC
3977,357846,BC,190.500,5974,1399,IT,OC
3978,395167,BC,190.500,5977,2377,RI,OC
3979,363402,BC,190.500,5978,1,IE,OC
3980,415664,BC,190.500,5979,2006,MF,OC
3981,452487,BC,190.500,5980,2718,EC,OC
3982,459650,BC,190.500,5981,1399,IT,OC
3983,419403,BC,190.500,5982,1432,CB,OC
3984,206348,BC,190.500,5984,2007,EY,OC
3985,451910,MBC,190.500,5985,1432,AD,OC
3986,200187,BC,190.500,5986,1399,EA,OC
3987,424127,BC,190.500,5988,1399,EE,OC
3988,221468,BC,190.500,5990,5008,CW,OC
3989,499452,BC,190.500,5993,2622,AM,OC
3990,225914,BCM,190.500,5994,2006,EE,BCM
3991,330230,MBC,190.500,5996,2710,EC,OC
3992,388173,BC,190.500,5998,2377,EE,OC
3993,428267,BC,190.500,5999,2751,EC,OC
3994,358489,BC,190.500,6000,2615,CS,OC
3995,249639,BC,190.500,6003,1399,AM,OC
3996,487599,BC,190.500,6005,4,AE,BC
3997,366949,BC,190.500,6006,1304,EC,OC
3998,227923,BC,190.500,6007,2739,AD,OC
3999,315327,BC,190.500,6008,1399,CS,BC
4000,231917,BC,190.500,6011,1399,EE,OC
4001,390990,BC,190.500,6013,2377,EE,OC
4002,253499,BC,190.500,6014,1399,IT,OC
4003,413052,SC,190.500,6016,5008,CE,OC
4004,464754,BC,190.500,6017,1211,CS,OC
4005,228140,SC,190.500,6018,1,IM,SC
4006,270876,BC,190.500,6021,2615,EC,OC
4007,306274,MBC,190.500,6023,2006,ME,MBC
4008,426257,BC,190.500,6024,1211,CS,OC
4009,481447,BCM,190.500,6025,2329,AD,OC
4010,345956,BC,190.500,6029,1399,AD,OC
4011,305322,BC,190.500,6030,1399,AD,OC
4012,213232,BC,190.500,6031,1399,EA,OC
4013,377127,OC,190.500,6033,2377,EE,OC
4014,452316,OC,190.500,6034,1399,EE,OC
4015,350942,BCM,190.500,6038,2377,EC,BCM
4016,449207,BC,190.500,6039,1216,SC,OC
4017,364066,MBC,190.500,6041,2673,EE,OC
4018,297351,MBC,190.500,6042,1399,EC,MBC
4019,433058,SC,190.500,6043,2025,EC,OC
4020,347177,BC,190.500,6044,1399,AD,OC
4021,490420,SC,190.500,6045,1399,CS,SC
4022,410687,MBC,190.500,6047,1399,CS,MBC
4023,354589,BC,190.500,6049,4,AE,BC
4024,217020,BC,190.250,6050,2739,CS,BC
4025,423567,BC,190.000,6051,2712,CS,OC
4026,227730,BC,190.000,6052,2739,CS,BC
4027,332363,BC,190.000,6054,1399,IT,OC
4028,338290,BC,190.000,6055,2712,CS,BC
4029,499252,BCM,190.000,6056,1399,CS,BCM
4030,233059,BC,190.000,6059,2,CH,BC
4031,271097,MBC,190.000,6061,2377,CS,MBC
4032,406194,BC,190.000,6062,2377,RI,OC
4033,428303,SC,190.000,6063,2005,EC,SC
4034,205679,SC,190.000,6064,2,CH,SC
4035,397595,BC,190.000,6065,1399,CS,BC
4036,354003,MBC,190.000,6066,2712,AD,OC
4037,284407,BC,190.000,6067,1211,CS,OC
4038,488715,MBC,190.000,6069,5010,CS,OC
4039,353208,BC,190.000,6070,1211,EC,OC
4040,289210,BC,190.000,6071,5008,EM,BC
4041,341670,BC,190.000,6072,1399,IT,OC
4042,335486,BC,190.000,6073,5008,EL,OC
4043,372240,BC,190.000,6074,1,IE,OC
4044,285765,BC,190.000,6075,2005,IT,BC
4045,308215,BC,190.000,6076,5008,EM,BC
4046,433574,BC,190.000,6080,2712,CS,BC
4047,318633,BC,190.000,6081,1432,CS,OC
4048,329868,BC,190.000,6083,1399,EC,BC
4049,354287,BC,190.000,6084,5008,IM,OC
4050,320933,MBC,190.000,6085,5008,EE,MBC
4051,296400,MBC,190.000,6087,2739,CS,MBC
4052,294263,BC,190.000,6089,1432,AM,OC
4053,330525,BC,190.000,6091,4,AE,BC
4054,409628,BC,190.000,6092,5008,CG,BC
4055,210253,BC,190.000,6094,1399,CS,BC
4056,376207,BC,190.000,6097,1399,CS,BC
4057,297614,BC,190.000,6098,1,GI,OC
4058,340748,BC,190.000,6099,4962,IT,OC
4059,206103,SC,190.000,6100,2006,EM,SC
4060,236749,MBC,190.000,6101,5008,EM,MBC
4061,294511,MBC,190.000,6103,2764,AM,OC
4062,236587,BC,190.000,6104,2739,AD,OC
4063,258124,BC,190.000,6105,2,CL,OC
4064,323882,BC,190.000,6106,2005,IT,BC
4065,238268,SC,190.000,6107,4,CM,SC
4066,476987,BC,190.000,6109,2739,CS,BC
4067,386977,BC,190.000,6112,5008,IM,OC
4068,326658,BC,190.000,6115,2750,AM,OC
4069,268144,MBC,190.000,6116,5008,IM,OC
4070,224556,MBC,190.000,6117,2377,EV,MBC
4071,241531,MBC,190.000,6118,5008,EM,MBC
4072,367080,BC,190.000,6120,2377,EV,BC
4073,441071,MBC,190.000,6121,2712,AD,OC
4074,279254,BCM,190.000,6123,1,IE,OC
4075,440429,BC,190.000,6124,2377,RI,OC
4076,344728,BC,190.000,6125,2712,CS,BC
4077,343800,BC,190.000,6128,5008,IM,OC
4078,266953,SC,190.000,6129,4,AT,SC
4079,293795,BC,190.000,6131,2646,EC,OC
4080,397640,BC,190.000,6132,4974,EE,OC
4081,358318,SC,190.000,6133,2764,CS,OC
4082,277947,BCM,190.000,6134,5907,AD,OC
4083,360310,BC,190.000,6136,2712,CS,BC
4084,385316,MBC,190.000,6137,2,CH,MBC
4085,414629,BC,190.000,6138,2739,EC,BC
4086,410328,BC,190.000,6139,1399,IT,OC
4087,221501,BC,190.000,6140,3801,AD,OC
4088,375646,BC,190.000,6141,4,AE,BC
4089,263435,BC,190.000,6143,2712,CS,BC
4090,347733,BC,190.000,6144,2615,CS,OC
4091,249988,BC,190.000,6145,2377,EV,BC
4092,436780,MBC,190.000,6146,1,ME,MBC
4093,259746,BC,190.000,6147,5008,CG,BC
4094,356942,BC,190.000,6148,2006,MT,OC
4095,283254,BC,190.000,6149,1399,CS,BC
4096,321428,SC,190.000,6150,1,EL,SC
4097,406706,MBC,190.000,6153,2005,EI,OC
4098,365352,MBC,190.000,6154,1450,EE,OC
4099,232484,SC,190.000,6155,4,CM,SC
4100,207324,BC,190.000,6156,5008,EE,BC
4101,201115,BC,190.000,6159,2712,CS,BC
4102,255203,BC,190.000,6160,2715,AD,OC
4103,380290,BC,190.000,6161,1,XC,OC
4104,346856,BC,190.000,6163,2712,CS,BC
4105,259185,BC,190.000,6165,2718,CS,OC
4106,332408,BC,190.000,6166,1399,EA,BC
4107,444283,BC,190.000,6168,2712,AD,OC
4108,394998,BC,190.000,6169,2712,CS,BC
4109,223919,OC,190.000,6171,1,GI,OC
4110,386097,BC,190.000,6172,2615,EC,OC
4111,216113,BCM,190.000,6173,5910,AM,OC
4112,380851,OC,190.000,6174,1211,AD,OC
4113,394039,BCM,190.000,6176,4,RA,BCM
4114,467285,BC,190.000,6178,2377,EE,OC
4115,352571,BC,190.000,6179,4,PR,OC
4116,218579,BC,190.000,6181,2,CH,BC
4117,364595,BC,190.000,6182,1399,IT,OC
4118,347395,MBC,190.000,6183,5008,IM,OC
4119,279734,OC,190.000,6184,2006,IY,OC
4120,264392,BC,190.000,6186,1399,AM,OC
4121,472291,BC,190.000,6187,1399,CS,BC
4122,458937,SC,190.000,6189,1,ME,SC
4123,316696,OC,190.000,6190,1450,CS,OC
4124,410140,ST,190.000,6194,2005,CE,OC
4125,483890,SC,190.000,6196,4,IM,SC
4126,206127,SC,190.000,6199,4,EI,SC
4127,333976,MBC,190.000,6200,4,RA,MBC
4128,221353,BC,190.000,6202,1399,AD,OC
4129,298873,MBC,190.000,6203,1216,CS,OC
4130,299890,SC,190.000,6204,1,ME,SC
4131,348145,BCM,190.000,6205,4,PR,OC
4132,281446,BCM,190.000,6206,1399,EC,BCM
4133,313210,BC,190.000,6208,2712,CS,BC
4134,205330,BC,190.000,6209,2764,CS,OC
4135,427393,BC,190.000,6210,2712,EC,BC
4136,398923,BC,190.000,6212,1399,CS,BC
4137,429867,BC,190.000,6213,2615,EC,OC
4138,206138,MBC,190.000,6214,1,CE,MBC
4139,257970,OC,190.000,6215,2739,AD,OC
4140,394828,OC,190.000,6216,5008,EL,OC
4141,391725,BC,190.000,6217,1211,CS,OC
4142,443810,BC,190.000,6220,2739,EC,BC
4143,253813,BC,190.000,6221,2712,AD,OC
4144,385464,BC,190.000,6222,1399,CS,BC
4145,338801,BC,190.000,6223,2007,EY,OC
4146,295255,MBC,190.000,6225,1432,CS,OC
4147,428883,BC,190.000,6227,2718,EC,OC
4148,236041,BC,190.000,6228,2,CH,BC
4149,362501,BC,190.000,6230,2377,EE,OC
4150,227208,MBC,190.000,6231,1399,CS,MBC
4151,349804,BC,190.000,6232,2025,AD,OC
4152,458325,SC,190.000,6233,1,EL,SC
4153,353242,BC,190.000,6234,2007,ME,OC
4154,308102,BC,190.000,6235,1399,CS,BC
4155,247124,MBC,190.000,6236,2712,CS,MBC
4156,271404,BC,190.000,6237,2706,CS,OC
4157,318650,BC,190.000,6238,2005,EI,OC
4158,467502,BC,190.000,6240,2006,CE,BC
4159,473363,MBC,190.000,6242,2740,AD,OC
4160,400564,BC,190.000,6244,2,CL,OC
4161,263483,BC,190.000,6245,4024,CS,OC
4162,409262,BC,190.000,6247,4974,CS,OC
4163,441867,BC,190.000,6248,2750,AE,OC
4164,242890,BC,190.000,6249,4962,CS,OC
4165,215432,BC,190.000,6250,2,CH,BC
4166,357527,BC,190.000,6253,2005,EE,OC
4167,314142,BC,190.000,6254,2377,EE,OC
4168,215639,BC,190.000,6255,2712,CS,BC
4169,352040,MBC,190.000,6256,2005,AM,MBC
4170,273616,BC,190.000,6257,1399,CS,BC
4171,256446,MBC,190.000,6260,1399,CS,MBC
4172,326863,MBC,190.000,6261,2007,EE,MBC
4173,383319,BCM,190.000,6262,1,ME,BCM
4174,205364,BC,190.000,6263,2377,RI,OC
4175,428374,BC,190.000,6264,2712,CS,BC
4176,468621,MBC,190.000,6265,3011,IT,OC
4177,276219,BC,190.000,6266,2706,AD,OC
4178,375041,BCM,190.000,6267,1216,CS,OC
4179,449400,MBC,190.000,6269,2005,EE,MBC
4180,288715,MBC,190.000,6270,2712,CS,MBC
4181,232669,BC,190.000,6272,1399,AM,OC
4182,318604,BC,190.000,6273,4,AU,OC
4183,343276,MBC,190.000,6279,2006,BS,OC
4184,372953,BC,190.000,6280,1211,CS,OC
4185,312355,BCM,190.000,6282,4974,CS,OC
4186,492246,MBC,190.000,6283,1399,CS,MBC
4187,201839,BC,190.000,6285,1399,EA,BC
4188,227053,MBC,190.000,6286,2615,EC,OC
4189,373635,BC,190.000,6287,2739,CS,BC
4190,332417,BC,190.000,6288,2006,IY,OC
4191,289917,SC,190.000,6289,2751,AM,OC
4192,254468,MBC,190.000,6291,1399,AM,OC
4193,254275,MBC,190.000,6292,2718,CS,OC
4194,471801,OC,190.000,6293,1432,AD,OC
4195,204930,BC,190.000,6294,1,GI,OC
4196,373782,BC,190.000,6295,1432,CS,OC
4197,349432,BC,190.000,6296,2006,CE,BC
4198,357959,BC,190.000,6298,1399,EE,OC
4199,387075,MBC,190.000,6299,2357,CS,OC
4200,358287,BC,190.000,6301,2608,EC,OC
4201,331579,BC,190.000,6303,2615,CE,OC
4202,408279,MBC,190.000,6305,1,BY,MBC
4203,230224,SC,190.000,6307,1216,CS,OC
4204,330955,MBC,190.000,6308,1399,EC,MBC
4205,303591,BC,190.000,6311,5008,EE,BC
4206,447384,BC,190.000,6313,1399,CS,BC
4207,247923,BC,190.000,6316,1211,EC,OC
4208,214737,BC,190.000,6320,1,GI,OC
4209,329343,MBC,190.000,6321,1399,CS,MBC
4210,333973,BC,190.000,6322,1211,CS,OC
4211,430179,BC,190.000,6323,2712,CS,BC
4212,247956,MBC,190.000,6324,2,CH,MBC
4213,348779,BC,190.000,6326,1399,IT,OC
4214,444998,MBC,190.000,6329,1,IE,OC
4215,209668,BC,190.000,6330,5008,IM,OC
4216,347460,MBC,190.000,6331,2750,SC,OC
4217,349283,BC,190.000,6332,2006,BS,OC
4218,376302,BC,190.000,6333,2712,CS,BC
4219,350586,BC,190.000,6334,1211,CS,OC
4220,306295,OC,190.000,6336,1399,AD,OC
4221,350817,MBC,190.000,6338,1216,CS,OC
4222,313028,MBC,190.000,6339,2618,EX,OC
4223,228578,BC,190.000,6340,1,GI,OC
4224,383918,BC,190.000,6341,1399,CS,BC
4225,340244,BC,190.000,6342,2377,RI,OC
4226,237025,BC,190.000,6344,5008,IM,OC
4227,451129,OC,190.000,6348,1211,CS,OC
4228,367357,BC,190.000,6349,4974,EC,OC
4229,273925,BC,190.000,6350,2712,CS,BC
4230,319998,MBC,190.000,6351,2007,IM,MBC
4231,306322,BCM,190.000,6353,2377,EV,BCM
4232,212187,BC,190.000,6354,1,CE,BC
4233,408127,SC,190.000,6355,2,IB,OC
4234,215968,MBC,190.000,6356,1,GI,OC
4235,347808,MBC,190.000,6357,1399,AD,OC
4236,451587,BC,190.000,6359,5008,CG,BC
4237,231276,BC,190.000,6361,2006,BS,OC
4238,354047,BC,190.000,6362,2007,ME,OC
4239,386148,BC,190.000,6366,2712,CS,BC
4240,355312,BC,190.000,6367,1432,CS,OC
4241,364902,BC,190.000,6368,2739,CS,BC
4242,211573,OC,190.000,6369,1399,AM,OC
4243,443985,OC,190.000,6370,2377,EE,OC
4244,318261,SC,190.000,6371,2,FS,OC
4245,303061,BCM,190.000,6372,1399,EC,BCM
4246,309317,BCM,190.000,6373,4,AE,BCM
4247,387923,BC,190.000,6375,2718,CS,OC
4248,367510,BCM,190.000,6377,1399,CS,BCM
4249,244493,BC,190.000,6378,5008,CG,BC
4250,307844,BC,190.000,6379,5008,EE,BC
4251,348887,BC,190.000,6381,2712,CS,BC
4252,401052,OC,190.000,6382,1399,IT,OC
4253,332712,BCM,190.000,6383,1399,IT,OC
4254,352900,BC,190.000,6384,5008,CG,BC
4255,411704,BC,190.000,6386,5008,IM,OC
4256,326723,BC,190.000,6387,2712,CS,BC
4257,434546,MBC,190.000,6389,1399,CS,MBC
4258,299835,BC,190.000,6390,4962,CS,OC
4259,308181,MBC,190.000,6391,1,ME,MBC
4260,370852,BC,190.000,6392,5008,IM,OC
4261,464121,BC,190.000,6393,1216,IT,OC
4262,279423,MBC,190.000,6396,2005,EE,MBC
4263,346416,OC,190.000,6398,5008,IM,OC
4264,457753,BC,190.000,6401,1399,CS,BC
4265,425405,BC,190.000,6402,1399,AD,OC
4266,453058,OC,190.000,6404,4,PR,OC
4267,333546,BC,190.000,6405,2005,IT,BC
4268,455813,BC,190.000,6406,2006,MF,OC
4269,443384,BC,190.000,6407,2,CL,OC
4270,242686,BC,190.000,6408,5008,IM,OC
4271,237931,OC,190.000,6410,1211,CS,OC
4272,262830,BC,190.000,6411,5008,EU,OC
4273,405197,SC,190.000,6412,4,EM,SC
4274,204882,OC,190.000,6413,1,XC,OC
4275,296451,SC,190.000,6414,5012,CC,SC
4276,263617,BC,190.000,6417,1399,IT,OC
4277,319235,BC,190.000,6420,2739,CS,BC
4278,223459,MBC,190.000,6421,2005,EE,MBC
4279,220299,BCM,190.000,6424,5008,IM,OC
4280,350959,BC,190.000,6426,1211,EC,OC
4281,395859,BC,190.000,6427,2005,IT,BC
4282,212451,BC,190.000,6428,1432,CS,OC
4283,321482,MBC,190.000,6431,2377,CS,MBC
4284,402394,MBC,190.000,6432,1211,CS,OC
4285,218764,BC,190.000,6433,4971,SC,OC
4286,271707,BCM,190.000,6434,2005,EE,BCM
4287,333158,BCM,190.000,6435,4020,AD,OC
4288,347498,SC,190.000,6437,1,ME,SC
4289,316198,BC,190.000,6438,2377,EE,OC
4290,243392,BC,190.000,6439,2006,BY,OC
4291,347414,BC,190.000,6440,1399,CS,BC
4292,408217,MBC,190.000,6441,1317,CS,OC
4293,448451,BC,190.000,6442,2622,CS,OC
4294,419204,BC,190.000,6443,2,CL,OC
4295,207667,BC,190.000,6445,1399,EV,BC
4296,250476,MBC,190.000,6446,1216,CS,OC
4297,346973,MBC,190.000,6448,1211,AL,OC
4298,201909,BC,190.000,6449,2,CL,OC
4299,215804,BC,190.000,6452,2,IB,OC
4300,221253,BC,190.000,6457,2006,MF,OC
4301,352378,MBC,190.000,6458,2006,ME,MBC
4302,486140,MBC,190.000,6459,4,AE,MBC
4303,218753,OC,190.000,6460,2006,MF,OC
4304,200430,MBC,190.000,6461,1,CE,MBC
4305,203968,BC,190.000,6463,1399,CS,BC
4306,404512,MBC,190.000,6464,2006,BS,MBC
4307,303799,BC,190.000,6465,2025,CS,OC
4308,377193,BC,190.000,6466,1211,AD,OC
4309,446593,BC,190.000,6468,2006,MF,OC
4310,313682,BC,190.000,6470A,1399,CS,BC
4311,315604,MBC,190.000,6474,1399,EC,MBC
4312,283672,BC,190.000,6475,5008,CE,OC
4313,341584,BC,190.000,6477,2615,EC,OC
4314,317251,BC,190.000,6479,1399,AM,OC
4315,347200,BC,190.000,6480,1432,CS,OC
4316,391171,MBC,190.000,6481,1211,EC,OC
4317,241153,BC,190.000,6482,1399,AM,OC
4318,452982,MBC,190.000,6483,2025,CS,OC
4319,259473,BC,190.000,6484,1,GI,OC
4320,222999,BC,190.000,6486,1399,CS,BC
4321,406459,BC,190.000,6488,2712,EE,OC
4322,302745,MBC,190.000,6489,2739,EC,MBC
4323,289833,BC,190.000,6490,1,CE,BC
4324,338224,MBC,190.000,6492,1399,CS,MBC
4325,413360,BC,190.000,6493,2377,EV,BC
4326,277849,BCM,190.000,6495,1399,AD,OC
4327,385325,BC,190.000,6497,2006,CE,BC
4328,247425,BC,190.000,6498,1419,CS,OC
4329,425792,OC,190.000,6498A,2,IB,OC
4330,488127,OC,190.000,6501,1399,IT,OC
4331,384691,MBC,190.000,6504,1399,CS,MBC
4332,399995,MBC,190.000,6505,2750,BT,OC
4333,296743,MBC,190.000,6506,1,ME,MBC
4334,348640,BC,190.000,6508,2377,EV,BC
4335,283054,SC,190.000,6510,2007,CS,SC
4336,213605,BC,190.000,6512,5008,EY,OC
4337,258063,BCM,190.000,6514,1211,AD,OC
4338,229291,BCM,190.000,6515,2377,CS,BCM
4339,480386,OC,190.000,6518,1126,AD,OC
4340,371614,BC,190.000,6520,2006,MF,BC
4341,334669,BC,190.000,6522,2,CL,OC
4342,337922,BC,190.000,6523,5008,CG,BC
4343,267023,BC,190.000,6524,2739,EC,BC
4344,426222,BC,190.000,6525,2739,CS,BC
4345,214687,MBC,190.000,6526,5008,CG,MBC
4346,281762,BC,190.000,6527,1399,IT,OC
4347,416773,BC,190.000,6531,2712,AD,OC
4348,201375,BC,190.000,6532,2739,AD,OC
4349,288142,BC,190.000,6534,2739,CS,BC
4350,312543,MBC,190.000,6535,2007,IM,MBC
4351,278630,BC,190.000,6536,2006,BS,BC
4352,452392,BC,190.000,6537,5008,EL,OC
4353,247101,BC,190.000,6538,2622,AD,OC
4354,373174,BC,190.000,6542,5008,IM,OC
4355,289742,MBC,190.000,6544,2,CH,MBC
4356,281420,BC,190.000,6545,2615,EC,OC
4357,318263,MBC,190.000,6547,1399,AM,OC
4358,372977,BC,190.000,6548,1399,CS,BC
4359,480426,OC,190.000,6549,1126,AD,OC
4360,396316,MBC,190.000,6550,2025,CS,OC
4361,399471,BCM,190.000,6551,1399,CS,BCM
4362,403893,BC,190.000,6552,2,CL,OC
4363,299925,OC,190.000,6553,2006,BY,OC
4364,229717,BC,190.000,6554,2712,IT,OC
4365,291018,BC,190.000,6555,2007,EY,OC
4366,292802,MBC,190.000,6556,2377,EC,MBC
4367,319925,SC,190.000,6557,4,IM,SC
4368,357021,MBC,190.000,6558,2025,CS,OC
4369,320996,MBC,190.000,6559,2615,AM,OC
4370,334855,BC,190.000,6560,2,IB,OC
4371,240915,MBC,190.000,6562,5008,IM,OC
4372,373953,MBC,190.000,6563,2764,CS,OC
4373,402565,MBC,190.000,6564,2377,CS,MBC
4374,490806,BC,190.000,6565,1432,BT,OC
4375,291936,BCM,190.000,6569,2739,CS,BCM
4376,406692,BC,190.000,6570,2377,EE,OC
4377,201379,BC,190.000,6572,2377,EV,BC
4378,261428,BC,190.000,6575,5008,ME,OC
4379,331119,BC,190.000,6576,1399,CS,BC
4380,334622,OC,190.000,6577,2377,EE,OC
4381,422786,BC,190.000,6579,1399,IT,OC
4382,376944,BC,190.000,6580,4,AU,OC
4383,332700,OC,190.000,6581,1399,IT,OC
4384,299978,BC,190.000,6582,2005,IT,BC
4385,487578,BC,190.000,6583,2764,IT,OC
4386,388309,BC,190.000,6584,2007,EL,BC
4387,421497,BC,190.000,6585,2712,EC,BC
4388,465370,BC,190.000,6586,1399,CS,BC
4389,446800,MBC,190.000,6587,5008,CM,MBC
4390,385173,BC,190.000,6588,2006,MF,BC
4391,411853,MBC,190.000,6589,1399,CS,MBC
4392,345704,MBC,190.000,6590,2006,RA,MBC
4393,401080,MBC,190.000,6591,2006,CE,MBC
4394,210637,BC,190.000,6592,1399,EE,OC
4395,384051,BC,190.000,6594,2739,CS,BC
4396,272532,MBC,190.000,6595,2007,EY,OC
4397,487253,BC,190.000,6598,2006,BY,OC
4398,300508,BCM,190.000,6600,4971,CS,OC
4399,480403,OC,190.000,6601,1126,AD,OC
4400,463897,MBC,190.000,6611,2712,CS,MBC
4401,400045,BC,190.000,6613,2007,CH,OC
4402,446698,OC,190.000,6614,1399,IT,OC
4403,402898,MBC,190.000,6616,3804,EE,OC
4404,433751,MBC,190.000,6620,1,MI,OC
4405,342589,BC,190.000,6621,5008,EL,OC
4406,373988,BC,190.000,6622,1399,CS,BC
4407,374138,BC,190.000,6624,2,CL,OC
4408,437683,BC,190.000,6624A,1399,AM,BC
4409,344138,BC,190.000,6626,5,AM,OC
4410,421384,MBC,189.500,6631,4962,EC,OC
4411,383423,BC,189.500,6632,1399,AM,BC
4412,347846,MBC,189.500,6633,1399,EC,MBC
4413,201566,BC,189.500,6634,2005,EE,BC
4414,409139,MBC,189.500,6636,2764,EC,OC
4415,454093,BC,189.500,6641,1399,CS,BC
4416,416040,BC,189.500,6643,5008,EE,BC
4417,337414,BC,189.500,6644,2006,MF,BC
4418,320970,BC,189.500,6645,1432,CS,OC
4419,456676,SC,189.500,6647,4,IM,SC
4420,397605,BC,189.500,6648,2007,EL,BC
4421,309291,BC,189.500,6653,2006,BY,OC
4422,385299,BC,189.500,6654,1399,AM,BC
4423,462178,OC,189.500,6656,1216,EC,OC
4424,388396,BC,189.500,6658,5008,IM,OC
4425,281428,BC,189.500,6659,5901,EC,OC
4426,280919,BC,189.500,6661,4974,CS,OC
4427,200174,MBC,189.500,6662,2007,EE,MBC
4428,241320,MBC,189.500,6664,5008,CG,MBC
4429,330699,BC,189.500,6666,1408,CS,OC
4430,430525,MBC,189.500,6669,5008,IM,OC
4431,282167,BC,189.500,6670,1211,EC,OC
4432,287695,BC,189.500,6673,2712,AD,OC
4433,363664,SC,189.500,6674,4,IM,SC
4434,231453,BCM,189.500,6675,2005,EE,BCM
4435,442219,BC,189.500,6676,2739,EC,BC
4436,373306,BC,189.500,6678,4959,CS,OC
4437,352065,MBC,189.500,6679,2,CH,MBC
4438,337286,BC,189.500,6681,5008,EE,BC
4439,415298,BC,189.500,6683,2706,CS,OC
4440,364733,BC,189.500,6684,2712,CS,BC
4441,399779,BC,189.500,6685,2712,CS,BC
4442,276018,BC,189.500,6686,2712,CS,BC
4443,229950,BC,189.500,6687,1211,AL,OC
4444,316144,BC,189.500,6688,1509,EI,OC
4445,345405,BC,189.500,6690,1211,CS,OC
4446,475768,MBC,189.500,6691,2329,SC,OC
4447,342923,BC,189.500,6692,5008,EE,BC
4448,243102,BC,189.500,6695,2712,AD,BC
4449,457731,OC,189.500,6697,2006,IY,OC
4450,243509,BC,189.500,6698,1399,AM,BC
4451,429084,MBC,189.500,6701,2377,CS,MBC
4452,347926,BC,189.500,6702,2710,CS,OC
4453,220163,BC,189.500,6703,5008,IM,OC
4454,313048,BC,189.500,6704,5008,IM,OC
4455,421846,MBC,189.500,6707,5008,EM,MBC
4456,369016,BC,189.500,6708,2712,AD,BC
4457,306028,BCM,189.500,6709,2005,EI,OC
4458,329016,BC,189.500,6710,5008,EE,BC
4459,244535,BC,189.500,6711,1211,CS,OC
4460,293330,BC,189.500,6712,1432,EC,OC
4461,378675,BC,189.500,6713,2739,IT,OC
4462,412056,OC,189.500,6714,1399,IT,OC
4463,290400,MBC,189.500,6715,5008,EM,MBC
4464,232531,MBC,189.500,6716,1317,AD,OC
4465,308556,SC,189.500,6717,2006,EE,SC
4466,277315,BC,189.500,6719,5008,IM,OC
4467,274031,BC,189.500,6720,1399,EE,OC
4468,284878,BC,189.500,6722,2007,EL,BC
4469,393155,BC,189.500,6723,2718,CS,OC
4470,400770,BC,189.500,6725,5008,IM,OC
4471,419558,BC,189.500,6726,2712,EC,BC
4472,336169,MBC,189.500,6728,1424,AD,OC
4473,348852,MBC,189.500,6730,2005,IT,MBC
4474,461295,BC,189.500,6731,2007,CH,OC
4475,250709,BC,189.500,6732,2751,AM,OC
4476,348731,OC,189.500,6733,1216,CS,OC
4477,238594,MBC,189.500,6734,1140,CS,OC
4478,213055,MBC,189.500,6735,4,AE,MBC
4479,359988,BC,189.500,6737,1,XC,OC
4480,251217,MBC,189.500,6738,2712,CS,MBC
4481,434421,BC,189.500,6739,2739,SC,OC
4482,369181,MBC,189.500,6742,2007,IM,MBC
4483,283088,MBC,189.500,6744,2006,BY,OC
4484,264255,MBC,189.500,6745,2710,CS,OC
4485,292018,BC,189.500,6746,2006,CE,BC
4486,231632,BC,189.500,6747,2750,CS,OC
4487,379795,BC,189.500,6748,2006,MF,BC
4488,457826,MBC,189.500,6750,1,ME,MBC
4489,407766,BC,189.500,6751,2712,BT,OC
4490,239877,MBC,189.500,6752,1238,AD,OC
4491,240274,SC,189.500,6753,1399,CS,SC
4492,327016,SC,189.500,6754,2006,EM,SC
4493,330815,SC,189.500,6755,1,IE,OC
4494,263245,BC,189.500,6756,1211,CS,OC
4495,257324,BC,189.500,6757,2006,CE,BC
4496,480452,OC,189.500,6758,1126,AD,OC
4497,263624,BCM,189.500,6759,1,BY,BCM
4498,347782,MBC,189.500,6761,1399,CS,MBC
4499,232633,BC,189.500,6763,1399,IT,OC
4500,427313,BC,189.500,6765,2712,AD,BC
4501,407044,BC,189.500,6766,1399,IT,OC
4502,343968,BC,189.500,6767,2764,CS,OC
4503,257868,MBC,189.500,6769,2764,EC,OC
4504,413126,MBC,189.500,6773,2006,ME,MBC
4505,238399,MBC,189.500,6775,1399,AM,MBC
4506,282483,MBC,189.500,6776,5008,CE,OC
4507,263750,BC,189.500,6778,2005,EE,BC
4508,405205,OC,189.500,6779,2,CL,OC
4509,356210,OC,189.500,6781,1211,AL,OC
4510,368872,BC,189.500,6784,2007,EL,BC
4511,350212,BC,189.500,6785,1211,CS,OC
4512,389976,BC,189.500,6786,1211,EC,OC
4513,488930,OC,189.500,6787,2712,EE,OC
4514,479764,MBC,189.500,6788,2377,EE,OC
4515,277305,BC,189.500,6789,2005,EE,BC
4516,216726,BC,189.500,6790,1399,CS,BC
4517,420474,BC,189.500,6791,5901,CS,OC
4518,259195,SC,189.500,6792,1,ME,SC
4519,253560,BC,189.500,6793,2739,EC,BC
4520,355859,BC,189.500,6795,2712,AD,BC
4521,430770,BC,189.500,6797,2005,EI,OC
4522,218732,BC,189.500,6798,2712,IT,OC
4523,263694,BC,189.500,6799,2712,CS,BC
4524,311615,BC,189.500,6800,2739,EV,OC
4525,343343,BC,189.500,6801,2718,EC,OC
4526,442663,BC,189.500,6802,1211,EC,OC
4527,352567,BCM,189.500,6805,4971,CS,OC
4528,200155,BC,189.500,6806,1113,EE,OC
4529,333573,MBC,189.500,6807,1419,EC,OC
4530,359917,BC,189.500,6808,2712,EC,BC
4531,305250,BC,189.500,6809,3801,EE,OC
4532,325366,BC,189.500,6812,1399,AM,BC
4533,224340,BC,189.500,6813,1211,CS,OC
4534,265212,BC,189.500,6814,2005,ME,OC
4535,250058,BC,189.500,6815,1,GI,OC
4536,427392,MBC,189.500,6816,1399,CS,MBC
4537,485635,MBC,189.500,6820,2615,EC,OC
4538,277434,BC,189.500,6821,1399,IT,OC
4539,491447,BC,189.500,6822,1432,BT,OC
4540,288526,BC,189.500,6823,2712,IT,OC
4541,462950,BC,189.500,6824,2739,EC,BC
4542,247891,BC,189.500,6825,1399,AM,BC
4543,318869,BC,189.500,6826,1399,EA,BC
4544,240862,BC,189.500,6827,1399,IT,OC
4545,372356,BC,189.500,6828,1211,EC,OC
4546,280401,BC,189.500,6829,2615,CS,OC
4547,384248,BC,189.500,6830,2739,AD,OC
4548,376021,MBC,189.500,6831,2710,AD,OC
4549,292947,BC,189.500,6832,4678,AD,OC
4550,209630,MBC,189.500,6833,1,XC,OC
4551,411305,MBC,189.500,6834,5008,CW,OC
4552,362225,BC,189.500,6835,2712,IT,OC
4553,357962,BC,189.500,6836,2710,CS,OC
4554,445126,BC,189.500,6840,2006,IY,OC
4555,447972,BC,189.500,6841,2006,IY,BC
4556,275078,BC,189.500,6842,2615,CS,OC
4557,353887,BC,189.500,6844,4974,EC,OC
4558,349745,MBC,189.500,6845,1211,IT,OC
4559,345515,OC,189.500,6846,1211,EC,OC
4560,234018,BC,189.500,6848,2739,CS,BC
4561,443367,BC,189.500,6849,1399,IT,OC
4562,369156,BC,189.500,6850,1399,EA,BC
4563,352864,BC,189.500,6852,2007,EL,BC
4564,268249,BC,189.500,6853,2739,EC,BC
4565,339378,MBC,189.500,6854,1399,AM,MBC
4566,348721,BC,189.500,6859,2007,CE,OC
4567,296958,SC,189.500,6860,2007,CS,SC
4568,307404,BC,189.500,6863,2712,IT,OC
4569,235883,MBC,189.500,6865,1216,SC,OC
4570,296914,BC,189.500,6866,2005,CE,OC
4571,227313,BC,189.500,6867,1,GI,OC
4572,220404,BC,189.500,6870,2005,EE,BC
4573,230239,BC,189.500,6871,1,IE,OC
4574,280490,BC,189.500,6873,1399,CS,BC
4575,274655,BC,189.500,6874,1399,IT,OC
4576,369526,BC,189.500,6877,1304,CS,OC
4577,361990,BC,189.500,6878,2739,AM,OC
4578,356408,BC,189.500,6879,5008,EY,OC
4579,283125,OC,189.500,6882,2712,EE,OC
4580,261240,BC,189.500,6883,2712,AD,BC
4581,299076,BC,189.500,6884,2712,AD,BC
4582,346370,BC,189.500,6885,1211,CS,OC
4583,297727,OC,189.500,6886,1,IE,OC
4584,431260,BC,189.500,6888,2712,EC,BC
4585,213782,BC,189.500,6889,2005,EE,BC
4586,238025,BC,189.500,6890,5008,EY,OC
4587,256206,BC,189.500,6891,2712,AD,BC
4588,356274,MBC,189.500,6892,2739,CS,MBC
4589,476916,SC,189.500,6894,4,CM,SC
4590,345469,BC,189.500,6896,1399,AM,BC
4591,368704,MBC,189.500,6897,5901,CE,OC
4592,224629,BC,189.500,6898,2006,CN,OC
4593,205202,BC,189.500,6899,2005,EE,BC
4594,287315,MBC,189.500,6900,1399,CS,MBC
4595,209353,BC,189.500,6901,1399,IT,OC
4596,244229,MBC,189.500,6903,2712,AD,MBC
4597,408189,BC,189.500,6904,2739,EC,BC
4598,238185,BC,189.500,6905,1216,CS,OC
4599,366744,BC,189.500,6906,2712,CS,BC
4600,287553,BC,189.500,6907,2712,EC,BC
4601,449951,OC,189.500,6908,1399,IT,OC
4602,263499,BC,189.500,6909,1216,CS,OC
4603,467359,BC,189.500,6911,1399,CS,BC
4604,398788,BC,189.500,6914,1399,CS,BC
4605,327218,OC,189.500,6915,1304,AD,OC
4606,444782,OC,189.500,6916,1126,CS,OC
4607,341746,SC,189.500,6918,2710,EC,OC
4608,384571,MBC,189.500,6919,2006,MF,MBC
4609,243332,SCA,189.500,6920,1,EL,SCA
4610,277416,BC,189.500,6921,4955,CS,OC
4611,333151,BC,189.500,6923,1399,AM,BC
4612,312895,BC,189.500,6924,1432,EC,OC
4613,405286,BC,189.500,6925,2615,EC,OC
4614,365589,BC,189.500,6926,2615,CS,OC
4615,417100,BC,189.500,6927,1399,AD,OC
4616,295324,BCM,189.500,6928,1399,AD,OC
4617,354534,BC,189.500,6931,2718,CS,OC
4618,473179,BC,189.500,6934,2712,CS,BC
4619,391542,OC,189.500,6935,5008,CW,OC
4620,325817,BC,189.500,6937,1,MA,OC
4621,324209,BCM,189.500,6939,1432,AM,OC
4622,443477,BC,189.500,6940,1399,CS,BC
4623,378620,BC,189.500,6941,5008,EE,BC
4624,401851,BC,189.500,6942,2712,IT,OC
4625,219298,MBC,189.500,6943,4,AE,MBC
4626,289459,SC,189.500,6944,1,CE,SC
4627,272285,MBC,189.500,6945,1432,CS,OC
4628,321405,BC,189.500,6946,1399,AM,BC
4629,326217,BC,189.500,6951,2764,AM,OC
4630,356255,BC,189.500,6953,2712,AD,BC
4631,267406,MBC,189.500,6954,1399,AD,OC
4632,378173,BC,189.500,6956,1211,AD,OC
4633,257160,BC,189.500,6958,5008,IM,OC
4634,366708,BC,189.500,6961,2718,CS,OC
4635,320620,BC,189.500,6962,2739,AM,OC
4636,255810,BC,189.500,6963,2718,EC,OC
4637,336676,BC,189.500,6964,1399,AM,BC
4638,348077,MBC,189.500,6965,2712,CS,MBC
4639,212601,BC,189.500,6966,1450,EC,OC
4640,367558,BC,189.500,6967,1399,EV,BC
4641,352269,OC,189.500,6968,5008,IM,OC
4642,425861,BC,189.500,6969,2006,MF,BC
4643,215663,BC,189.500,6970,2739,ME,OC
4644,389100,MBC,189.500,6973,1216,AD,OC
4645,293550,MBC,189.500,6974,2712,EC,MBC
4646,261109,BC,189.500,6975,2739,IT,OC
4647,321846,BC,189.500,6976,2615,EC,BC
4648,470113,OC,189.500,6977,1126,AD,OC
4649,354193,MBC,189.500,6981,2615,CS,OC
4650,215982,BC,189.500,6982,1399,MZ,OC
4651,300864,BC,189.500,6986,4971,CS,OC
4652,326881,BC,189.500,6987,5008,CW,OC
4653,215547,MBC,189.500,6989,2764,AM,OC
4654,219092,BC,189.500,6990,5008,CE,OC
4655,235552,BC,189.500,6992,1,BY,BC
4656,286905,BC,189.500,6993,2739,EC,BC
4657,255690,BC,189.500,6994,2006,MF,BC
4658,474656,MBC,189.500,6997,2712,EC,MBC
4659,245597,OC,189.500,6998,2007,EY,OC
4660,351146,BC,189.500,7000,2615,CS,OC
4661,287799,MBC,189.500,7002,2377,EC,MBC
4662,408062,BC,189.500,7003,5008,EL,OC
4663,234109,BC,189.500,7004,2377,EE,OC
4664,337059,MBC,189.500,7006,5008,EE,MBC
4665,399587,OC,189.500,7007,5008,ME,OC
4666,424620,MBC,189.500,7008,2764,SC,OC
4667,501696,BC,189.500,7009,2,CL,OC
4668,238445,BC,189.500,7010,5008,IM,OC
4669,307194,BC,189.500,7011,1113,EC,OC
4670,379626,BC,189.500,7013,1399,IT,OC
4671,274306,BC,189.500,7014,2739,AD,OC
4672,224388,MBC,189.500,7015,2712,CS,MBC
4673,279696,BC,189.500,7016,1450,CS,OC
4674,346227,BC,189.500,7017,1399,CS,BC
4675,413928,BC,189.500,7020,2710,AD,OC
4676,209774,MBC,189.500,7022,1111,CS,OC
4677,237270,SC,189.500,7023,2006,CG,SC
4678,231820,BC,189.500,7024,1,MA,OC
4679,214796,MBC,189.500,7025,4974,EC,OC
4680,400078,MBC,189.500,7026,2712,AD,MBC
4681,293959,BC,189.500,7029,2615,EC,BC
4682,483203,BC,189.500,7031,2712,CS,BC
4683,276963,BC,189.500,7032,5008,IM,OC
4684,388503,BC,189.500,7033,2739,EC,BC
4685,239868,BC,189.500,7035,2712,EC,BC
4686,256538,OC,189.500,7037,2377,ME,OC
4687,296756,SCA,189.500,7038,4,CM,SCA
4688,386993,OC,189.500,7040,2,IS,OC
4689,243812,OC,189.500,7041,1399,IT,OC
4690,273165,BC,189.500,7042,1419,CS,OC
4691,371144,BC,189.500,7044,5008,IM,BC
4692,293190,MBC,189.500,7046,2618,AD,OC
4693,245631,SC,189.500,7047,2006,EC,SC
4694,314716,BC,189.500,7048,1399,AD,OC
4695,246178,BC,189.500,7049,1399,MZ,OC
4696,440266,BC,189.500,7050,2718,EC,OC
4697,263644,MBC,189.500,7054,2764,CS,OC
4698,480469,OC,189.500,7055,1126,AD,OC
4699,268094,SC,189.500,7056,1,EL,SC
4700,205385,MBC,189.500,7058,2712,IT,OC
4701,296533,MBC,189.500,7060,2006,BS,MBC
4702,393088,BC,189.500,7063,2603,CS,OC
4703,480440,OC,189.500,7065,1126,AD,OC
4704,328207,BC,189.500,7066,5008,EL,OC
4705,462323,OC,189.500,7067,1126,CS,OC
4706,333876,MBC,189.500,7069,1399,CS,MBC
4707,206598,MBC,189.500,7071,1211,IT,OC
4708,261997,BC,189.500,7072,2,CL,OC
4709,210635,BC,189.500,7073,1399,CS,BC
4710,338947,MBC,189.500,7074,2710,AD,OC
4711,378950,MBC,189.500,7076,5008,EE,MBC
4712,212066,BC,189.500,7077,1399,AD,OC
4713,356390,OC,189.500,7078,4974,CS,OC
4714,205657,BC,189.500,7079,1399,AM,BC
4715,239011,BC,189.500,7083,2,IB,BC
4716,283074,BC,189.500,7086,1,MA,OC
4717,254985,BC,189.500,7089,5008,CW,OC
4718,418523,BC,189.500,7090,1,BY,BC
4719,434015,BC,189.500,7091,2739,EC,BC
4720,331856,BC,189.500,7097,1399,EE,BC
4721,385522,SC,189.500,7098,4,IM,SC
4722,358971,MBC,189.500,7099,2377,EC,MBC
4723,459832,SC,189.500,7100,4,CM,SC
4724,499901,BC,189.500,7101,2745,CO,OC
4725,362234,BC,189.500,7102,1211,EC,OC
4726,374746,MBC,189.500,7103,1399,EC,MBC
4727,244612,BC,189.500,7108,5901,CS,OC
4728,297976,BC,189.500,7112,2718,CS,OC
4729,288639,BC,189.500,7114,2712,IT,OC
4730,406268,MBC,189.500,7115,2712,EC,MBC
4731,277212,OC,189.500,7116,1432,EC,OC
4732,353805,BC,189.500,7117,1432,CS,OC
4733,425399,MBC,189.500,7118,5008,IM,MBC
4734,442573,BC,189.500,7119,2712,CS,BC
4735,384804,BC,189.500,7121,2712,IT,OC
4736,338087,OC,189.500,7127,2718,AM,OC
4737,305179,BC,189.500,7128,1211,AL,OC
4738,289431,BC,189.500,7129,2712,IT,OC
4739,293032,BC,189.500,7130,2615,EE,OC
4740,238872,SC,189.500,7131,1,BY,SC
4741,279207,BC,189.500,7133,2751,EC,OC
4742,203127,BC,189.500,7134,2764,CS,OC
4743,348406,OC,189.500,7135,1,MI,OC
4744,283078,MBC,189.500,7136,2006,RA,MBC
4745,350307,BC,189.500,7137,2712,EC,BC
4746,334135,BC,189.500,7140,1432,CS,OC
4747,213003,BCM,189.500,7141,2006,BS,BCM
4748,253610,BC,189.500,7142,2764,EE,OC
4749,410565,BC,189.500,7143,2712,CS,BC
4750,297855,BC,189.500,7146,2739,AD,OC
4751,487636,SC,189.500,7148,4,IM,SC
4752,339082,BCM,189.500,7149,2615,CS,OC
4753,346279,MBC,189.500,7152,2710,CE,OC
4754,316139,BC,189.500,7153,2,CL,OC
4755,365467,MBC,189.500,7156,1399,CS,MBC
4756,480642,BC,189.500,7157,2739,EC,BC
4757,447811,MBC,189.500,7159,1399,CS,MBC
4758,262294,BC,189.333,7160,5008,CW,OC
4759,445858,MBC,189.000,7162,5008,EM,MBC
4760,293580,BC,189.000,7166,2005,EE,BC
4761,207501,BCM,189.000,7167,2712,MZ,OC
4762,372421,MBC,189.000,7171,1399,CS,MBC
4763,374861,MBC,189.000,7173,2739,CS,MBC
4764,445331,BC,189.000,7174,1399,MZ,OC
4765,382715,MBC,189.000,7176,2615,CS,OC
4766,356417,BC,189.000,7177,2622,CS,OC
4767,360122,BC,189.000,7178,2718,EC,OC
4768,333308,MBC,189.000,7179,1211,EC,OC
4769,366260,BC,189.000,7180,2007,ME,OC
4770,468404,BC,189.000,7181,2736,CS,OC
4771,394459,BC,189.000,7182,2005,EI,OC
4772,300691,MBC,189.000,7183,3804,BM,OC
4773,263050,BC,189.000,7184,1211,EC,OC
4774,398160,SC,189.000,7185,2007,CS,SC
4775,257889,BC,189.000,7186,2739,IT,OC
4776,371929,BC,189.000,7188,1399,CS,BC
4777,291168,BC,189.000,7189,2712,CS,BC
4778,480785,BC,189.000,7191,2329,AD,OC
4779,330189,BC,189.000,7192,2739,AM,OC
4780,352055,MBC,189.000,7193,4974,EC,OC
4781,228895,BC,189.000,7194,1399,AD,OC
4782,416667,MBC,189.000,7195,1211,CS,OC
4783,355676,BC,189.000,7196,2005,EE,BC
4784,465602,BC,189.000,7197,1399,EA,BC
4785,283137,BC,189.000,7200,5008,IM,BC
4786,347584,BC,189.000,7204,2006,MF,BC
4787,482477,BC,189.000,7205,2718,CS,OC
4788,482600,BC,189.000,7207,2718,CS,OC
4789,444336,MBC,189.000,7209,2377,EE,OC
4790,373221,BC,189.000,7210,2007,CE,OC
4791,339651,SC,189.000,7211,4,IM,SC
4792,353074,BC,189.000,7214,1211,AL,OC
4793,418732,MBC,189.000,7215,2006,ME,MBC
4794,413211,OC,189.000,7216,1399,CB,OC
4795,269168,BC,189.000,7218,2764,CS,OC
4796,282605,OC,189.000,7219,2712,IT,OC
4797,324196,BC,189.000,7222,2739,IT,OC
4798,200783,MBC,189.000,7223,2005,EI,OC
4799,351479,MBC,189.000,7224,2764,EC,OC
4800,400057,BC,189.000,7225,1,XC,OC
4801,443093,BC,189.000,7230,2615,CS,OC
4802,346307,MBC,189.000,7231,2615,CS,MBC
4803,442441,BC,189.000,7232,1399,CS,BC
4804,319734,BC,189.000,7234,4962,AD,OC
4805,373320,BC,189.000,7235,2764,CS,OC
4806,256515,SC,189.000,7236,5008,CS,SC
4807,261050,BC,189.000,7237,2006,BS,BC
4808,417976,BC,189.000,7238,2710,IT,OC
4809,330971,BC,189.000,7240,5008,EE,BC
4810,222246,BC,189.000,7241,2718,CS,OC
4811,202485,BCM,189.000,7244,2,CL,OC
4812,402931,BC,189.000,7245,2006,CN,OC
4813,204571,BC,189.000,7248,2,CL,OC
4814,204291,BC,189.000,7250,4,AU,OC
4815,355987,BC,189.000,7251,5901,CS,OC
4816,291660,MBC,189.000,7252,1399,CS,MBC
4817,283600,SC,189.000,7253,4,IM,SC
4818,275709,BC,189.000,7254,2712,EC,BC
4819,290547,BC,189.000,7256,1399,IT,OC
4820,238573,MBC,189.000,7257,2718,CS,OC
4821,337222,BC,189.000,7258,2712,CS,BC
4822,378465,BC,189.000,7260,2005,EI,OC
4823,350514,MBC,189.000,7261,2712,CS,MBC
4824,272167,BC,189.000,7263,1399,AD,OC
4825,213773,BC,189.000,7264,2712,CS,BC
4826,344724,MBC,189.000,7266,1216,CS,OC
4827,221834,MBC,189.000,7268,4,AE,MBC
4828,441696,OC,189.000,7270,1211,AD,OC
4829,209762,BC,189.000,7271,1399,CS,BC
4830,314135,BC,189.000,7272,2739,IT,OC
4831,352038,BC,189.000,7273,2006,CN,OC
4832,456051,BC,189.000,7277,2751,EC,OC
4833,291604,BC,189.000,7280,1399,EV,BC
4834,322193,OC,189.000,7282,2739,AD,OC
4835,397281,BC,189.000,7284,2739,AM,OC
4836,373445,BC,189.000,7285,5008,EL,OC
4837,349994,MBC,189.000,7287,1211,CS,OC
4838,418301,MBC,189.000,7288,2710,CS,OC
4839,327974,MBC,189.000,7289,1399,CS,MBC
4840,351004,BC,189.000,7290,2764,CS,OC
4841,254663,BC,189.000,7291,2712,CS,BC
4842,327860,MBC,189.000,7292,4,AE,MBC
4843,274276,BC,189.000,7293,5008,IM,BC
4844,454241,MBC,189.000,7299,5008,CM,MBC
4845,218541,BCM,189.000,7300,2712,AE,OC
4846,379309,BC,189.000,7301,2007,CE,OC
4847,311594,BC,189.000,7302,1399,AD,OC
4848,309316,MBC,189.000,7303,1399,EC,MBC
4849,412638,SC,189.000,7304,1013,SC,OC
4850,335491,MBC,189.000,7305,2712,CS,MBC
4851,297956,BC,189.000,7306,1211,CS,OC
4852,391048,SC,189.000,7307,1,CE,SC
4853,290533,BC,189.000,7308,2739,AM,OC
4854,221919,BC,189.000,7310,1399,CS,BC
4855,390685,BC,189.000,7312,2764,CS,OC
4856,427939,BC,189.000,7313,1432,CS,OC
4857,394779,BC,189.000,7314,2007,EL,BC
4858,399529,SC,189.000,7315,2005,CS,SC
4859,273195,BCM,189.000,7316,2006,ME,BCM
4860,255551,SC,189.000,7317,1,ME,SC
4861,282372,BC,189.000,7318,1399,AD,OC
4862,386607,MBC,189.000,7319,1432,EC,OC
4863,353663,BC,189.000,7320,2712,IT,OC
4864,341861,BC,189.000,7321,2750,CS,OC
4865,322229,MBC,189.000,7323,3011,IT,OC
4866,232179,BC,189.000,7324,2712,EC,BC
4867,222187,BC,189.000,7325,1399,AD,OC
4868,379163,MBC,189.000,7326,2007,EE,MBC
4869,425271,BC,189.000,7328,2764,AD,OC
4870,396937,BC,189.000,7330,2,CL,OC
4871,372301,BC,189.000,7333,2005,EI,OC
4872,383545,BC,189.000,7335,1399,CS,BC
4873,252558,MBC,189.000,7338,1399,CS,MBC
4874,297135,MBC,189.000,7339,2764,EC,OC
4875,395647,MBC,189.000,7341,2615,EC,MBC
4876,294023,BC,189.000,7342,2005,EE,BC
4877,215318,MBC,189.000,7344,1399,CS,MBC
4878,328875,BC,189.000,7346,1,XM,OC
4879,465469,BC,189.000,7349,1216,AL,OC
4880,349938,BC,189.000,7350,1211,CS,OC
4881,352915,MBC,189.000,7354,1399,CS,MBC
4882,446011,BC,189.000,7355,2750,EC,OC
4883,345569,BCM,189.000,7357,1,CE,BCM
4884,427099,SC,189.000,7358,2006,CE,SC
4885,413004,MBC,189.000,7359,2739,AD,OC
4886,259293,BC,189.000,7360,2712,CE,OC
4887,432294,MBC,189.000,7361,2634,AD,OC
4888,358623,BC,189.000,7362,1399,CS,BC
4889,290390,BC,189.000,7364,5530,EC,OC
4890,464677,MBC,189.000,7365,1432,CS,OC
4891,205022,BC,189.000,7366,5008,IM,BC
4892,478260,BC,189.000,7367,2715,CS,OC
4893,312739,MBC,189.000,7368,2608,EC,OC
4894,473841,BC,189.000,7371,2005,EE,BC
4895,208496,BC,189.000,7372,1399,IT,OC
4896,296345,BC,189.000,7373,1399,AD,OC
4897,222440,OC,189.000,7374,2,CL,OC
4898,312526,BCM,189.000,7378,2377,EE,OC
4899,397256,MBC,189.000,7379,2377,CS,MBC
4900,357189,BC,189.000,7380,5008,IM,BC
4901,496790,SC,189.000,7382,3011,CS,OC
4902,227346,MBC,189.000,7383,2005,ME,OC
4903,209657,BCM,189.000,7384,4974,EC,OC
4904,305639,BC,189.000,7387,2712,CS,BC
4905,244563,OC,189.000,7389,2712,EE,OC
4906,271196,BC,189.000,7390,3701,AM,OC
4907,258771,BC,189.000,7392,2712,AD,BC
4908,305807,BC,189.000,7393,2718,AM,OC
4909,361086,MBC,189.000,7394,1216,EC,OC
4910,375426,BC,189.000,7395,1399,CS,BC
4911,224045,MBC,189.000,7396,2377,CS,MBC
4912,273701,BCM,189.000,7397,2712,CS,BCM
4913,223974,BC,189.000,7398,1432,EC,OC
4914,344645,BC,189.000,7400,2702,CS,OC
4915,280201,SC,189.000,7401,1,EE,SC
4916,306490,BC,189.000,7402,1211,CS,OC
4917,377343,BC,189.000,7403,2712,IT,OC
4918,385230,BC,189.000,7405,2739,IT,OC
4919,218812,BC,189.000,7406,5008,IM,BC
4920,231195,MBC,189.000,7407,2,CH,MBC
4921,233160,BC,189.000,7408,2739,AM,OC
4922,321639,BC,189.000,7410,1,MN,OC
4923,213119,MBC,189.000,7411,1399,EC,MBC
4924,406214,MBC,189.000,7412,1211,CS,OC
4925,445372,BC,189.000,7413,2739,EC,BC
4926,475187,MBC,189.000,7414,4,AU,OC
4927,410535,BC,189.000,7415,1399,IT,OC
4928,421810,BC,189.000,7416,1,MN,OC
4929,347585,BC,189.000,7417,2712,EE,OC
4930,414429,SCA,189.000,7418,2,FS,OC
4931,281709,BC,189.000,7419,1432,AM,OC
4932,344160,BC,189.000,7420,1211,CS,OC
4933,313301,BC,189.000,7421,2764,CS,OC
4934,349666,BC,189.000,7422,5901,EC,OC
4935,476979,OC,189.000,7424,2329,AD,OC
4936,317399,BC,189.000,7426,2750,CS,OC
4937,392001,BC,189.000,7427,2377,IC,OC
4938,248648,BC,189.000,7428,1399,AD,OC
4939,224561,MBC,189.000,7429,2718,CS,OC
4940,459021,BC,189.000,7430,2005,EI,OC
4941,351590,BC,189.000,7431,1,GI,OC
4942,441361,BC,189.000,7432,1211,AL,OC
4943,411227,BC,189.000,7433,2615,CS,BC
4944,429348,BC,189.000,7434,2007,EY,OC
4945,263476,BC,189.000,7435,2,CL,OC
4946,335362,BC,189.000,7435A,2005,EE,BC
4947,294104,BC,189.000,7437,1216,EC,OC
4948,330137,MBC,189.000,7438,2739,EC,MBC
4949,210014,MBC,189.000,7439,4,AE,MBC
4950,270478,BC,189.000,7443,2712,EC,BC
4951,367636,BCM,189.000,7444,1399,AM,BCM
4952,257533,BC,189.000,7446,2751,EC,OC
4953,391775,BC,189.000,7447,2712,IT,OC
4954,229050,ST,189.000,7451,1,CM,ST
4955,302288,BC,189.000,7453,1399,CB,OC
4956,227165,BC,189.000,7454,4974,EC,OC
4957,300379,BC,189.000,7455,2006,MF,BC
4958,298523,BC,189.000,7456,2751,EC,OC
4959,234418,BC,189.000,7458,2739,EC,BC
4960,408949,BC,189.000,7460,1211,CS,OC
4961,343600,BC,189.000,7463,1399,CS,BC
4962,482298,BC,189.000,7464,1126,AD,OC
4963,295928,BC,189.000,7465,2615,AM,OC
4964,377351,OC,189.000,7466,4974,EC,OC
4965,481744,BCM,189.000,7468,2,IB,BCM
4966,224799,OC,189.000,7470,1211,CS,OC
4967,211792,BC,189.000,7471,5008,EL,BC
4968,316447,BC,189.000,7473,4974,EC,OC
4969,237078,MBC,189.000,7474,5008,CM,MBC
4970,217237,SC,189.000,7475,4,CM,SC
4971,220757,MBC,189.000,7477,5008,IM,MBC
4972,248986,BC,189.000,7478,2719,EE,OC
4973,237920,BC,189.000,7479,5008,IM,BC
4974,234533,BC,189.000,7481,2006,IY,BC
4975,240910,BC,189.000,7482,2718,CS,OC
4976,365964,BC,189.000,7484,1450,AD,OC
4977,368568,BC,189.000,7485,2712,CS,BC
4978,247740,BC,189.000,7487,2751,IT,OC
4979,414319,MBC,189.000,7491,2712,EC,MBC
4980,463046,BC,189.000,7493,2764,CS,OC
4981,297513,OC,189.000,7494,2,IS,OC
4982,291781,BC,189.000,7495,2750,EC,OC
4983,466316,BC,189.000,7496,1399,SC,BC
4984,206026,BC,189.000,7497,1399,EE,BC
4985,207973,OC,189.000,7500,1211,EC,OC
4986,248667,MBC,189.000,7502,1399,AD,OC
4987,262665,MBC,189.000,7503,2615,EC,MBC
4988,202290,BC,189.000,7504,2712,EC,BC
4989,262897,BC,189.000,7505,2750,EC,OC
4990,296359,BC,189.000,7506,2712,CS,BC
4991,206668,BC,189.000,7507,1399,IT,OC
4992,388818,OC,189.000,7508,1317,CS,OC
4993,213079,BC,189.000,7509,1399,IT,OC
4994,338785,MBC,189.000,7510,5901,CS,OC
4995,231973,BC,189.000,7511,2025,EC,OC
4996,276769,BC,189.000,7512,1399,CS,BC
4997,295896,MBC,189.000,7513,2005,AM,MBC
4998,365063,BC,189.000,7514,1,MA,OC
4999,220997,BC,189.000,7515,2712,AE,OC
5000,336949,BC,189.000,7517,5008,EE,BC
5001,316725,BC,189.000,7519,2007,CE,OC
5002,417177,SC,189.000,7520,5008,CS,SC
5003,268769,MBC,189.000,7522,4,AE,MBC
5004,384919,BC,189.000,7524,2007,EY,OC
5005,429179,BC,189.000,7525,5901,EE,OC
5006,412180,MBC,189.000,7527,5008,EE,MBC
5007,227081,BC,189.000,7528,1211,EC,OC
5008,421158,BC,189.000,7529,1399,CS,BC
5009,408034,BC,189.000,7530,1,BY,BC
5010,420750,BC,189.000,7532,2718,EC,OC
5011,205084,BC,189.000,7534,5008,CW,OC
5012,360195,MBC,189.000,7536,2007,IM,MBC
5013,401890,BCM,189.000,7538,4974,CS,OC
5014,401887,MBC,189.000,7539,2712,CS,MBC
5015,259090,BC,189.000,7540,5008,CW,OC
5016,418948,BC,189.000,7541,2377,EE,OC
5017,274808,BC,189.000,7542,1399,CS,BC
5018,235687,BC,189.000,7549,1,IE,OC
5019,421286,BC,189.000,7550,1211,EC,OC
5020,224980,MBC,189.000,7551,5901,EC,OC
5021,244596,BC,189.000,7552,1,MA,OC
5022,370208,MBC,189.000,7554,2615,CS,MBC
5023,388820,MBC,189.000,7557,2007,IM,MBC
5024,409120,MBC,189.000,7558,1399,CS,MBC
5025,335525,MBC,189.000,7561,2615,CS,MBC
5026,341129,MBC,189.000,7562,1399,CS,MBC
5027,348817,MBC,189.000,7564,2,CH,MBC
5028,257457,BC,189.000,7565,2653,CS,OC
5029,328603,BC,189.000,7566,1399,EV,BC
5030,213962,ST,189.000,7567,2007,CM,ST
5031,279496,SC,189.000,7568,4,AE,SC
5032,369542,MBC,189.000,7570,2005,IT,MBC
5033,344485,MBC,189.000,7571,5008,EE,MBC
5034,360145,BC,189.000,7573,2006,MF,BC
5035,378141,BC,189.000,7574,1,IE,OC
5036,415933,BC,189.000,7577,1399,CS,BC
5037,272552,BC,189.000,7578,2736,EC,OC
5038,350198,BC,189.000,7579,1504,EC,OC
5039,387535,BC,189.000,7580,2377,EE,OC
5040,454019,BC,189.000,7581,2750,CB,OC
5041,333938,BC,189.000,7583,1317,AM,OC
5042,498622,BC,189.000,7584,5008,IM,BC
5043,391896,MBC,189.000,7585,2005,EE,MBC
5044,409438,MBC,189.000,7587,2025,AD,OC
5045,363668,BC,189.000,7588,1216,EC,OC
5046,413767,MBC,189.000,7589,1399,CS,MBC
5047,344424,SC,189.000,7590,1399,CS,SC
5048,308711,MBC,189.000,7591,2712,CS,MBC
5049,374167,BC,189.000,7592,2006,BS,BC
5050,464649,SC,189.000,7594,2710,SC,OC
5051,203852,BC,189.000,7595,1399,CS,BC
5052,238726,MBC,189.000,7597,1399,AM,MBC
5053,225661,MBC,189.000,7599,3806,CS,OC
5054,250173,MBC,189.000,7601,2750,EC,OC
5055,472769,SC,189.000,7605,4,AT,SC
5056,481025,OC,189.000,7606,1432,ME,OC
5057,307316,BC,189.000,7607,4960,CS,OC
5058,267255,BC,189.000,7609,1304,CS,OC
5059,480537,OC,189.000,7610,1126,AD,OC
5060,441001,BC,189.000,7611,2006,MF,BC
5061,464495,OC,189.000,7612,1126,AD,OC
5062,248454,BC,189.000,7614,2,IS,OC
5063,410996,BC,189.000,7616,3011,AM,OC
5064,408383,BC,189.000,7617,2005,EE,BC
5065,308225,BCM,189.000,7619,1432,AM,OC
5066,266494,OC,189.000,7621,1304,CS,OC
5067,264545,MBC,189.000,7622,2712,AD,MBC
5068,385539,BC,189.000,7623,1399,EV,BC
5069,427115,BC,189.000,7624,1399,IT,OC
5070,309436,MBC,189.000,7625,2,CL,MBC
5071,418627,BC,189.000,7626,1399,AD,OC
5072,233914,BC,189.000,7628,2712,IT,OC
5073,404945,BC,189.000,7629,2712,IT,OC
5074,501159,SC,189.000,7631,2656,AM,OC
5075,322809,MBC,189.000,7632,2704,EC,OC
5076,463820,BCM,189.000,7634,1126,CS,OC
5077,339661,BC,189.000,7635,2007,EY,BC
5078,368645,OC,189.000,7636,2007,CH,OC
5079,272201,BC,189.000,7639,5008,EY,OC
5080,204195,MBC,189.000,7640,2377,CS,MBC
5081,230446,MBC,189.000,7644,2377,CS,MBC
5082,307089,MBC,189.000,7645,1,IE,OC
5083,405669,BC,189.000,7647,2377,ME,OC
5084,417435,BC,189.000,7649,1399,CS,BC
5085,373396,BC,189.000,7653,1399,CS,BC
5086,458754,MBC,189.000,7655,4,AU,OC
5087,453071,MBC,189.000,7657,5008,CM,MBC
5088,349945,BC,189.000,7659,2710,CS,OC
5089,225502,BC,189.000,7660,2,CL,BC
5090,264903,BCM,189.000,7661,1,MI,OC
5091,431856,BC,189.000,7663,2622,CS,OC
5092,347068,BC,189.000,7664,2377,CE,OC
5093,455994,BC,189.000,7666,2739,EC,BC
5094,443886,BC,189.000,7668,2712,CS,BC
5095,200314,BC,189.000,7670,1399,AD,BC
5096,223626,BC,189.000,7671,2,CL,BC
5097,424659,BC,189.000,7672,2751,AD,OC
5098,321569,MBC,189.000,7673,1,MI,OC
5099,365208,MBC,189.000,7675,1211,RM,OC
5100,333855,MBC,189.000,7676,2712,EC,MBC
5101,459698,OC,189.000,7677,1126,CS,OC
5102,256766,BC,189.000,7678,1399,IT,BC
5103,253840,BC,189.000,7679,1450,EC,OC
5104,240711,BC,189.000,7681,5901,CS,OC
5105,230090,OC,189.000,7682,2718,AD,OC
5106,204049,BC,189.000,7684,4960,EC,OC
5107,217732,SC,189.000,7686,4,AE,SC
5108,342224,MBC,189.000,7688,2006,BS,MBC
5109,395974,BC,189.000,7692,1211,EC,OC
5110,256298,BC,189.000,7693,2712,EC,BC
5111,223071,BC,189.000,7697,2718,CS,OC
5112,422667,OC,189.000,7698,2706,SC,OC
5113,263105,MBC,189.000,7700,2,IB,MBC
5114,453805,MBC,189.000,7702,2712,CS,MBC
5115,212415,BC,189.000,7704,1399,CS,BC
5116,338326,BCM,189.000,7705,1210,CS,OC
5117,411039,BC,189.000,7706,2739,IT,OC
5118,347266,MBC,189.000,7707,1399,IT,MBC
5119,434983,BC,189.000,7710,1419,CS,OC
5120,326280,BC,189.000,7711,2764,CS,OC
5121,398813,BC,189.000,7714,2739,AD,OC
5122,450273,MBC,189.000,7715,2,CL,MBC
5123,330612,BC,189.000,7715A,1399,AD,BC
5124,375986,MBC,189.000,7717,2006,CE,MBC
5125,267799,BC,189.000,7718,2007,EL,BC
5126,452552,BC,189.000,7719,5008,EL,BC
5127,291072,MBC,189.000,7720,2006,CE,MBC
5128,372282,BC,189.000,7721,2712,CS,BC
5129,386258,BC,189.000,7722,1211,CS,OC
5130,471136,MBC,189.000,7725,2377,AD,MBC
5131,224292,BC,189.000,7726,1399,IT,BC
5132,453499,BC,188.760,7728,1126,EC,OC
5133,480286,OC,188.667,7729,2712,IT,OC
5134,410406,MBC,188.667,7730,1211,CS,OC
5135,241806,MBC,188.667,7731,1399,EC,MBC
5136,475896,BC,188.500,7732,2764,CS,OC
5137,264013,BC,188.500,7733,3826,EC,OC
5138,220066,BC,188.500,7735,5008,EY,OC
5139,488302,MBC,188.500,7737,2729,AD,OC
5140,490997,BC,188.500,7738,1216,CS,OC
5141,358603,BC,188.500,7740,4974,EC,OC
5142,254700,BC,188.500,7741,2712,IT,OC
5143,474860,BC,188.500,7742,1399,IT,BC
5144,491508,BC,188.500,7743,1432,AM,OC
5145,432147,MBC,188.500,7744,2622,CS,OC
5146,425500,BC,188.500,7745,1,XM,OC
5147,311788,BC,188.500,7747,1399,IT,BC
5148,229020,BC,188.500,7748,5008,CW,OC
5149,290638,MBC,188.500,7750,1304,AD,OC
5150,321397,BC,188.500,7751,2,CL,BC
5151,333719,BC,188.500,7752,5008,IM,BC
5152,456745,BC,188.500,7753,2750,CS,OC
5153,385355,BC,188.500,7755,2718,CS,OC
5154,257769,BC,188.500,7756,2702,EC,OC
5155,206380,BC,188.500,7757,5008,IM,BC
5156,226414,BC,188.500,7758,2739,IT,OC
5157,327797,BC,188.500,7759,5008,EE,BC
5158,251899,BC,188.500,7761,4960,CS,OC
5159,390921,BC,188.500,7762,2712,EC,BC
5160,419209,MBC,188.500,7764,2712,CS,MBC
5161,422739,MBC,188.500,7765,1432,AD,OC
5162,448191,OC,188.500,7768,1399,CB,OC
5163,244383,BC,188.500,7769,2007,EL,BC
5164,320476,MBC,188.500,7770,4,AU,OC
5165,239372,BC,188.500,7771,1399,IT,BC
5166,441040,MBC,188.500,7772,2377,RI,OC
5167,438839,OC,188.500,7773,2,FS,OC
5168,333806,BC,188.500,7774,1211,CS,OC
5169,399934,MBC,188.500,7775,1432,EC,OC
5170,222289,MBC,188.500,7779,5008,IM,MBC
5171,483737,MBC,188.500,7781,3857,CS,OC
5172,342238,BC,188.500,7784,2615,AM,OC
5173,467044,MBC,188.500,7785,2005,EE,MBC
5174,384069,MBC,188.500,7786,2006,ME,MBC
5175,275933,BC,188.500,7787,2723,AD,OC
5176,402726,BCM,188.500,7788,1399,EA,BCM
5177,281401,BC,188.500,7789,2377,ME,OC
5178,342231,SC,188.500,7791,2006,EM,SC
5179,289892,BC,188.500,7793,2712,IT,OC
5180,371539,BCM,188.500,7794,1432,CO,OC
5181,242861,MBC,188.500,7798,2712,CS,MBC
5182,216801,MBC,188.500,7799,2751,AM,OC
5183,201214,BC,188.500,7800,1219,CS,OC
5184,266987,MBC,188.500,7801,2709,EC,OC
5185,204407,MBC,188.500,7802,2006,MF,MBC
5186,318617,MBC,188.500,7803,1399,EA,MBC
5187,471521,BCM,188.500,7805,2007,ME,OC
5188,288238,BC,188.500,7807,5901,CS,OC
5189,307950,MBC,188.500,7810,5008,EM,MBC
5190,427250,MBC,188.500,7811,3701,CS,OC
5191,356529,MBC,188.500,7812,2709,EC,OC
5192,396684,BC,188.500,7814,2005,EI,OC
5193,384947,BC,188.500,7816,2006,IY,BC
5194,295109,SC,188.500,7817,1,CE,SC
5195,241623,BC,188.500,7818,2739,EC,BC
5196,210912,MBC,188.500,7819,1399,AM,MBC
5197,270908,BC,188.500,7820,2711,CH,OC
5198,424608,SC,188.500,7821,2007,CS,SC
5199,275943,BCM,188.500,7822,5008,EM,BCM
5200,371932,BC,188.500,7823,2,IB,BC
5201,229630,BC,188.500,7826,2712,EC,BC
5202,425167,BC,188.500,7828,2739,EC,BC
5203,284550,SC,188.500,7829,2007,CS,SC
5204,339393,BC,188.500,7830,1399,IT,BC
5205,232745,BC,188.500,7831,5910,CS,OC
5206,371422,BCM,188.500,7833,1309,AD,OC
5207,215485,OC,188.500,7834,1304,EC,OC
5208,229947,BC,188.500,7835,1399,EV,BC
5209,350508,SC,188.500,7836,4,CM,SC
5210,446500,SC,188.500,7837,2005,AM,SC
5211,274420,BC,188.500,7839,2006,IY,BC
5212,309848,BCM,188.500,7845,2007,EE,BCM
5213,259515,BC,188.500,7846,1304,CS,OC
5214,353783,BC,188.500,7847,2025,CS,OC
5215,233439,BC,188.500,7848,1399,AD,BC
5216,236542,BC,188.500,7849,2739,IT,OC
5217,412589,SCA,188.500,7850,4,CM,SCA
5218,447283,BC,188.500,7851,2739,EC,BC
5219,361248,BC,188.500,7852,4960,CS,OC
5220,367453,BC,188.500,7853,5008,EY,OC
5221,424242,OC,188.500,7854,2723,AD,OC
5222,345532,MBC,188.500,7855,5008,IM,MBC
5223,385991,SCA,188.500,7856,2005,CS,SCA
5224,263448,MBC,188.500,7858,1432,CS,OC
5225,349431,BCM,188.500,7859,1,BY,BCM
5226,433729,BC,188.500,7860,2007,ME,OC
5227,391858,MBC,188.500,7861,2007,EL,MBC
5228,233016,MBC,188.500,7862,2710,CS,OC
5229,255913,BC,188.500,7863,2710,EC,OC
5230,289144,BC,188.500,7864,2007,EL,BC
5231,257537,BC,188.500,7865,2764,AM,OC
5232,273299,BC,188.500,7866,2615,AM,OC
5233,440214,BC,188.500,7868,5009,CS,OC
5234,243867,BCM,188.500,7871,2712,EC,BCM
5235,263424,MBC,188.500,7872,1,MI,OC
5236,449240,MBC,188.500,7877,2377,EC,MBC
5237,342399,BC,188.500,7878,2739,EC,BC
5238,376025,BC,188.500,7879,1399,AD,BC
5239,359941,SC,188.500,7880,2005,CS,SC
5240,270021,BC,188.500,7883,2712,EE,OC
5241,258768,BC,188.500,7884,2739,EC,BC
5242,335419,BC,188.500,7885,1211,EC,OC
5243,299556,BC,188.500,7886,2741,EC,OC
5244,381295,SC,188.500,7887,3829,EC,OC
5245,305111,MBC,188.500,7889,2005,CE,OC
5246,451259,BC,188.500,7890,2712,CS,BC
5247,323805,BC,188.500,7891,2712,AD,BC
5248,442417,BC,188.500,7894,1399,IT,BC
5249,259365,SC,188.500,7895,5008,CS,SC
5250,215351,BC,188.500,7897A,2006,IY,BC
5251,247354,SC,188.500,7898,2007,AT,SC
5252,349763,BC,188.500,7899,1432,CS,OC
5253,389072,BC,188.500,7901,2712,IT,OC
5254,215323,MBC,188.500,7904,2710,CS,OC
5255,406687,MBC,188.500,7906,2712,CS,MBC
5256,344190,BC,188.500,7908,5008,EE,BC
5257,277659,BC,188.500,7913,2718,AM,OC
5258,467809,MBC,188.500,7914,1399,CS,MBC
5259,283784,BC,188.500,7916,2712,CS,BC
5260,322234,BC,188.500,7917,2710,CS,OC
5261,311051,MBC,188.500,7918,2007,CE,OC
5262,265196,BC,188.500,7919,2750,AM,OC
5263,212974,BC,188.500,7920,2718,CS,OC
5264,266583,BC,188.500,7922,2603,CS,OC
5265,371637,BC,188.500,7923,2718,CS,OC
5266,286957,MBC,188.500,7926,1211,EC,OC
5267,296720,BC,188.500,7927,2,CL,BC
5268,262113,BC,188.500,7928,1211,AL,OC
5269,301014,MBC,188.500,7929,5008,IM,MBC
5270,261281,MBC,188.500,7930,1399,CE,OC
5271,452711,BC,188.500,7931,1399,AD,BC
5272,431346,MBC,188.500,7932,2007,EE,MBC
5273,208619,BC,188.500,7934,1432,EC,OC
5274,402369,BC,188.500,7936,2712,CS,BC
5275,283558,BC,188.500,7937,1304,CS,OC
5276,227547,MBC,188.500,7938,4974,EC,OC
5277,359738,BC,188.500,7941,2764,CS,OC
5278,234226,BC,188.500,7942,2764,EC,OC
5279,383611,BC,188.500,7943,2712,EC,BC
5280,379779,BC,188.500,7944,2712,CS,BC
5281,417929,MBC,188.500,7945,4,PR,OC
5282,222447,OC,188.500,7947,1216,EC,OC
5283,354638,BC,188.500,7949,4974,CS,OC
5284,217119,BC,188.500,7950,2712,EC,BC
5285,245348,BC,188.500,7951,2750,CS,OC
5286,406215,OC,188.500,7953,1211,AL,OC
5287,263372,BC,188.500,7954,1399,AD,BC
5288,294600,BC,188.500,7955,2702,CS,OC
5289,285134,MBC,188.500,7956,2377,AD,MBC
5290,235785,BC,188.500,7958,1211,CS,OC
5291,363836,BC,188.500,7959,2718,EC,OC
5292,200375,BC,188.500,7960,2739,CO,OC
5293,345202,BC,188.500,7961,2710,EC,OC
5294,245390,BC,188.500,7964,5008,EL,BC
5295,371149,BCM,188.500,7965,2712,EC,BCM
5296,407619,BC,188.500,7967,2006,IY,BC
5297,396875,MBC,188.500,7968,2710,EC,OC
5298,239858,BCM,188.500,7969,2712,EC,BCM
5299,261835,BC,188.500,7970,1,BY,BC
5300,337437,BC,188.500,7972,4974,EC,OC
5301,265100,BC,188.500,7973,2702,AD,OC
5302,321998,BC,188.500,7974,2712,CS,BC
5303,491575,MBC,188.500,7975,1432,ME,OC
5304,391619,MBC,188.500,7976,2710,CS,OC
5305,344075,BC,188.500,7977,1304,SC,OC
5306,475170,SC,188.500,7978,2006,EM,SC
5307,406701,OC,188.500,7981,1211,EC,OC
5308,408944,BC,188.500,7982,1211,EC,OC
5309,460262,MBC,188.500,7984,2377,EC,MBC
5310,292811,BC,188.500,7986,2711,CS,OC
5311,232998,BC,188.500,7988,2739,IT,BC
5312,226156,BC,188.500,7989,1211,CS,OC
5313,356028,BC,188.500,7990,2718,EC,OC
5314,422560,BC,188.500,7991,1216,CS,OC
5315,480740,BC,188.500,7993,2007,EY,BC
5316,381055,BCM,188.500,7994,1211,EC,OC
5317,228825,BC,188.500,7996,2764,EC,OC
5318,419277,MBC,188.500,7997,2712,CS,MBC
5319,443388,MBC,188.500,7998,1,BY,MBC
5320,490761,BC,188.500,7999,2007,EL,BC
5321,223937,BCM,188.500,8000,5008,EM,BCM
5322,257877,BC,188.500,8002,2,CL,BC
5323,289868,SCA,188.500,8003,1,IM,SCA
5324,298966,BC,188.500,8004,1211,CS,OC
5325,334501,BC,188.500,8005,1450,CS,OC
5326,282048,BC,188.500,8006,2006,CN,OC
5327,309220,BC,188.500,8007A,1399,EA,BC
5328,479858,BC,188.500,8008,1216,AD,OC
5329,394964,BC,188.500,8009,5008,EU,OC
5330,237040,BC,188.500,8010,1216,AD,OC
5331,316196,MBC,188.500,8011,2007,EE,MBC
5332,317908,BC,188.500,8013,2702,CS,OC
5333,282648,MBC,188.500,8015,2006,RA,MBC
5334,348570,BC,188.500,8016,1520,AD,OC
5335,480505,MBC,188.500,8017,2329,AD,OC
5336,207541,BC,188.500,8018,2007,EY,BC
5337,217821,MBC,188.500,8019,1432,AM,OC
5338,235326,MBC,188.500,8020,2006,MF,MBC
5339,201922,BC,188.500,8021,2764,CS,OC
5340,233540,BC,188.500,8022,5008,IM,BC
5341,256949,BC,188.500,8023,1399,AD,BC
5342,265524,BC,188.500,8025,1399,AD,BC
5343,316258,BC,188.500,8027,1432,EC,OC
5344,342208,MBC,188.500,8030,1432,EC,OC
5345,351636,MBC,188.500,8032,1304,EC,OC
5346,309262,BC,188.500,8033,2712,EC,BC
5347,432045,BC,188.500,8034,2615,AM,OC
5348,236823,BC,188.500,8035,2739,IT,BC
5349,223938,BCM,188.500,8036,2,CH,BCM
5350,353721,MBC,188.500,8040,2025,EC,OC
5351,271683,MBC,188.500,8041,2712,CS,MBC
5352,217177,BC,188.500,8043,2712,CS,BC
5353,372059,BC,188.500,8044,1432,CS,OC
5354,206985,BC,188.500,8045,2718,CS,OC
5355,255228,BC,188.500,8046,2,IS,OC
5356,204250,BC,188.500,8047,4,AU,OC
5357,427826,OC,188.500,8048,2712,CE,OC
5358,211734,MBC,188.500,8049,1399,EV,MBC
5359,224208,MBC,188.500,8050,2712,MZ,OC
5360,314570,BC,188.500,8051,2718,EC,OC
5361,215292,MBC,188.500,8053,2739,EC,MBC
5362,383529,BCM,188.500,8054,2740,IT,OC
5363,430837,BC,188.500,8055,1432,AD,OC
5364,449273,MBC,188.500,8056,2702,MZ,OC
5365,297357,BC,188.500,8057,2006,IY,BC
5366,269472,MBC,188.500,8058,5008,ME,OC
5367,320795,BC,188.500,8059,1399,SC,BC
5368,419486,BC,188.500,8060,2736,BM,OC
5369,222706,BC,188.500,8061,2712,BT,OC
5370,398704,BC,188.500,8062,1211,CS,OC
5371,305159,MBC,188.500,8066,1211,EC,OC
5372,376451,BC,188.500,8068,1399,AM,BC
5373,497442,MBC,188.500,8071,1399,CB,OC
5374,293361,MBC,188.500,8074,2712,CS,MBC
5375,252573,BC,188.500,8075,2750,AM,OC
5376,398337,BC,188.500,8076,1432,CS,OC
5377,202931,BC,188.500,8077,1432,EC,OC
5378,333011,BCM,188.500,8078,1211,EC,OC
5379,205221,BC,188.500,8081,1211,CS,OC
5380,440918,SCA,188.500,8083,1,EE,SCA
5381,285562,SC,188.500,8084,4,EM,SC
5382,464943,BC,188.500,8085,5008,IM,BC
5383,316087,MBC,188.500,8086,1216,SC,OC
5384,218834,BC,188.500,8089,1432,CS,OC
5385,248790,MBC,188.500,8090,2025,AD,OC
5386,287012,BC,188.500,8091,5986,EC,OC
5387,219625,BC,188.500,8092,1399,AD,BC
5388,340732,BC,188.500,8093,2006,IY,BC
5389,294390,BC,188.500,8094,2377,EE,BC
5390,413923,BC,188.500,8097,1211,EC,OC
5391,283151,BC,188.500,8098,2006,BS,BC
5392,260813,BC,188.500,8099,5008,CE,OC
5393,332146,MBC,188.500,8100,5986,CS,OC
5394,315364,BC,188.500,8101,2764,CH,OC
5395,264202,BC,188.500,8102,4974,EC,OC
5396,354764,BC,188.500,8103,5008,EL,BC
5397,232906,BC,188.500,8104,1399,CB,OC
5398,279013,BC,188.500,8112,1399,CB,OC
5399,416478,BC,188.500,8113,2615,CS,BC
5400,356008,BC,188.500,8114,5008,CW,OC
5401,210729,OC,188.500,8118,1419,CS,OC
5402,368436,BC,188.500,8119,1216,EC,OC
5403,267193,MBC,188.500,8120,2007,EE,MBC
5404,425818,SC,188.500,8121,4,AE,SC
5405,365991,BC,188.500,8122,1432,CS,OC
5406,222019,BC,188.500,8123,1,IE,OC
5407,481532,MBC,188.500,8124,2005,IT,MBC
5408,348517,MBC,188.500,8127,4,PR,OC
5409,206283,BC,188.500,8128,2712,CE,OC
5410,444554,BC,188.500,8130,2377,RI,OC
5411,417570,BC,188.500,8131,1399,AD,BC
5412,255514,BC,188.500,8132,1304,AM,OC
5413,262916,BC,188.500,8133,1399,AD,BC
5414,474375,BC,188.500,8134,2718,CS,OC
5415,345744,BC,188.500,8135,2764,CS,OC
5416,229885,BC,188.500,8136,2377,EE,BC
5417,267714,BC,188.500,8137,2764,CS,OC
5418,288182,BC,188.500,8142,4,PR,OC
5419,428788,BC,188.500,8143,2712,EC,BC
5420,337873,BC,188.500,8144,2006,BY,OC
5421,434728,MBC,188.500,8145,2739,EC,MBC
5422,345015,BC,188.500,8146,1432,CS,OC
5423,224781,BC,188.500,8147,4974,EC,OC
5424,318047,BC,188.500,8148,2750,AE,OC
5425,452236,MBC,188.500,8149,2377,EC,MBC
5426,367406,BC,188.500,8150,5986,CS,OC
5427,215610,BC,188.500,8151,5008,CW,OC
5428,380094,BC,188.500,8152,2007,EL,BC
5429,320418,MBC,188.500,8156,1,IE,OC
5430,210179,MBC,188.500,8157,1399,CS,MBC
5431,420765,BC,188.500,8158,3019,EC,OC
5432,398252,BC,188.500,8160,1399,IT,BC
5433,376983,MBC,188.500,8161,2377,AD,MBC
5434,324927,BC,188.500,8162,2712,EE,OC
5435,453927,MBC,188.500,8163,2712,CE,OC
5436,468953,BC,188.500,8164,2006,PR,OC
5437,378714,BC,188.500,8166,2750,CB,OC
5438,347932,MBC,188.500,8167,1399,CS,MBC
5439,213560,BC,188.500,8168,2764,CS,OC
5440,470218,OC,188.500,8169,1126,AD,OC
5441,202061,BC,188.500,8170,2377,EE,BC
5442,382090,BC,188.500,8175,2712,CS,BC
5443,216920,OC,188.500,8176,1211,CS,OC
5444,338961,BC,188.500,8177,2712,CS,BC
5445,220417,BC,188.500,8178,1211,CS,OC
5446,454920,MBC,188.500,8180,1219,IT,OC
5447,411248,BC,188.500,8182,1211,AL,OC
5448,217593,BC,188.500,8183,2007,EY,BC
5449,336230,MBC,188.500,8184,5008,CG,MBC
5450,378289,BC,188.500,8186,1432,EC,OC
5451,468602,OC,188.500,8187,4,AU,OC
5452,440096,MBC,188.500,8190,2,CL,MBC
5453,454763,BC,188.500,8193,1,MN,OC
5454,359527,BC,188.500,8194,2712,CS,BC
5455,367655,OC,188.500,8196,2006,BY,OC
5456,341457,BC,188.500,8199,2622,EC,OC
5457,418829,BC,188.500,8201,2007,EY,BC
5458,241607,MBC,188.500,8202,1399,AM,MBC
5459,439088,BC,188.500,8203,2025,CS,OC
5460,339249,MBC,188.500,8204,5901,EC,OC
5461,491503,MBC,188.500,8209,3806,EC,OC
5462,212340,BC,188.500,8210,5008,CE,OC
5463,369290,BC,188.500,8211,2006,IY,BC
5464,472268,BC,188.500,8214,2007,EY,BC
5465,347062,SC,188.500,8216,1317,BT,OC
5466,203491,OC,188.500,8218,1,MN,OC
5467,389941,BC,188.500,8219,1399,AD,BC
5468,285354,BC,188.500,8220,1211,EC,OC
5469,364596,MBC,188.500,8221,2739,CS,MBC
5470,395281,BC,188.500,8222,2007,ME,OC
5471,304345,BC,188.500,8223,1,MA,BC
5472,441197,MBC,188.500,8224,2739,CS,MBC
5473,251891,BC,188.500,8226,1,BY,BC
5474,344478,BC,188.500,8227,2712,AE,OC
5475,353703,SC,188.500,8228,1,CE,SC
5476,248711,BC,188.500,8230,1211,CS,OC
5477,278802,BC,188.500,8233,5008,EU,OC
5478,205673,BC,188.500,8234,2712,CS,BC
5479,234719,BC,188.500,8235,1216,AD,OC
5480,480728,BC,188.500,8237,1211,CS,OC
5481,319781,SC,188.500,8238,2007,CS,SC
5482,229236,BC,188.500,8239,2712,CS,BC
5483,225727,BC,188.500,8240,2739,IT,BC
5484,212714,BCM,188.500,8241,2006,IY,BCM
5485,385410,BC,188.500,8242,5008,CW,OC
5486,473528,BC,188.500,8243,2615,CS,BC
5487,413170,BC,188.500,8246,2006,CN,OC
5488,346697,BC,188.500,8247,2739,EC,BC
5489,329812,SC,188.500,8249,1216,CS,OC
5490,254556,BC,188.500,8250,1211,IT,OC
5491,450014,MBC,188.500,8251,2006,BS,MBC
5492,481320,BC,188.500,8254,2006,BS,BC
5493,288844,BC,188.500,8255,5008,IM,BC
5494,448726,MBC,188.500,8256,1399,EV,MBC
5495,325690,MBC,188.333,8258,5008,CW,OC
5496,351565,OC,188.333,8259,1211,EC,OC
5497,394775,BC,188.333,8260,1211,CS,OC
5498,496785,MBC,188.075,8262,2007,EL,MBC
5499,217461,MBC,188.000,8263,1399,EV,MBC
5500,354556,BC,188.000,8264,1211,CS,OC
5501,365802,BC,188.000,8265,2764,CS,OC
5502,205087,BC,188.000,8266,2764,AM,OC
5503,292894,MBC,188.000,8267,1399,CS,MBC
5504,327996,BC,188.000,8268,2739,EV,OC
5505,281903,MBC,188.000,8269,1211,CS,OC
5506,332660,BC,188.000,8271,2005,EI,OC
5507,265768,MBC,188.000,8273,2005,IT,MBC
5508,213769,BC,188.000,8275,1399,IT,BC
5509,447465,BC,188.000,8276,1516,CS,OC
5510,311000,BC,188.000,8277,4971,CS,OC
5511,386785,BC,188.000,8278,2377,IC,OC
5512,322928,BC,188.000,8280,2006,MS,OC
5513,203612,MBC,188.000,8281,1399,AD,MBC
5514,415499,MBC,188.000,8282,2615,EE,OC
5515,402953,BC,188.000,8283,2764,CS,OC
5516,272342,MBC,188.000,8286,1,BY,MBC
5517,470996,BC,188.000,8287,1399,CB,OC
5518,256371,BC,188.000,8289,2711,EC,OC
5519,223133,BC,188.000,8291,4,AU,OC
5520,430712,BC,188.000,8292,2764,CS,OC
5521,354089,BCM,188.000,8293,5008,CM,BCM
5522,207368,OC,188.000,8294,1211,AL,OC
5523,488512,BC,188.000,8296,5008,CE,OC
5524,450816,BC,188.000,8297,2007,EY,BC
5525,378471,BC,188.000,8298,5008,EU,OC
5526,284811,BC,188.000,8300,1432,CS,OC
5527,262558,SC,188.000,8302,4,IM,SC
5528,420045,BC,188.000,8303,1399,CB,OC
5529,375334,BC,188.000,8305,2712,AD,BC
5530,348505,BC,188.000,8306,2007,EY,BC
5531,220048,OC,188.000,8307,1304,EC,OC
5532,296708,BC,188.000,8308,2025,AD,OC
5533,298786,BC,188.000,8310,2025,CS,OC
5534,360754,MBC,188.000,8311,2750,CS,OC
5535,268971,MBC,188.000,8312,2739,CS,MBC
5536,291796,BC,188.000,8313,1432,CS,OC
5537,315266,BCM,188.000,8314,1399,AM,BCM
5538,350132,BC,188.000,8315,2739,EE,OC
5539,468622,BC,188.000,8316,2329,AD,OC
5540,354338,BC,188.000,8317,5008,CE,OC
5541,320715,BC,188.000,8319,2702,MZ,OC
5542,230086,BC,188.000,8320,2377,ME,OC
5543,337921,SC,188.000,8322,2007,AT,SC
5544,377590,BC,188.000,8325,2718,EC,OC
5545,469453,BC,188.000,8326,1211,SC,OC
5546,432841,SC,188.000,8327,2006,IM,SC
5547,420832,MBC,188.000,8328,1399,EE,MBC
5548,203533,BC,188.000,8330,1399,AM,BC
5549,260541,BC,188.000,8331,2739,AM,OC
5550,381982,BC,188.000,8332,1211,CS,OC
5551,440276,BC,188.000,8333,2007,ME,OC
5552,248903,BC,188.000,8334,2377,ME,OC
5553,364389,MBC,188.000,8335,1399,CS,MBC
5554,473344,BC,188.000,8336,5901,CS,OC
5555,425418,MBC,188.000,8338,2712,AD,MBC
5556,336992,BC,188.000,8341,1113,EC,OC
5557,445578,BC,188.000,8342,2,CL,BC
5558,220032,MBC,188.000,8343,1399,AD,MBC
5559,251538,BC,188.000,8346,2750,EC,OC
5560,377465,BC,188.000,8347,5008,EU,OC
5561,278345,SC,188.000,8349,1,EE,SC
5562,340127,SC,188.000,8350,1,ME,SC
5563,337627,BC,188.000,8351,2610,EC,OC
5564,415990,MBC,188.000,8353,5008,CW,OC
5565,342812,MBC,188.000,8355,1,XC,OC
5566,317832,BC,188.000,8356,2764,AD,OC
5567,374499,BC,188.000,8357,2712,CS,BC
5568,256012,BC,188.000,8358,1211,CS,OC
5569,271797,BC,188.000,8359,4962,CS,OC
5570,295727,BC,188.000,8360,2007,EY,BC
5571,383100,BC,188.000,8362,2377,RI,BC
5572,233888,BC,188.000,8365,1432,CS,OC
5573,406938,BC,188.000,8366,2718,CS,OC
5574,427956,BC,188.000,8369,2739,IT,BC
5575,474355,BC,188.000,8371,1113,CS,OC
5576,211131,BC,188.000,8372,1211,EC,OC
5577,337618,MBC,188.000,8374,2005,EI,OC
5578,379611,BC,188.000,8375,5008,IM,BC
5579,335296,BC,188.000,8376,1304,SC,OC
5580,435401,MBC,188.000,8377,2710,AD,OC
5581,383645,BC,188.000,8378,1211,CS,OC
5582,226780,SC,188.000,8379,2006,IM,SC
5583,307535,BCM,188.000,8380,4023,CS,OC
5584,262805,MBC,188.000,8382,1399,CS,MBC
5585,306673,BC,188.000,8383,1216,AL,OC
5586,351501,SC,188.000,8384,5012,CC,SC
5587,209541,BC,188.000,8387,2712,CS,BC
5588,258195,BC,188.000,8388,5008,IM,BC
5589,279115,BC,188.000,8389,2764,CS,OC
5590,316754,BC,188.000,8391,5008,CW,OC
5591,289633,BC,188.000,8392,2739,AM,OC
5592,407967,BC,188.000,8394,2718,CS,OC
5593,378044,BC,188.000,8397,1399,AD,BC
5594,353502,BC,188.000,8400,2739,IT,BC
5595,451275,BC,188.000,8402,2739,EC,BC
5596,246628,BC,188.000,8403,1399,CB,OC
5597,381798,BC,188.000,8404,1419,CO,OC
5598,320073,BCM,188.000,8405,2007,IM,BCM
5599,321239,BC,188.000,8407,5008,EY,OC
5600,425349,MBC,188.000,8408,1111,CS,OC
5601,377168,BC,188.000,8410,1399,IT,BC
5602,289747,BC,188.000,8411,1399,AM,BC
5603,320907,MBC,188.000,8414,2712,EC,MBC
5604,200015,BC,188.000,8416,2739,EC,BC
5605,332529,BC,188.000,8417,1399,CB,OC
5606,417689,MBC,188.000,8418,1399,AD,MBC
5607,264622,BC,188.000,8419,1,IE,BC
5608,307906,MBC,188.000,8420,3,BP,OC
5609,383825,OC,188.000,8422,1211,AD,OC
5610,416533,MBC,188.000,8423,2712,EC,MBC
5611,277955,BC,188.000,8424,2007,EL,BC
5612,277998,BC,188.000,8425,2006,PR,OC
5613,385174,BC,188.000,8426,1399,EA,BC
5614,204196,MBC,188.000,8427,2712,CS,MBC
5615,340251,BC,188.000,8428,4023,EC,OC
5616,221825,MBC,188.000,8429,2377,AD,MBC
5617,424944,MBC,188.000,8433,2711,CS,OC
5618,211804,BC,188.000,8434,1216,CS,OC
5619,211232,BC,188.000,8435,1399,AD,BC
5620,320144,BC,188.000,8436,1211,EC,OC
5621,380124,SC,188.000,8437,4,AE,SC
5622,367526,MBC,188.000,8439,5901,EC,OC
5623,425382,BC,188.000,8440,1211,CS,OC
5624,206715,SCA,188.000,8441,1216,CS,OC
5625,257593,BC,188.000,8442,2006,BY,BC
5626,371859,MBC,188.000,8444,2377,AD,MBC
5627,286900,BC,188.000,8445,1216,AD,OC
5628,464807,MBC,188.000,8447,1399,IT,MBC
5629,384849,BC,188.000,8449,2710,EC,OC
5630,362827,BCM,188.000,8450,2005,CE,OC
5631,408959,MBC,188.000,8451,2006,ME,MBC
5632,328348,SC,188.000,8452,4,EM,SC
5633,384726,MBC,188.000,8454,2,CL,MBC
5634,463447,SC,188.000,8456,2751,EC,OC
5635,257756,BC,188.000,8457,1399,IT,BC
5636,267627,BC,188.000,8459,2712,CS,BC
5637,399017,BC,188.000,8460,2,CL,BC
5638,312170,BC,188.000,8461,2702,EC,OC
5639,302985,MBC,188.000,8462,2750,SC,OC
5640,270220,BC,188.000,8467,1211,EC,OC
5641,217986,BC,188.000,8468,2718,CS,OC
5642,212067,BC,188.000,8469,1211,CS,OC
5643,414259,BC,188.000,8470,2,LE,OC
5644,394986,BC,188.000,8473,1399,EE,BC
5645,406078,BC,188.000,8474,1399,AD,BC
5646,399161,BC,188.000,8477,2710,EC,OC
5647,365948,BC,188.000,8478,1216,AD,OC
5648,265092,BC,188.000,8479,1304,SC,OC
5649,307843,SC,188.000,8480,2006,IM,SC
5650,418787,BC,188.000,8481,2739,AD,OC
5651,334750,BC,188.000,8482,3011,BT,OC
5652,488473,MBC,188.000,8484,2006,BS,MBC
5653,425680,BCM,188.000,8485,1399,AM,BCM
5654,253158,BC,188.000,8486,1399,EE,BC
5655,397742,MBC,188.000,8487,1432,EC,OC
5656,335643,BC,188.000,8488,1,PT,OC
5657,367105,MBC,188.000,8489,1432,CS,OC
5658,213335,BC,188.000,8490,2712,IT,BC
5659,202378,BC,188.000,8491,1432,AD,OC
5660,255607,BC,188.000,8494,2710,CS,OC
5661,471669,BC,188.000,8497,1,IE,BC
5662,388428,BC,188.000,8498,1399,IT,BC
5663,322171,SC,188.000,8499,5012,CC,SC
5664,401042,BC,188.000,8500,1399,EE,BC
5665,286839,BC,188.000,8502,1211,EC,OC
5666,336918,BC,188.000,8503,2739,EV,OC
5667,442741,BCM,188.000,8504,2005,IT,BCM
5668,384851,BC,188.000,8506,2712,CS,BC
5669,318027,BC,188.000,8508,2,PP,OC
5670,480788,MBC,188.000,8510,2005,IT,MBC
5671,327734,BC,188.000,8512,2006,MS,OC
5672,210692,BC,188.000,8513,5008,ME,OC
5673,314756,MBC,188.000,8514,2615,EC,MBC
5674,449217,BC,188.000,8515,2739,AM,OC
5675,435146,BC,188.000,8516,1216,AD,OC
5676,215918,BC,188.000,8517,2739,AD,OC
5677,356386,BC,188.000,8518,2005,CE,OC
5678,377850,BC,188.000,8519,2615,CS,BC
5679,312534,BC,188.000,8521,1211,AD,OC
5680,245298,SC,188.000,8522,1399,CS,SC
5681,399060,MBC,188.000,8523,2007,EY,MBC
5682,368855,BC,188.000,8524,2006,IY,BC
5683,339158,BC,188.000,8525,1311,AO,OC
5684,464015,MBC,188.000,8526,2006,ME,MBC
5685,396776,BC,188.000,8528,1,MA,BC
5686,389584,BC,188.000,8529,2718,CS,OC
5687,247721,BC,188.000,8530,2,CL,BC
5688,373146,BC,188.000,8531,1211,CS,OC
5689,314294,BC,188.000,8532,2006,PR,OC
5690,338223,BC,188.000,8533,5008,CW,OC
5691,319779,BC,188.000,8534,4,AU,OC
5692,409295,BC,188.000,8535,2739,AM,OC
5693,375251,BC,188.000,8536,1399,AD,BC
5694,359603,MBC,188.000,8537,5901,CS,OC
5695,253548,BC,188.000,8538,1211,CS,OC
5696,290921,SCA,188.000,8542,4,EC,SCA
5697,223028,BC,188.000,8543,2007,EL,BC
5698,321416,BC,188.000,8546,2710,SC,OC
5699,404066,MBC,188.000,8548,1399,EC,MBC
5700,370370,BC,188.000,8551,1432,AD,OC
5701,317356,BC,188.000,8552,2718,CS,OC
5702,405218,MBC,188.000,8553,1,GI,MBC
5703,488510,BC,188.000,8555,1399,IT,BC
5704,491255,BC,188.000,8559,2712,AD,BC
5705,369200,BC,188.000,8560,2712,AD,BC
5706,255080,BC,188.000,8561,2712,CS,BC
5707,323456,BC,188.000,8562,5921,CE,OC
5708,396754,MBC,188.000,8564,2712,CS,MBC
5709,291839,BC,188.000,8565,2739,EC,BC
5710,333530,SC,188.000,8566,4,IM,SC
5711,406054,BC,188.000,8568,2718,EC,OC
5712,272371,BC,188.000,8571,2764,EC,OC
5713,342797,BC,188.000,8573,1211,EC,OC
5714,252347,BC,188.000,8577,2764,CS,OC
5715,322704,BC,188.000,8578,1399,AM,BC
5716,351198,BC,188.000,8579,1211,EC,OC
5717,278753,MBC,188.000,8580,1516,CS,OC
5718,412839,BC,188.000,8581,2615,EE,OC
5719,252797,BC,188.000,8582,2005,ME,OC
5720,306159,BC,188.000,8584,2377,RI,BC
5721,428771,BC,188.000,8585,1304,IT,OC
5722,340102,BC,188.000,8586,1432,CS,OC
5723,447839,BC,188.000,8587,2005,EI,OC
5724,276441,BC,188.000,8588,1211,CS,OC
5725,441779,MBC,188.000,8589,5008,CM,MBC
5726,245488,BC,188.000,8590,4960,EC,OC
5727,454708,BC,188.000,8591,2739,AM,OC
5728,458866,BC,188.000,8592,2712,CS,BC
5729,389659,MBC,188.000,8593,2007,ME,OC
5730,225649,MBC,188.000,8594,1432,CS,OC
5731,298292,MBC,188.000,8595,2377,EE,MBC
5732,312029,MBC,188.000,8596,2710,CS,OC
5733,263638,BC,188.000,8597,1399,AM,BC
5734,394265,MBC,188.000,8598,2739,AM,MBC
5735,265118,MBC,188.000,8599,4678,CS,OC
5736,265698,BC,188.000,8601,5008,ME,OC
5737,453197,BCM,188.000,8602,1211,EC,OC
5738,386107,BC,188.000,8603,2329,EC,OC
5739,434733,BC,188.000,8604,1211,CS,OC
5740,259179,MBC,188.000,8605,2712,CS,MBC
5741,222225,BC,188.000,8606,5008,IM,BC
5742,309175,MBC,188.000,8609,1211,CS,OC
5743,207567,BCM,188.000,8610,1,CE,BCM
5744,321995,BC,188.000,8613,2712,EE,OC
5745,230986,BC,188.000,8614,2712,EI,OC
5746,299454,BC,188.000,8615,2006,PR,OC
5747,460255,BC,188.000,8616,2377,EE,BC
5748,356784,BC,188.000,8618,2712,EC,BC
5749,331194,BC,188.000,8619,2739,AM,BC
5750,380224,MBC,188.000,8620,2712,EC,MBC
5751,288755,BC,188.000,8622,2377,RI,BC
5752,474319,BC,188.000,8623,2,CL,BC
5753,218980,OC,188.000,8624,2718,CS,OC
5754,213458,BC,188.000,8625,2712,EE,OC
5755,363234,MBC,188.000,8626,5008,CM,MBC
5756,208337,BC,188.000,8627,1450,CS,OC
5757,284969,BC,188.000,8628,1399,AD,BC
5758,265826,BCM,188.000,8630,5901,CS,OC
5759,450906,BC,188.000,8631,1216,EC,OC
5760,235681,BC,188.000,8632,4,AU,OC
5761,347689,BC,188.000,8637,2615,EE,OC
5762,282293,BCM,188.000,8638,2006,MF,BCM
5763,357589,BC,188.000,8639,1211,CS,OC
5764,255157,MBC,188.000,8640,1450,CS,OC
5765,389094,BC,188.000,8641,2718,CS,OC
5766,390016,BC,188.000,8642,2739,EC,BC
5767,441164,SC,188.000,8645,4,EI,SC
5768,215428,BC,188.000,8647,1399,CB,OC
5769,297235,SC,188.000,8648,1,ME,SC
5770,384624,OC,188.000,8649,2,PP,OC
5771,367692,BC,188.000,8650,2712,EC,BC
5772,379705,BC,188.000,8651,1,MI,OC
5773,392419,MBC,188.000,8652,2615,CS,MBC
5774,321167,BC,188.000,8653,2706,CS,OC
5775,401466,BC,188.000,8655,1211,CS,OC
5776,408964,MBC,188.000,8656,2710,CS,OC
5777,336874,BC,188.000,8657,2764,EC,OC
5778,388647,MBC,188.000,8658,1399,IT,MBC
5779,427264,BC,188.000,8659,1211,CS,OC
5780,235397,BC,188.000,8661,2718,CS,OC
5781,208118,BC,188.000,8662,2712,CS,BC
5782,287874,MBC,188.000,8663,2712,EC,MBC
5783,307537,SC,188.000,8664,5008,EC,SC
5784,334070,MBC,188.000,8665,1399,EC,MBC
5785,500501,BCM,188.000,8666,2615,CS,BCM
5786,252200,BC,188.000,8667,2329,AM,OC
5787,244831,BC,188.000,8668,2377,EE,BC
5788,208795,OC,188.000,8670,1219,EC,OC
5789,221599,MBC,188.000,8671,2006,ME,MBC
5790,262609,BC,188.000,8673,2615,EC,BC
5791,263514,BC,188.000,8674,1399,CB,OC
5792,347238,BCM,188.000,8675,2712,EC,BCM
5793,349191,MBC,188.000,8676,5008,CM,MBC
5794,266590,BC,188.000,8677,1399,CB,OC
5795,294534,BC,188.000,8678,2006,BS,BC
5796,384876,MBC,188.000,8679,2712,AD,MBC
5797,256725,SC,188.000,8680,5008,CS,SC
5798,310888,BC,188.000,8681,5008,IM,BC
5799,334165,BC,188.000,8682,2718,IT,OC
5800,372591,BC,188.000,8683,2706,AD,OC
5801,336036,MBC,188.000,8684,1399,AD,MBC
5802,284306,MBC,188.000,8687,1216,CS,OC
5803,203160,BC,188.000,8688,2377,EE,BC
5804,372147,BC,188.000,8691,5008,IM,BC
5805,402621,MBC,188.000,8692,1,PT,OC
5806,221401,BC,188.000,8696,5008,IM,BC
5807,246282,BC,188.000,8698,1399,AD,BC
5808,431807,MBC,188.000,8699,2006,MF,MBC
5809,272995,OC,188.000,8701,2005,EI,OC
5810,466396,OC,188.000,8702,2377,ME,OC
5811,281528,BCM,188.000,8703,2006,BY,BCM
5812,286334,MBC,188.000,8704,1399,AM,MBC
5813,267009,OC,188.000,8705,1,MN,OC
5814,331323,MBC,188.000,8707,2005,EE,MBC
5815,268258,BC,188.000,8708,1211,CS,OC
5816,267614,MBC,188.000,8709,2739,EC,MBC
5817,386093,SC,188.000,8710,2007,EC,SC
5818,207813,BCM,188.000,8711,1211,CS,OC
5819,210741,MBC,188.000,8712,1399,IT,MBC
5820,469622,MBC,188.000,8713,1422,AD,OC
5821,246702,BC,188.000,8715,2712,EE,OC
5822,290176,BC,188.000,8716,2739,EV,OC
5823,491497,MBC,188.000,8717,2377,AD,MBC
5824,319449,BC,188.000,8718,1211,EC,OC
5825,368322,BC,188.000,8719,2377,RI,BC
5826,376182,SC,188.000,8721,2005,AM,SC
5827,272744,BC,188.000,8722,2712,EC,BC
5828,275634,MBC,188.000,8723,1216,CS,OC
5829,335300,BC,188.000,8724,2712,CS,BC
5830,329544,BC,188.000,8725,5008,IM,BC
5831,383426,MBC,188.000,8727,1399,CS,MBC
5832,350230,MBC,188.000,8728,2007,EY,MBC
5833,479748,BC,188.000,8730,1216,CS,OC
5834,324072,BC,188.000,8731,1450,EC,OC
5835,493272,BC,188.000,8733,2,IB,BC
5836,340831,BC,188.000,8734,4023,EC,OC
5837,245235,BC,188.000,8735,1216,EC,OC
5838,229744,OC,188.000,8738,2739,AD,OC
5839,428136,MBC,188.000,8739,1399,AM,MBC
5840,221565,SC,188.000,8740,2006,CG,SC
5841,305396,MBC,188.000,8741,2712,CS,MBC
5842,480557,OC,188.000,8742,1126,AD,OC
5843,223589,BC,188.000,8743,2377,RI,BC
5844,357433,MBC,188.000,8744,2712,IT,MBC
5845,254211,BC,188.000,8747,2718,EC,OC
5846,213187,BC,188.000,8748,2377,EE,BC
5847,468730,BC,188.000,8749,2006,AS,OC
5848,458233,MBC,188.000,8750,2329,AD,OC
5849,226649,BCM,188.000,8753,2007,ME,OC
5850,254601,BC,188.000,8755,1211,SC,OC
5851,252579,BC,188.000,8756,2025,CS,OC
5852,364356,SC,188.000,8758,1,ME,SC
5853,372948,BCM,188.000,8762,1211,EC,OC
5854,398746,BC,188.000,8763,1399,IT,BC
5855,226065,BC,188.000,8764,5008,IM,BC
5856,361013,MBC,188.000,8767,5008,CM,MBC
5857,455649,BCM,188.000,8768,2377,EE,BCM
5858,294449,SC,188.000,8769,1,ME,SC
5859,259888,BCM,188.000,8772,2005,CS,BCM
5860,432033,MBC,188.000,8774,1211,AD,OC
5861,453417,MBC,188.000,8775,2,IB,MBC
5862,347737,BC,188.000,8776,4974,EC,OC
5863,460211,OC,188.000,8777,1126,CS,OC
5864,481087,BC,188.000,8778,1432,ME,OC
5865,466734,BC,188.000,8779,1304,CS,OC
5866,233047,MBC,188.000,8784,5008,IM,MBC
5867,238538,BC,188.000,8786,2764,EC,OC
5868,414815,MBC,188.000,8787,5008,CG,MBC
5869,418628,BC,188.000,8788,1399,EE,BC
5870,393710,MBC,188.000,8789,2005,IT,MBC
5871,447860,BC,188.000,8791,1211,EC,OC
5872,464381,BC,188.000,8791A,5008,ME,OC
5873,322967,BCM,188.000,8792,2007,EY,BCM
5874,216364,SC,188.000,8793,2005,EC,SC
5875,264454,BC,188.000,8794,2377,EE,BC
5876,281246,BC,188.000,8796,5008,EL,BC
5877,484482,BC,188.000,8798,5901,EC,OC
5878,210716,SC,188.000,8800,4,AT,SC
5879,201936,BC,188.000,8801,2,IS,OC
5880,480588,OC,188.000,8802,1126,AD,OC
5881,419235,BC,188.000,8803,1211,EC,OC
5882,390583,BC,188.000,8805,1399,IT,BC
5883,323461,SC,188.000,8806,2007,EC,SC
5884,279352,OC,188.000,8807,4,AU,OC
5885,274707,MBC,188.000,8810,1399,AD,MBC
5886,438201,BC,188.000,8812,2005,CE,OC
5887,439383,BC,188.000,8814,2622,EC,OC
5888,305836,OC,188.000,8815,2712,BT,OC
5889,444869,MBC,188.000,8816,5008,CG,MBC
5890,366385,MBC,188.000,8821,1,IE,MBC
5891,224614,MBC,188.000,8824,5008,EY,OC
5892,450996,MBC,188.000,8825,2,IB,MBC
5893,467722,BC,188.000,8826,4959,BT,OC
5894,202215,BC,188.000,8827,1399,AD,BC
5895,207108,BC,188.000,8828,1,IE,BC
5896,250790,BC,188.000,8829,2764,AD,OC
5897,375178,BC,188.000,8830,4974,CS,OC
5898,214654,MBC,188.000,8832,2712,CS,MBC
5899,413561,MBC,188.000,8834,2702,EC,OC
5900,340260,BC,188.000,8836,2377,EE,BC
5901,441995,BC,188.000,8838,2712,BT,OC
5902,453712,MBC,188.000,8839,2712,EC,MBC
5903,326144,BC,188.000,8840,2718,CS,OC
5904,226308,SC,188.000,8842,1,ME,SC
5905,236798,SC,188.000,8844,4,IM,SC
5906,397472,BC,188.000,8846,1399,AM,BC
5907,211776,BC,188.000,8847,1399,ME,OC
5908,231853,BC,188.000,8848,1399,MZ,OC
5909,358504,BC,188.000,8849,5008,CW,OC
5910,345240,SC,188.000,8850,4,RA,SC
5911,386282,MBC,188.000,8854,1399,AM,MBC
5912,433542,BC,188.000,8857,2377,RI,BC
5913,473292,BCM,187.965,8859,1126,AD,OC
5914,318309,BC,187.500,8862,2718,CS,OC
5915,336922,MBC,187.500,8863,2615,EC,MBC
5916,281073,BC,187.500,8864,5008,EL,BC
5917,251364,MBC,187.500,8867,2006,MF,MBC
5918,442725,BCM,187.500,8868,5008,IM,BCM
5919,453782,SC,187.500,8874,3843,AD,OC
5920,257939,OC,187.500,8875,1219,CS,OC
5921,448489,MBC,187.500,8877,1399,CE,OC
5922,390806,BC,187.500,8878,5008,IM,BC
5923,234547,OC,187.500,8879,2718,CS,OC
5924,304740,SC,187.500,8880,1,ME,SC
5925,274987,SC,187.500,8884,2006,EE,SC
5926,228091,BC,187.500,8885,2739,AD,OC
5927,279470,BC,187.500,8887,2006,TX,OC
5928,266995,BC,187.500,8889,1399,AM,BC
5929,288848,BC,187.500,8890,2739,AM,BC
5930,308132,SC,187.500,8891,2006,CG,SC
5931,216815,BC,187.500,8893,2739,AM,BC
5932,410423,BC,187.500,8894,2739,EC,BC
5933,370724,MBC,187.500,8896,3804,CS,OC
5934,339751,BC,187.500,8898,1219,CS,OC
5935,320492,BC,187.500,8901,2718,CS,OC
5936,470995,BC,187.500,8902,2007,ME,OC
5937,328577,BC,187.500,8905,2653,EC,OC
5938,307931,BC,187.500,8908,1399,IT,BC
5939,266558,BC,187.500,8909,2006,BY,BC
5940,211824,BC,187.500,8910,2007,CH,OC
5941,311487,MBC,187.500,8912,2718,EC,OC
5942,326634,BC,187.500,8914,1211,EC,OC
5943,386781,BC,187.500,8915,2718,EC,OC
5944,410154,ST,187.500,8918,1,XM,OC
5945,406678,BC,187.500,8920,2718,CS,OC
5946,210288,BC,187.500,8921,2007,CE,OC
5947,334100,BC,187.500,8923,2764,EC,OC
5948,414996,BC,187.500,8926,2739,AD,OC
5949,427614,BC,187.500,8927,1399,IT,BC
5950,212292,BC,187.500,8928,1211,CS,OC
5951,261660,BC,187.500,8929,2706,AM,OC
5952,322804,BC,187.500,8930,2706,EC,OC
5953,261344,BC,187.500,8931,2764,CS,OC
5954,383225,BC,187.500,8935,1211,EC,OC
5955,484258,MBC,187.500,8936,2751,EC,OC
5956,407327,BC,187.500,8938,5008,EU,OC
5957,366054,BC,187.500,8939,1399,MZ,OC
5958,327903,BC,187.500,8940,2739,AD,OC
5959,441007,MBC,187.500,8941,5008,CG,MBC
5960,340046,BC,187.500,8946,2025,CS,OC
5961,442376,MBC,187.500,8947,1399,CS,MBC
5962,331500,BC,187.500,8950,1399,AM,BC
5963,397212,SCA,187.500,8951,2005,EC,SCA
5964,409749,MBC,187.500,8952,1,GI,MBC
5965,443891,BC,187.500,8955,1432,CS,OC
5966,296830,MBC,187.500,8957,2025,CS,OC
5967,474271,BC,187.500,8958,5008,EL,BC
5968,381648,BC,187.500,8960,2718,AD,OC
5969,328248,BC,187.500,8962,2702,CS,OC
5970,306223,BC,187.500,8966,2607,EC,OC
5971,345230,BC,187.500,8967,2739,AD,OC
5972,362694,BC,187.500,8968,2712,EC,BC
5973,231246,BC,187.500,8969,2712,EE,OC
5974,223234,SC,187.500,8970,1,CE,SC
5975,276544,BC,187.500,8971,5008,EL,BC
5976,285776,MBC,187.500,8972,2607,EC,OC
5977,362092,BC,187.500,8973,1399,MZ,OC
5978,397007,SC,187.500,8974,1419,EC,OC
5979,304049,BC,187.500,8976,2739,AM,BC
5980,251829,BC,187.500,8977,2764,EC,OC
5981,408099,SC,187.500,8978,1432,AM,OC
5982,247718,MBC,187.500,8979,2622,CS,OC
5983,235655,BCM,187.500,8980,1399,AD,BCM
5984,202926,BC,187.500,8981,5008,IM,BC
5985,350724,BC,187.500,8982,1399,IT,BC
5986,235061,BCM,187.500,8985,1211,RM,OC
5987,280396,BC,187.500,8986,2377,ME,OC
5988,213341,BC,187.500,8987,1211,AL,OC
5989,230594,BCM,187.500,8988,5008,CE,OC
5990,369992,MBC,187.500,8990,2739,CS,MBC
5991,389520,SC,187.500,8992,2006,EE,SC
5992,221701,BC,187.500,8993,5901,CS,OC
5993,353495,BC,187.500,8994,5008,IM,BC
5994,239763,MBC,187.500,8996,5008,EY,OC
5995,303150,BC,187.500,8997,1216,CS,OC
5996,340512,MBC,187.500,8999,1399,AD,MBC
5997,372727,BC,187.500,9003,2,CL,BC
5998,394960,MBC,187.500,9004,2377,RI,MBC
5999,353275,BC,187.500,9005,2739,AM,BC
6000,393258,SC,187.500,9006,1,BY,SC
6001,492833,OC,187.500,9007,2377,IC,OC
6002,214803,SC,187.500,9009,3805,AD,OC
6003,309583,MBC,187.500,9010,1210,EC,OC
6004,316457,MBC,187.500,9012,1399,CS,MBC
6005,240325,BC,187.500,9014,2739,AM,BC
6006,458650,BC,187.500,9016,2007,CE,OC
6007,415661,MBC,187.500,9020,2615,EE,OC
6008,295129,MBC,187.500,9021,2615,AM,OC
6009,478917,SC,187.500,9022,1,ME,SC
6010,303286,BC,187.500,9024,5008,IM,BC
6011,330913,BC,187.500,9025,2712,CS,BC
6012,290148,BC,187.500,9029,2718,CS,OC
6013,471066,MBC,187.500,9030,2635,SC,OC
6014,234480,BC,187.500,9032,5008,IM,BC
6015,212353,MBC,187.500,9033,2007,ME,OC
6016,265978,MBC,187.500,9035,1432,CS,OC
6017,234730,BC,187.500,9036,2710,EC,OC
6018,262135,BC,187.500,9037,1,MI,BC
6019,219260,BC,187.500,9039,1432,CS,OC
6020,253064,BCM,187.500,9044,2712,CS,BCM
6021,442308,BC,187.500,9046,2751,SC,OC
6022,243602,MBC,187.500,9047,2005,EI,MBC
6023,221692,BC,187.500,9048,2006,CN,BC
6024,311193,BC,187.500,9049,2764,EC,OC
6025,377560,MBC,187.500,9050,1419,AM,OC
6026,238537,SC,187.500,9054,1,EE,SC
6027,287079,BC,187.500,9056,4,AU,OC
6028,266700,MBC,187.500,9057,1399,IT,MBC
6029,370566,BC,187.500,9058,2710,CS,OC
6030,310513,BC,187.500,9060,2377,IC,OC
6031,219244,BC,187.500,9061,5008,IM,BC
6032,351939,BC,187.500,9063,5008,ME,OC
6033,268203,MBC,187.500,9064,1211,ME,OC
6034,339270,MBC,187.500,9065,1399,AM,MBC
6035,255451,BC,187.500,9066,1211,CS,OC
6036,339851,BC,187.500,9067,1219,AD,OC
6037,295543,BC,187.500,9069,5901,EC,OC
6038,332904,BC,187.500,9071,2764,CS,OC
6039,315690,BC,187.500,9072,2706,EC,OC
6040,456361,BC,187.500,9074,4962,AD,OC
6041,460090,BC,187.500,9075,2739,AD,OC
6042,413691,MBC,187.500,9076,2007,ME,OC
6043,281916,BC,187.500,9077,5008,CW,OC
6044,226220,BC,187.500,9078,1419,SC,OC
6045,322359,MBC,187.500,9080,2007,EL,MBC
6046,296805,SC,187.500,9081,2006,EM,SC
6047,362974,BC,187.500,9082,2005,EI,BC
6048,202863,BCM,187.500,9083,2007,AT,BCM
6049,368891,BC,187.500,9084,1399,AM,BC
6050,385748,BC,187.500,9086,2711,CS,OC
6051,269083,BC,187.500,9088,2007,ME,OC
6052,345167,BC,187.500,9089,2739,EV,OC
6053,422165,MBC,187.500,9092,2,CH,MBC
6054,374990,BC,187.500,9093,2739,AD,OC
6055,319441,BC,187.500,9094,1211,CS,OC
6056,473182,OC,187.500,9095,1432,AM,OC
6057,321891,BC,187.500,9098,2712,EE,OC
6058,278856,BC,187.500,9099,2764,CS,OC
6059,252793,BC,187.500,9100,2718,CS,OC
6060,402451,BC,187.500,9101,2718,CS,OC
6061,222277,BC,187.500,9103,2377,EE,BC
6062,330842,MBC,187.500,9104,2712,CS,MBC
6063,384234,BC,187.500,9105,2007,ME,OC
6064,272513,OC,187.500,9106,2718,CS,OC
6065,365023,MBC,187.500,9107,1,IE,MBC
6066,351496,BC,187.500,9108,2712,CS,BC
6067,384771,MBC,187.500,9111,2739,CS,MBC
6068,303419,BC,187.500,9112,1211,SC,OC
6069,347947,BC,187.500,9113,1399,ME,OC
6070,259672,BC,187.500,9115,2739,EV,OC
6071,332871,MBC,187.500,9116,1401,AD,OC
6072,412456,BC,187.500,9118,2718,EC,OC
6073,233465,BC,187.500,9119,2377,EE,BC
6074,322118,MBC,187.500,9121,1399,EC,MBC
6075,431988,MBC,187.500,9122,5008,EE,MBC
6076,401608,MBC,187.500,9124,1211,SC,OC
6077,461542,OC,187.500,9125,1126,AD,OC
6078,260879,MBC,187.500,9126,1211,CS,OC
6079,223985,ST,187.500,9128,4,EC,ST
6080,320858,MBC,187.500,9129,2712,AD,MBC
6081,239924,BC,187.500,9130,2718,CS,OC
6082,387063,BC,187.500,9131,1,IE,BC
6083,436023,MBC,187.500,9133,2739,CS,MBC
6084,336352,BC,187.500,9134,2707,EI,OC
6085,473146,MBC,187.500,9136,1399,CS,MBC
6086,411741,BC,187.500,9138,5901,CS,OC
6087,398904,SC,187.500,9140,4,EI,SC
6088,222596,OC,187.500,9141,4,PR,OC
6089,435549,BC,187.500,9142,2005,EI,BC
6090,236046,MBC,187.500,9143,2615,CS,MBC
6091,469886,MBC,187.500,9144,2712,CS,MBC
6092,295729,MBC,187.500,9146,1399,MZ,OC
6093,201001,BC,187.500,9147,2712,CS,BC
6094,235862,BC,187.500,9149,1211,SC,OC
6095,257803,BC,187.500,9151,2718,CS,OC
6096,245203,BC,187.500,9152,2615,CS,BC
6097,301853,BC,187.500,9153,4,AU,BC
6098,378765,SC,187.500,9156,4,AE,SC
6099,435281,BC,187.500,9157,2718,CS,OC
6100,359021,SC,187.500,9158,2006,BY,SC
6101,449120,MBC,187.500,9159,2712,EC,MBC
6102,457961,BC,187.500,9160,2712,EI,OC
6103,256574,BC,187.500,9161,2718,AD,OC
6104,226082,MBC,187.500,9162,1399,IT,MBC
6105,228781,SC,187.500,9164,1,EE,SC
6106,216628,MBC,187.500,9165,2627,IT,OC
6107,231766,BC,187.500,9168,5008,CW,OC
6108,321578,MBC,187.500,9171,1399,CS,MBC
6109,328578,BC,187.500,9172,2739,AM,BC
6110,202304,SC,187.500,9173,1,EL,SC
6111,275715,BC,187.500,9174,2702,EC,OC
6112,344502,SC,187.500,9176,2007,CS,SC
6113,261867,BC,187.500,9177,2718,CS,OC
6114,236720,BC,187.500,9179,5008,IM,BC
6115,416208,BC,187.500,9180,2005,EI,BC
6116,419394,BC,187.500,9182,2739,AD,OC
6117,248158,BC,187.500,9185,5008,CW,OC
6118,228141,MBC,187.500,9186,1,BY,MBC
6119,291627,MBC,187.500,9187,2764,CS,OC
6120,268056,BC,187.500,9188,2764,AD,OC
6121,326042,BC,187.500,9189,1211,EC,OC
6122,235534,BC,187.500,9190,2739,AD,OC
6123,240130,BC,187.500,9192,2718,EC,OC
6124,240071,BC,187.500,9193,1,IE,BC
6125,277834,SC,187.500,9194,4,IM,SC
6126,360391,BC,187.500,9195,1399,AM,BC
6127,203622,BC,187.500,9196,1419,CS,OC
6128,220102,BC,187.500,9197,2764,AM,OC
6129,243228,BC,187.500,9199,2739,EC,BC
6130,247589,MBC,187.500,9200,2025,CS,OC
6131,480605,OC,187.500,9202,1126,AD,OC
6132,408800,BC,187.500,9203,2615,CS,BC
6133,208465,MBC,187.500,9205,1399,AM,MBC
6134,265778,BC,187.500,9206,2702,CS,OC
6135,237027,BC,187.500,9207,1399,AM,BC
6136,257153,BC,187.500,9209,2710,AD,OC
6137,478456,BC,187.500,9212,5901,CS,OC
6138,309417,MBC,187.500,9214,1219,CS,OC
6139,370070,MBC,187.500,9215,2005,EE,MBC
6140,291792,BC,187.500,9217,2739,SC,OC
6141,332804,MBC,187.500,9221,2007,EL,MBC
6142,243173,OC,187.500,9223,1211,AL,OC
6143,305265,BC,187.500,9224,1211,AD,OC
6144,215249,BC,187.500,9225,1211,CS,OC
6145,414706,BC,187.500,9226,2750,CS,OC
6146,290345,BCM,187.500,9228,5008,CW,OC
6147,360696,BCM,187.500,9229,3908,CS,OC
6148,272084,MBC,187.500,9230,2739,CS,MBC
6149,267116,BC,187.500,9233,2712,CS,BC
6150,467636,BC,187.500,9236,2764,CS,OC
6151,325353,BC,187.500,9237,2007,ME,OC
6152,319601,MBC,187.500,9239,2615,EC,MBC
6153,211060,BC,187.500,9240,2,CL,BC
6154,431494,BC,187.500,9242,2712,CS,BC
6155,248753,OC,187.500,9243,1211,CS,OC
6156,358519,BC,187.500,9245,1,MN,OC
6157,473960,BC,187.500,9246,2736,AD,OC
6158,213425,BCM,187.500,9248,2006,RA,BCM
6159,255887,BC,187.500,9249,2739,IT,BC
6160,268009,BC,187.500,9252,1399,EE,BC
6161,309838,BC,187.500,9253,1,BY,BC
6162,444496,BCM,187.500,9254,1399,AM,BCM
6163,479360,BC,187.500,9256,2,CL,BC
6164,498328,BC,187.500,9257,2718,AD,OC
6165,217062,BC,187.500,9259,1211,CS,OC
6166,351257,BC,187.500,9260,1304,EC,OC
6167,200557,MBC,187.500,9262,2712,EC,MBC
6168,344849,BC,187.500,9263,2615,CS,BC
6169,235131,MBC,187.500,9265,3830,CS,OC
6170,370346,BCM,187.500,9266,1399,CS,BCM
6171,492226,BC,187.500,9267,1399,AM,BC
6172,278423,MBC,187.500,9268,2764,EC,OC
6173,349451,SC,187.500,9269,1450,CS,OC
6174,324896,BC,187.500,9270,2739,AM,BC
6175,244003,MBC,187.500,9271,1211,CS,OC
6176,388270,BC,187.500,9274,2615,CS,BC
6177,442897,MBC,187.500,9276,2712,CS,MBC
6178,324737,BC,187.500,9277,2712,AD,BC
6179,278513,MBC,187.500,9278,1113,CS,OC
6180,250224,BC,187.500,9279,1311,AO,OC
6181,265269,BC,187.500,9280,1317,IT,OC
6182,327288,MBC,187.500,9282,2608,SC,OC
6183,360730,MBC,187.500,9283,1399,IT,MBC
6184,451622,BC,187.500,9284,5,EC,OC
6185,336228,OC,187.500,9286,5008,EY,OC
6186,305604,BCM,187.500,9287,5008,IM,BCM
6187,200602,MBC,187.500,9288,1432,AM,OC
6188,410572,BCM,187.500,9289,2377,RI,BCM
6189,279703,MBC,187.500,9290,2608,AD,OC
6190,201613,BC,187.500,9291,4960,BM,OC
6191,212655,MBC,187.500,9292,2007,ME,OC
6192,328424,BC,187.500,9294,2710,AD,OC
6193,320695,MBC,187.500,9295,2712,CS,MBC
6194,418108,MBC,187.500,9296,1399,CS,MBC
6195,226498,SC,187.500,9298,1,EL,SC
6196,275483,BC,187.500,9300,2764,EC,OC
6197,251515,BC,187.500,9303,2712,AD,BC
6198,338423,BC,187.500,9304,2712,EC,BC
6199,351549,BC,187.500,9306,2377,EE,BC
6200,224734,MBC,187.500,9307,2710,EC,OC
6201,387043,MBC,187.500,9308,1113,CS,OC
6202,258372,BCM,187.500,9309,1,GI,BCM
6203,338125,BC,187.500,9310,1110,SC,OC
6204,349256,BC,187.500,9311,2764,CS,OC
6205,305314,MBC,187.500,9312,1432,EC,OC
6206,446913,BC,187.500,9313,5008,EL,BC
6207,440243,BC,187.500,9315,2615,EC,BC
6208,290990,BC,187.500,9316,4960,CS,OC
6209,428822,BC,187.500,9317,2615,EC,BC
6210,353757,MBC,187.500,9322,1399,AD,MBC
6211,276194,BC,187.500,9323,2718,EC,OC
6212,414800,MBC,187.500,9324,2005,IT,MBC
6213,421277,BC,187.500,9326,2712,EC,BC
6214,235794,BC,187.500,9328,2711,CS,OC
6215,347860,BCM,187.500,9330,4974,CE,OC
6216,418094,MBC,187.500,9331,2,PP,OC
6217,219309,BC,187.500,9332,1,BY,BC
6218,451563,BC,187.500,9334,5901,CS,OC
6219,265060,BC,187.500,9335,2007,ME,OC
6220,285442,BC,187.500,9337,5008,IM,BC
6221,426355,BC,187.500,9338,5008,IM,BC
6222,313586,SC,187.500,9339,2,CH,SC
6223,235479,MBC,187.500,9341,2712,CS,MBC
6224,307563,BC,187.500,9342,2712,AD,BC
6225,299295,BC,187.500,9343,2,IB,BC
6226,341889,BC,187.500,9345,1211,CS,OC
6227,206848,BC,187.500,9347,2764,CS,OC
6228,438611,BCM,187.500,9349,1211,AL,OC
6229,390217,BC,187.500,9352,2764,CS,OC
6230,342511,BC,187.500,9354,2712,CS,BC
6231,220238,BC,187.500,9356,2377,ME,OC
6232,418285,OC,187.500,9357,2712,MZ,OC
6233,256963,OC,187.500,9360,5901,IT,OC
6234,398982,MBC,187.500,9361,5008,IM,MBC
6235,441338,BC,187.500,9362,2377,EE,BC
6236,369963,BC,187.500,9363,2739,AD,OC
6237,260663,MBC,187.500,9365,2007,ME,MBC
6238,207138,BC,187.500,9367,2712,ME,OC
6239,377945,MBC,187.500,9369,2007,ME,MBC
6240,496908,BC,187.500,9372,1450,CS,OC
6241,469319,MBC,187.500,9374,2005,EE,MBC
6242,262673,BC,187.500,9375,1211,CS,OC
6243,325738,BC,187.500,9376,2006,BS,BC
6244,218970,MBC,187.500,9377,2005,EE,MBC
6245,494399,BC,187.500,9381,5008,EL,BC
6246,450688,MBC,187.500,9382,1,BY,MBC
6247,364576,MBC,187.500,9383,1216,AD,OC
6248,383838,BCM,187.500,9384,1,MA,BCM
6249,389179,MBC,187.500,9385,2710,CS,OC
6250,431176,MBC,187.500,9386,1399,IT,MBC
6251,290029,BC,187.500,9388,4,PR,OC
6252,233206,BCM,187.500,9389,2710,SC,OC
6253,435639,MBC,187.500,9393,2006,RA,MBC
6254,306493,BC,187.500,9394,5901,CS,BC
6255,409210,BC,187.500,9395,2739,AM,BC
6256,364227,MBC,187.500,9396,2710,SC,OC
6257,353243,BCM,187.500,9397,1304,EC,OC
6258,436385,MBC,187.500,9399,2712,EC,MBC
6259,276386,BCM,187.500,9401,4955,IT,OC
6260,248614,MBC,187.500,9403,5008,CW,OC
6261,207533,MBC,187.500,9404,2377,EV,MBC
6262,383770,BC,187.500,9410,1,GI,BC
6263,454229,MBC,187.500,9412A,1399,IT,MBC
6264,445279,BC,187.500,9413,2750,AD,OC
6265,263805,OC,187.500,9415,2718,EC,OC
6266,369025,BCM,187.500,9417,1399,IT,BCM
6267,281536,OC,187.500,9418,2007,CH,OC
6268,378146,MBC,187.500,9419,2618,AD,OC
6269,204999,BC,187.500,9423,2712,AD,BC
6270,359701,BC,187.500,9424,1399,AM,BC
6271,371466,MBC,187.500,9427,2750,EC,OC
6272,282550,BC,187.500,9428,2025,CS,OC
6273,240907,BC,187.500,9429,2006,PR,OC
6274,235196,BC,187.500,9430,2,PM,OC
6275,291802,BCM,187.500,9432,1399,CS,BCM
6276,275462,MBC,187.500,9435,1211,EC,OC
6277,248937,MBC,187.500,9439,1399,IT,MBC
6278,461232,BC,187.500,9440,5008,CW,BC
6279,232013,BC,187.500,9442,1399,AM,BC
6280,459747,BC,187.500,9443,2739,AD,OC
6281,241354,BC,187.500,9444,2712,EI,OC
6282,255375,MBC,187.500,9445,1211,EC,OC
6283,368203,BCM,187.500,9446,5986,EC,OC
6284,333515,OC,187.500,9449,5008,EY,OC
6285,336306,BC,187.500,9451,5901,EC,OC
6286,451277,BCM,187.500,9454,1211,CS,OC
6287,416841,BC,187.500,9458,2615,AM,OC
6288,403651,BC,187.500,9460,2702,CS,OC
6289,211181,BC,187.500,9461,2712,CS,BC
6290,433820,BC,187.500,9462,2,CL,BC
6291,306051,BC,187.500,9464,2739,SC,OC
6292,355146,BC,187.500,9466,5008,IM,BC
6293,227560,BC,187.500,9468,1219,CS,OC
6294,296961,BC,187.500,9469,1450,EC,OC
6295,435149,SC,187.500,9470,5008,EC,SC
6296,261902,MBC,187.500,9471,1399,CS,MBC
6297,237244,BC,187.500,9472,2739,AD,OC
6298,480625,OC,187.500,9473,1126,AD,OC
6299,216299,BC,187.500,9476,2,CL,BC
6300,230634,BC,187.500,9478,1399,AM,BC
6301,264643,BC,187.500,9479,1211,AL,OC
6302,336617,BC,187.500,9480,1211,CS,OC
6303,461401,BC,187.500,9481,2005,ME,OC
6304,306086,BC,187.500,9487,2712,AD,BC
6305,365062,BC,187.500,9488,2739,AD,OC
6306,458509,MBC,187.500,9492,2712,CS,MBC
6307,267918,BCM,187.500,9494,3841,CS,OC
6308,360441,BC,187.500,9495,5008,IM,BC
6309,302752,BCM,187.500,9496,2377,EC,BCM
6310,352009,MBC,187.500,9497,1432,EC,OC
6311,413477,MBC,187.500,9500,1216,CS,OC
6312,398315,BC,187.500,9502,2025,EC,OC
6313,227774,BC,187.500,9503,2736,SC,OC
6314,443330,MBC,187.500,9504,1321,PA,OC
6315,436788,OC,187.415,9505,1112,EC,OC
6316,427721,OC,187.333,9506A,1211,CS,OC
6317,382605,BC,187.333,9507,2712,CS,BC
6318,287506,MBC,187.250,9508,2615,EC,MBC
6319,368800,BC,187.000,9509,2377,EE,BC
6320,365850,MBC,187.000,9510,1399,CS,MBC
6321,216816,BC,187.000,9512,1399,AD,BC
6322,257492,BC,187.000,9514,4,PR,OC
6323,325744,BC,187.000,9515,2718,EC,OC
6324,349502,BC,187.000,9517,1140,EC,OC
6325,318944,BC,187.000,9518,1309,IT,OC
6326,257743,BC,187.000,9519,1211,CS,OC
6327,226720,BC,187.000,9520,1211,AD,OC
6328,268442,MBC,187.000,9521,2712,CS,MBC
6329,205353,BC,187.000,9523,5008,CW,BC
6330,304408,MBC,187.000,9524,2712,CS,MBC
6331,309467,BC,187.000,9525,1211,EC,OC
6332,359145,BC,187.000,9526,1,PT,OC
6333,422265,MBC,187.000,9527,2712,CS,MBC
6334,376216,BC,187.000,9530,2718,CS,OC
6335,281714,OC,187.000,9531,2764,CS,OC
6336,215374,OC,187.000,9534,1317,CS,OC
6337,241106,BC,187.000,9535,2712,EC,BC
6338,459036,MBC,187.000,9537,1399,EA,MBC
6339,394626,BCM,187.000,9539,2750,AM,OC
6340,265009,BC,187.000,9541,2712,CS,BC
6341,465522,MBC,187.000,9542,3019,AM,OC
6342,294894,SC,187.000,9543,4,IM,SC
6343,234196,BCM,187.000,9546,1211,CS,OC
6344,386723,BC,187.000,9547,2702,CS,OC
6345,428817,BC,187.000,9549,2711,CS,OC
6346,394655,BC,187.000,9550,5008,CW,BC
6347,321573,BC,187.000,9551,1211,AD,OC
6348,378325,MBC,187.000,9552,1399,IT,MBC
6349,396454,BC,187.000,9553,1,IE,BC
6350,325362,SC,187.000,9554,2006,EE,SC
6351,296776,MBC,187.000,9557,2718,EC,OC
6352,282223,BC,187.000,9558,2005,ME,OC
6353,263698,BC,187.000,9559,1211,CS,OC
6354,210141,BC,187.000,9561,1432,EC,OC
6355,295824,MBC,187.000,9562,1399,AM,MBC
6356,429854,BC,187.000,9563,5901,CS,BC
6357,420994,BC,187.000,9565,2,FS,OC
6358,330198,MBC,187.000,9568,2712,CS,MBC
6359,322678,BC,187.000,9569,2007,ME,BC
6360,465115,BC,187.000,9570,2377,ME,OC
6361,444247,MBC,187.000,9571,1399,AD,MBC
6362,456261,BC,187.000,9572,1,MA,BC
6363,415736,BC,187.000,9574,5008,IM,BC
6364,268674,MBC,187.000,9575,2006,RA,MBC
6365,442251,BC,187.000,9577,2377,ME,OC
6366,442018,BC,187.000,9578,2007,ME,BC
6367,385515,BC,187.000,9579,1432,CS,OC
6368,226083,BCM,187.000,9581,1216,CS,OC
6369,202952,SC,187.000,9582,1,CE,SC
6370,285774,BC,187.000,9583,1,MN,OC
6371,354149,OC,187.000,9585,2711,CS,OC
6372,346601,BC,187.000,9589,2719,CS,OC
6373,318578,BC,187.000,9590,2377,RI,BC
6374,225865,BC,187.000,9593,1432,AM,OC
6375,202939,BC,187.000,9594,1211,AD,OC
6376,282854,BC,187.000,9595,1399,AM,BC
6377,424464,SC,187.000,9596,2005,EC,SC
6378,360476,BC,187.000,9597,1399,AM,BC
6379,268622,BC,187.000,9598,1432,EC,OC
6380,347685,SC,187.000,9600,1399,EC,SC
6381,209846,BC,187.000,9601,1304,EC,OC
6382,434293,BC,187.000,9602,2702,EC,OC
6383,443884,BC,187.000,9603,1113,EC,OC
6384,329420,SC,187.000,9604,2006,IM,SC
6385,381135,MBC,187.000,9606,1399,EV,MBC
6386,387611,BC,187.000,9607,2764,CS,OC
6387,360400,BC,187.000,9608,2736,EC,OC
6388,299760,BC,187.000,9609,1,IE,BC
6389,344941,BC,187.000,9610,2751,AM,OC
6390,396151,BC,187.000,9612,2615,EC,BC
6391,218471,BC,187.000,9613,2718,AD,OC
6392,329642,BC,187.000,9614,3701,CS,OC
6393,297518,BC,187.000,9615,2025,EC,OC
6394,244939,BC,187.000,9616,2615,AM,OC
6395,302155,BC,187.000,9617,2377,IC,OC
6396,369008,BC,187.000,9618,1,BY,BC
6397,313427,BC,187.000,9619,1,MI,BC
6398,443236,BC,187.000,9620,2739,IT,BC
6399,340839,BC,187.000,9621,5008,EL,BC
6400,367076,BC,187.000,9622,5901,EC,OC
6401,275570,BC,187.000,9623,2739,AM,BC
6402,257049,SC,187.000,9624,2007,EC,SC
6403,377488,BC,187.000,9625,2712,CS,BC
6404,366606,MBC,187.000,9626,2,CH,MBC
6405,346435,MBC,187.000,9627,1,XC,OC
6406,214861,BC,187.000,9628,2739,AM,BC
6407,246875,BC,187.000,9629,2615,AM,OC
6408,288503,MBC,187.000,9630,2712,CS,MBC
6409,223448,BC,187.000,9631,2377,RI,BC
6410,392782,MBC,187.000,9632,2005,EI,MBC
6411,365222,MBC,187.000,9633,1399,CS,MBC
6412,314724,BC,187.000,9634,2025,EC,OC
6413,319755,MBC,187.000,9635,2615,CS,MBC
6414,423820,MBC,187.000,9637,2710,AD,OC
6415,217144,BC,187.000,9639,5008,EU,OC
6416,394565,MBC,187.000,9641,2007,EY,MBC
6417,245380,BC,187.000,9642,2711,CS,OC
6418,398773,BC,187.000,9643,2702,CS,OC
6419,287607,MBC,187.000,9644,2739,CS,MBC
6420,210190,BC,187.000,9645,2764,EC,OC
6421,494751,MBC,187.000,9649,2710,SC,OC
6422,437072,BC,187.000,9651,2615,AM,OC
6423,355446,SC,187.000,9652,2005,IT,SC
6424,469256,BC,187.000,9655,1216,AD,OC
6425,321441,BC,187.000,9656,1399,EE,BC
6426,352388,BC,187.000,9657,5008,IM,BC
6427,274855,MBC,187.000,9659,2005,EI,MBC
6428,293454,MBC,187.000,9663,1399,AD,MBC
6429,372427,BC,187.000,9664,2718,CS,OC
6430,207351,BC,187.000,9665,2718,CS,OC
6431,385691,BC,187.000,9666,2377,EE,BC
6432,208260,SC,187.000,9668,1,ME,SC
6433,207865,BC,187.000,9670,2764,AD,OC
6434,244164,BC,187.000,9671,1450,CS,OC
6435,300409,MBC,187.000,9673,5008,IM,MBC
6436,304223,MBC,187.000,9674,2712,CS,MBC
6437,458281,BC,187.000,9675,2377,IC,OC
6438,332073,BC,187.000,9676,1216,AD,OC
6439,475508,BC,187.000,9677,2750,BM,OC
6440,465906,BC,187.000,9678,1399,IT,BC
6441,453266,BC,187.000,9680,2712,EE,OC
6442,352886,BC,187.000,9685,2,CL,BC
6443,349791,BC,187.000,9687,1211,EC,OC
6444,271605,BC,187.000,9690,2007,ME,BC
6445,426698,MBC,187.000,9692,2615,AM,OC
6446,216194,BC,187.000,9694,2712,AD,BC
6447,212035,BC,187.000,9698,2377,EE,BC
6448,253667,SC,187.000,9699,1,ME,SC
6449,263700,MBC,187.000,9700,1216,EC,OC
6450,304222,BC,187.000,9702,2739,CB,OC
6451,307555,BC,187.000,9703,1140,CS,OC
6452,307431,BC,187.000,9704,1399,AM,BC
6453,299658,SC,187.000,9705,5008,CS,SC
6454,222902,BC,187.000,9706,2711,CS,OC
6455,260574,BCM,187.000,9707,1211,CS,OC
6456,301464,SC,187.000,9709,2,IB,SC
6457,235659,SC,187.000,9711,5008,CS,SC
6458,204435,MBC,187.000,9712,1399,AD,MBC
6459,344389,BC,187.000,9713,1432,EC,OC
6460,377755,BC,187.000,9714,2006,BY,BC
6461,300021,MBC,187.000,9715,2006,CN,MBC
6462,200191,SCA,187.000,9716,2005,CS,SCA
6463,245122,MBC,187.000,9717,1399,CS,MBC
6464,364262,BC,187.000,9718,2025,CS,OC
6465,394897,MBC,187.000,9719,2,CL,MBC
6466,308324,MBC,187.000,9720,5901,CS,MBC
6467,220889,OC,187.000,9721,1432,AD,OC
6468,226213,BC,187.000,9722,2006,CN,BC
6469,277822,BCM,187.000,9723,5008,CW,BCM
6470,204902,MBC,187.000,9725,1432,CS,OC
6471,442403,BCM,187.000,9726,2377,CS,BCM
6472,384042,BC,187.000,9727,2764,EC,OC
6473,446935,BC,187.000,9728,5008,MG,OC
6474,266677,BC,187.000,9729,1419,AD,OC
6475,372685,BC,187.000,9731,5008,EY,OC
6476,375402,BC,187.000,9733,1,XM,OC
6477,283942,BCM,187.000,9734,1399,AD,BCM
6478,293216,OC,187.000,9735,5008,EY,OC
6479,343958,BC,187.000,9736,2718,CS,OC
6480,339167,BC,187.000,9737,2718,AM,OC
6481,435272,MBC,187.000,9739,1399,AM,MBC
6482,313141,BC,187.000,9740,2764,CS,OC
6483,284894,MBC,187.000,9742,1399,CS,MBC
6484,429258,BC,187.000,9744,2750,CS,OC
6485,453269,BCM,187.000,9745,1304,AD,OC
6486,320326,SC,187.000,9746,2007,EC,SC
6487,243104,MBC,187.000,9748,1399,CS,MBC
6488,200125,BC,187.000,9749,1432,EC,OC
6489,367205,BC,187.000,9750,1211,CS,OC
6490,262809,BCM,187.000,9751,5910,AD,OC
6491,235919,MBC,187.000,9752,1399,CS,MBC
6492,434420,SC,187.000,9753,1399,CS,SC
6493,224175,MBC,187.000,9754,2,PM,OC
6494,321779,BC,187.000,9755,1211,EC,OC
6495,204798,BC,187.000,9756,4960,CS,OC
6496,382887,BC,187.000,9757,5008,EY,BC
6497,263240,MBC,187.000,9758,1399,AD,MBC
6498,358404,BC,187.000,9759,4960,AD,OC
6499,408717,BC,187.000,9761,1113,EG,OC
6500,479234,BC,187.000,9762,2007,ME,BC
6501,272220,BC,187.000,9765,3701,CS,OC
6502,368163,MBC,187.000,9771,5008,IM,MBC
6503,267594,BC,187.000,9772,1,PT,OC
6504,267687,BC,187.000,9777,1211,CS,OC
6505,458893,BC,187.000,9778,2005,ME,OC
6506,453477,BC,187.000,9779,1216,CS,OC
6507,459129,ST,187.000,9781,1,EM,ST
6508,360100,MBC,187.000,9783,2739,EC,MBC
6509,349407,BC,187.000,9784,1,IE,BC
6510,213578,MBC,187.000,9785,5008,EY,MBC
6511,415563,BC,187.000,9786,1211,EC,OC
6512,230303,BC,187.000,9788,4960,BT,OC
6513,291996,BC,187.000,9789,5008,IM,BC
6514,222727,BC,187.000,9791,1211,CS,OC
6515,428463,BC,187.000,9792,2764,EE,OC
6516,223466,MBC,187.000,9793,2750,AM,OC
6517,355284,MBC,187.000,9794,1,MI,MBC
6518,229636,SC,187.000,9795,4,AE,SC
6519,364569,OC,187.000,9796,2715,AD,OC
6520,372389,BC,187.000,9799,2712,IT,BC
6521,336049,SC,187.000,9800,1399,EC,SC
6522,275817,BC,187.000,9801,4974,EC,OC
6523,349576,MBC,187.000,9802,5008,EL,MBC
6524,375063,BC,187.000,9803,2739,CO,OC
6525,365207,OC,187.000,9804,2718,AD,OC
6526,500081,BC,187.000,9805,1211,CS,OC
6527,277608,MBC,187.000,9806,1211,EC,OC
6528,309002,SC,187.000,9807,2005,EC,SC
6529,279269,BC,187.000,9808,2740,AD,OC
6530,318781,BC,187.000,9809,2377,EE,BC
6531,215362,BC,187.000,9810,1211,CS,OC
6532,286118,BCM,187.000,9813,1509,EC,OC
6533,469102,BC,187.000,9814,1399,IT,BC
6534,357689,MBC,187.000,9815,1432,CS,OC
6535,222419,BCM,187.000,9816,1424,AM,OC
6536,337287,BC,187.000,9819,1419,CS,OC
6537,218835,BC,187.000,9820,2712,IT,BC
6538,353354,SC,187.000,9821,4,EM,SC
6539,294171,BC,187.000,9822,1399,IT,BC
6540,356002,MBC,187.000,9823,2,CL,MBC
6541,384888,BC,187.000,9824,2712,AE,OC
6542,358721,BC,187.000,9827,2377,CE,OC
6543,438608,BC,187.000,9830,2007,CE,OC
6544,253999,BC,187.000,9831,5008,CE,BC
6545,331344,BC,187.000,9832,1450,EC,OC
6546,236520,BC,187.000,9834,1211,CS,OC
6547,435452,BC,187.000,9835,2718,EC,OC
6548,276679,OC,187.000,9837,2,PP,OC
6549,461817,SC,187.000,9840,2005,EC,SC
6550,429197,MBC,187.000,9841,1,BY,MBC
6551,409563,BC,187.000,9842,1216,AD,OC
6552,396844,BC,187.000,9844,2377,RI,BC
6553,374648,BC,187.000,9846,2739,EE,OC
6554,332819,BC,187.000,9848,1211,EC,OC
6555,285631,MBC,187.000,9852,1399,EC,MBC
6556,390330,BC,187.000,9853,2006,MS,OC
6557,247145,BC,187.000,9855,1211,CS,OC
6558,405479,BC,187.000,9857,2613,IT,OC
6559,205505,BC,187.000,9858,2718,CS,OC
6560,383172,MBC,187.000,9859,1216,EC,OC
6561,339231,BC,187.000,9860,2764,CS,OC
6562,344431,BC,187.000,9861,2702,AD,OC
6563,284748,MBC,187.000,9864,2615,CS,MBC
6564,220752,BC,187.000,9865,2025,EV,OC
6565,306462,BC,187.000,9866,2006,BS,BC
6566,353073,MBC,187.000,9870,2764,EC,OC
6567,387457,BC,187.000,9871,2377,EE,BC
6568,263270,BC,187.000,9872,1317,CS,OC
6569,352853,BC,187.000,9873,1304,AM,OC
6570,278738,BC,187.000,9874,2718,EC,OC
6571,423992,BC,187.000,9876,2750,AD,OC
6572,436201,BCM,187.000,9877A,2377,AD,BCM
6573,361972,BC,187.000,9881,2739,SC,OC
6574,377552,MBC,187.000,9883,5008,IM,MBC
6575,317816,BC,187.000,9885,1399,AM,BC
6576,500039,BC,187.000,9886,1399,AD,BC
6577,217474,BC,187.000,9887,1211,AD,OC
6578,277337,SC,187.000,9888,2006,EY,SC
6579,449766,SCA,187.000,9889,2006,EE,SCA
6580,487028,MBC,187.000,9890,1399,CS,MBC
6581,346911,BCM,187.000,9895,5008,IM,BCM
6582,415779,MBC,187.000,9898,1216,AD,OC
6583,309726,BC,187.000,9899,1211,CS,OC
6584,281164,BC,187.000,9901,1399,AM,BC
6585,370157,BC,187.000,9902,1399,IT,BC
6586,312644,BC,187.000,9904,2007,ME,BC
6587,241208,BC,187.000,9906,2736,SC,OC
6588,352540,BC,187.000,9907,1211,EC,OC
6589,364512,MBC,187.000,9913,1399,CS,MBC
6590,320730,MBC,187.000,9914,1399,ME,OC
6591,380671,BC,187.000,9915,5008,IM,BC
6592,338983,MBC,187.000,9917,2712,CS,MBC
6593,204976,MBC,187.000,9920,5008,IM,MBC
6594,201418,BC,187.000,9921,5901,EC,OC
6595,370796,BC,187.000,9922,2712,IT,BC
6596,261572,OC,187.000,9923,1211,AL,OC
6597,375988,BCM,187.000,9924,2,TX,OC
6598,257621,BC,187.000,9925,2718,SC,OC
6599,270142,BC,187.000,9927,1,IE,BC
6600,366276,BC,187.000,9928,4974,CS,OC
6601,264821,BC,187.000,9931,1120,SC,OC
6602,238518,BCM,187.000,9932,2712,BT,OC
6603,470011,OC,187.000,9933,1399,BM,OC
6604,385976,BC,187.000,9934,1216,AL,OC
6605,451771,MBC,187.000,9935,5008,EE,MBC
6606,396874,BC,187.000,9936,2764,AM,OC
6607,309485,BC,187.000,9937,2712,IT,BC
6608,435455,MBC,187.000,9938,1211,CS,OC
6609,496403,BC,187.000,9939,2745,CS,OC
6610,401875,BC,187.000,9940,4,PR,OC
6611,303084,BCM,187.000,9941,1399,AM,BCM
6612,441981,BC,187.000,9942,2615,EC,BC
6613,340740,MBC,187.000,9943,1399,EC,MBC
6614,398591,MBC,187.000,9944,1399,IT,MBC
6615,202432,SC,187.000,9945,1399,CS,SC
6616,418128,BC,187.000,9946,2718,CS,OC
6617,463902,BC,187.000,9947,5901,EC,OC
6618,420892,BC,187.000,9948,2025,AD,OC
6619,415314,BC,187.000,9949,2357,EC,OC
6620,289414,BC,187.000,9950,5008,IM,BC
6621,264107,BC,187.000,9952,5901,CS,BC
6622,266076,BC,187.000,9953,2615,AM,OC
6623,305408,BC,187.000,9955,1,IE,BC
6624,264065,OC,187.000,9956,2025,CS,OC
6625,452176,BC,187.000,9957,1432,CS,OC
6626,354694,BC,187.000,9960,1216,CS,OC
6627,392176,MBC,187.000,9961,2006,IY,MBC
6628,352645,BC,187.000,9962,1211,CS,OC
6629,372497,OC,187.000,9963,1211,EC,OC
6630,433302,MBC,187.000,9964,1113,EC,OC
6631,409408,MBC,187.000,9965,2764,CS,OC
6632,295881,BC,187.000,9966,2007,MF,OC
6633,217353,BCM,187.000,9967,1216,SC,OC
6634,209395,BC,187.000,9968,2718,CS,OC
6635,246382,BC,187.000,9969,2712,AE,OC
6636,278411,BC,187.000,9970,1216,IT,OC
6637,262155,BCM,187.000,9971,1,GI,BCM
6638,389064,BC,187.000,9973,4960,EC,OC
6639,281434,BC,187.000,9974,2702,CS,OC
6640,201151,BC,187.000,9977,5008,IM,BC
6641,398437,MBC,187.000,9978,2007,EL,MBC
6642,384579,BC,187.000,9979,1304,CS,OC
6643,366703,BC,187.000,9980,2739,EE,OC
6644,220713,BC,187.000,9984,2006,BY,BC
6645,274814,BC,187.000,9986,2615,EE,OC
6646,321359,BC,187.000,9987,2739,EV,BC
6647,245366,SC,187.000,9989,1399,EC,SC
6648,302016,BC,187.000,9990,2706,EC,OC
6649,303382,MBC,187.000,9991,1211,EC,OC
6650,332509,MBC,187.000,9992,2007,EL,MBC
6651,300217,MBC,187.000,9994,2712,IT,MBC
6652,276258,SC,187.000,9995,1211,AL,OC
6653,219162,BC,187.000,9996,2739,AD,OC
6654,307380,SC,187.000,9997,2,FS,OC
6655,297054,MBC,187.000,9998,2706,EC,OC
6656,425388,SC,187.000,9999,2006,IM,SC
6657,363011,MBC,187.000,10000,2710,IT,OC
6658,282154,BC,187.000,10001,1399,AM,BC
6659,423405,BC,187.000,10002,2739,AD,OC
6660,502061,SC,187.000,10005,1399,AM,SC
6661,200070,BCM,187.000,10006,2712,CS,BCM
6662,324191,BC,187.000,10007,2712,IT,BC
6663,207119,BC,187.000,10009,2615,CS,BC
6664,419676,BC,187.000,10010,2718,CS,OC
6665,243485,BC,187.000,10011,2,CL,BC
6666,418771,MBC,187.000,10016,1432,CS,OC
6667,286073,BC,187.000,10017,1211,SC,OC
6668,216727,BC,187.000,10018,1,GI,BC
6669,397847,BC,187.000,10019,1111,CS,OC
6670,427004,BC,187.000,10020,2718,EC,OC
6671,432972,BC,187.000,10021,1432,CS,OC
6672,225511,BC,187.000,10022,1399,BM,OC
6673,484547,MBC,187.000,10023,2745,CS,OC
6674,207468,BCM,187.000,10024,1304,AD,OC
6675,217169,MBC,187.000,10025,2739,CS,MBC
6676,253733,BC,187.000,10026,1399,IT,BC
6677,307062,BC,187.000,10027,5986,CS,OC
6678,235814,MBC,187.000,10028,4,AU,MBC
6679,368655,BC,187.000,10031,1399,AM,BC
6680,282002,MBC,187.000,10032,2739,EC,MBC
6681,251384,BC,187.000,10035,2706,AM,OC
6682,393801,BC,187.000,10036,2025,CS,OC
6683,340052,BC,187.000,10038,2615,AM,OC
6684,470924,BC,187.000,10039,5008,IM,BC
6685,265011,MBC,187.000,10040,1399,EC,MBC
6686,348323,BC,187.000,10042,5008,IM,BC
6687,258831,MBC,187.000,10043,2642,AD,OC
6688,476509,BC,187.000,10046,2764,CS,OC
6689,442712,MBC,187.000,10047,1399,CS,MBC
6690,400023,BC,187.000,10049,1405,AD,OC
6691,399365,MBC,187.000,10050,2615,EE,OC
6692,498661,MBC,187.000,10051,2712,EC,MBC
6693,376102,BC,187.000,10052,5008,IM,BC
6694,435617,SCA,187.000,10053,2006,CM,SCA
6695,283918,BC,187.000,10054,2,CL,BC
6696,466431,MBC,187.000,10055,1399,AD,MBC
6697,291590,MBC,187.000,10056,1399,EC,MBC
6698,223112,BC,187.000,10061,1399,AD,BC
6699,389592,MBC,187.000,10062,5008,CW,MBC
6700,280041,BCM,187.000,10063,2,CL,BCM
6701,429899,BC,187.000,10064,2764,CS,OC
6702,391847,BC,187.000,10066,2622,CS,OC
6703,294835,BC,187.000,10068,2007,MF,OC
6704,382156,SC,187.000,10069,2006,IM,SC
6705,274894,MBC,187.000,10071,1399,AD,MBC
6706,228359,BC,187.000,10072,2739,SC,OC
6707,310177,MBC,187.000,10073,1216,EC,OC
6708,234651,BC,187.000,10074,4,PR,OC
6709,347809,BC,187.000,10075,1211,CS,OC
6710,384144,MBC,187.000,10076,2377,EE,MBC
6711,492918,OC,187.000,10077,2712,EE,OC
6712,261168,MBC,187.000,10078,1211,CS,OC
6713,329949,BC,187.000,10079,5008,EY,BC
6714,259458,MBC,187.000,10082,2377,EE,MBC
6715,208751,BCM,187.000,10083,2718,EC,OC
6716,265080,MBC,187.000,10084,1399,EV,MBC
6717,281501,BC,187.000,10085,2718,CS,OC
6718,302041,OC,187.000,10086,2739,EE,OC
6719,465041,BC,187.000,10087,5008,ME,OC
6720,201595,BC,187.000,10088,2025,EC,OC
6721,470260,OC,187.000,10089,1126,AD,OC
6722,226457,MBC,187.000,10090,5008,EE,MBC
6723,379176,BC,187.000,10091,2,IS,OC
6724,415288,BC,187.000,10093,2718,CS,OC
6725,391088,MBC,187.000,10095,1399,IT,MBC
6726,425497,SC,187.000,10096,3843,CE,OC
6727,347241,BC,187.000,10097,2712,IT,BC
6728,369781,BC,187.000,10100,1399,AM,BC
6729,249812,BC,187.000,10101,2712,EE,OC
6730,264387,BC,187.000,10102,2615,CS,BC
6731,275335,SC,187.000,10105,2005,EC,SC
6732,398518,MBC,187.000,10108,1,BY,MBC
6733,239751,SC,187.000,10111,4,IM,SC
6734,326383,BC,187.000,10112,2377,IC,OC
6735,390146,BC,187.000,10113,5008,ME,OC
6736,261004,BC,187.000,10114,1399,BM,OC
6737,344458,BCM,187.000,10115,2005,IT,BCM
6738,261268,BC,187.000,10116,1399,AM,BC
6739,480663,OC,187.000,10117,1126,CS,OC
6740,350750,MBC,187.000,10118,1399,CS,MBC
6741,443334,MBC,187.000,10119,5008,IM,MBC
6742,290925,MBC,187.000,10120,1,IE,MBC
6743,435231,MBC,187.000,10121,1,MI,MBC
6744,282430,MBC,187.000,10123,5901,EC,MBC
6745,480647,OC,187.000,10124,1126,AD,OC
6746,352410,BC,187.000,10128,2006,PR,OC
6747,282727,BC,187.000,10129,2712,EI,OC
6748,334425,BC,187.000,10130,2712,IT,BC
6749,245827,BC,187.000,10132,2,FS,OC
6750,447694,BC,187.000,10133,1211,EC,OC
6751,325030,BC,187.000,10136,2615,EC,BC
6752,446979,BC,187.000,10138,2739,IT,BC
6753,279834,SC,187.000,10139,1422,AD,OC
6754,339165,MBC,187.000,10140,2712,EC,MBC
6755,332331,MBC,187.000,10144,1399,IT,MBC
6756,396030,MBC,187.000,10145,1211,CS,OC
6757,288785,BC,187.000,10145A,1399,AM,BC
6758,432622,BC,187.000,10146,2007,CH,OC
6759,321505,SC,187.000,10147,4,EM,SC
6760,359451,MBC,187.000,10149,2615,AM,MBC
6761,479990,BC,187.000,10150,1432,ME,OC
6762,225134,BC,187.000,10152,1432,EC,OC
6763,414071,MBC,187.000,10153,1399,CS,MBC
6764,244869,MBC,187.000,10154,1399,EA,MBC
6765,409101,BC,187.000,10156,2739,AD,OC
6766,237408,MBC,187.000,10159,2739,CS,MBC
6767,224623,BC,187.000,10160,2712,IT,BC
6768,211449,SC,187.000,10161,4,EM,SC
6769,275360,MBC,187.000,10164,2710,CS,OC
6770,270630,BC,186.667,10170A,1211,AD,OC
6771,356965,MBC,186.667,10171,1399,AD,MBC
6772,408937,MBC,186.500,10173,1432,AD,OC
6773,212865,BC,186.500,10175,1211,CS,OC
6774,491468,BC,186.500,10176,1432,ME,OC
6775,303123,MBC,186.500,10178,1419,IT,OC
6776,214063,BC,186.500,10179,2005,CE,OC
6777,451591,SCA,186.500,10180,1,ME,SCA
6778,379490,BC,186.500,10181,4,AU,BC
6779,385113,MBC,186.500,10183,2006,RA,MBC
6780,350441,BC,186.500,10184,2709,CS,OC
6781,214805,BC,186.500,10185,2718,AM,OC
6782,367930,BC,186.500,10187,1211,CS,OC
6783,307122,BC,186.500,10188,2764,SC,OC
6784,326633,BC,186.500,10189,1211,SC,OC
6785,222912,MBC,186.500,10190,5901,EE,OC
6786,262049,MBC,186.500,10191,2712,EE,OC
6787,306552,BC,186.500,10193,2764,CS,OC
6788,277916,BC,186.500,10194,2718,CS,OC
6789,470047,SC,186.500,10195,1,XC,OC
6790,401731,BC,186.500,10196,2764,EC,OC
6791,401296,BC,186.500,10202,5008,CW,BC
6792,259420,BC,186.500,10203,1211,CS,OC
6793,420218,MBC,186.500,10204,2710,CS,OC
6794,261876,BC,186.500,10205,1211,CS,OC
6795,427363,BC,186.500,10206,2718,AD,OC
6796,309593,OC,186.500,10207,2764,CS,OC
6797,224019,BC,186.500,10208,2706,EC,OC
6798,425829,BC,186.500,10209,2712,EE,OC
6799,397807,MBC,186.500,10210,2377,RI,MBC
6800,388456,BC,186.500,10211,2718,EC,OC
6801,397236,BC,186.500,10212,5901,IT,OC
6802,250645,BC,186.500,10214,1432,CS,OC
6803,216256,BC,186.500,10215,2025,CS,OC
6804,361234,BC,186.500,10216,1211,EC,OC
6805,487603,MBC,186.500,10217,2007,EL,MBC
6806,348198,BC,186.500,10218,2718,AD,OC
6807,298681,BC,186.500,10219,5901,CS,BC
6808,336921,BC,186.500,10220,2739,AD,OC
6809,336120,MBC,186.500,10221,2377,CE,OC
6810,466067,SC,186.500,10224,1399,AM,SC
6811,484087,BC,186.500,10225,2329,CS,OC
6812,426527,BC,186.500,10226,2622,CS,OC
6813,266707,BC,186.500,10227,5008,MG,OC
6814,330017,MBC,186.500,10228,1211,CS,OC
6815,354574,BC,186.500,10229,2764,EC,OC
6816,310212,MBC,186.500,10230,2712,EE,OC
6817,236199,BC,186.500,10231,2025,EC,OC
6818,241244,BC,186.500,10232,1399,AD,BC
6819,218256,BC,186.500,10233,2718,CS,OC
6820,284677,BCM,186.500,10234,4974,CS,OC
6821,301670,BC,186.500,10235,2739,AD,OC
6822,399211,BC,186.500,10237,1399,AD,BC
6823,384629,BC,186.500,10238,2739,AD,OC
6824,348801,MBC,186.500,10239,2007,ME,MBC
6825,213704,MBC,186.500,10240,1399,AD,MBC
6826,390764,MBC,186.500,10241,2712,AD,MBC
6827,243407,BC,186.500,10243,2712,IT,BC
6828,278708,BC,186.500,10245,2739,SC,OC
6829,327990,MBC,186.500,10247,1399,EE,MBC
6830,320792,BC,186.500,10249,2718,CS,OC
6831,393084,BC,186.500,10250,2357,CS,OC
6832,286175,BC,186.500,10251,2712,IT,BC
6833,422939,BC,186.500,10252,1,IE,BC
6834,450252,MBC,186.500,10253,1,MA,MBC
6835,418274,BC,186.500,10255,2710,SC,OC
6836,317285,BC,186.500,10257,2739,AD,OC
6837,382782,SC,186.500,10258,1,ME,SC
6838,212027,BC,186.500,10259,1211,SC,OC
6839,259229,BC,186.500,10260,2750,CS,OC
6840,254443,BC,186.500,10261,2764,CS,OC
6841,278862,BC,186.500,10262,2025,CS,OC
6842,310084,MBC,186.500,10263,2764,CS,OC
6843,471307,BC,186.500,10264,2718,EC,OC
6844,480737,OC,186.500,10265,1126,CS,OC
6845,244975,MBC,186.500,10266,1399,CS,MBC
6846,362271,BC,186.500,10267,2764,CB,OC
6847,275598,BC,186.500,10269,5901,IT,OC
6848,256232,BC,186.500,10270,1399,IT,BC
6849,446292,BC,186.500,10271,5008,EY,BC
6850,257254,BC,186.500,10272,2007,CH,OC
6851,232592,MBC,186.500,10274,2712,AD,MBC
6852,235543,BC,186.500,10275,1,PT,OC
6853,291279,BC,186.500,10276,5901,EC,BC
6854,359183,BC,186.500,10277,1432,EC,OC
6855,310308,SC,186.500,10278,2005,AM,SC
6856,209031,BC,186.500,10279,2718,CJ,OC
6857,250792,BC,186.500,10280,1432,CS,OC
6858,373249,BCM,186.500,10281,3410,IT,OC
6859,388964,BC,186.500,10282,2718,CS,OC
6860,324085,BC,186.500,10284,1211,CS,OC
6861,332118,MBC,186.500,10285,2710,EC,OC
6862,446418,SC,186.500,10286,2006,EM,SC
6863,465505,BC,186.500,10287,1399,IT,BC
6864,396566,BC,186.500,10288,2739,AD,OC
6865,317906,BC,186.500,10289,2712,EE,OC
6866,320674,MBC,186.500,10291,1432,CS,OC
6867,370463,SC,186.500,10292,2005,CS,SC
6868,410108,BC,186.500,10293,2718,CS,OC
6869,441896,BC,186.500,10294,2615,AM,BC
6870,245397,SC,186.500,10295,1,ME,SC
6871,222947,BC,186.500,10296,2006,MS,OC
6872,483029,BC,186.500,10301,2750,EC,OC
6873,271934,MBC,186.500,10302,2615,EE,OC
6874,261803,BC,186.500,10304,2750,SC,OC
6875,371662,BCM,186.500,10305,1399,IT,BCM
6876,246041,BC,186.500,10307,2764,CS,OC
6877,451190,MBC,186.500,10308,1399,IT,MBC
6878,425370,SC,186.500,10309,2712,EC,SC
6879,422661,BC,186.500,10312,5008,CW,BC
6880,215871,MBC,186.500,10313,1211,CS,OC
6881,409048,BC,186.500,10314,4,PR,OC
6882,270855,MBC,186.500,10315,1216,AL,OC
6883,296052,BC,186.500,10316,2622,AD,OC
6884,258495,BC,186.500,10317,2718,AM,OC
6885,224431,BC,186.500,10318,1211,CS,OC
6886,376057,BC,186.500,10319,2005,EI,BC
6887,397826,MBC,186.500,10322,1399,CS,MBC
6888,337344,BC,186.500,10323,1211,AL,OC
6889,445401,BC,186.500,10324,2718,AM,OC
6890,364229,SC,186.500,10325,1,EL,SC
6891,326843,SC,186.500,10326,4,AE,SC
6892,353581,BC,186.500,10328,2653,CS,OC
6893,326800,MBC,186.500,10329,2377,EV,MBC
6894,407849,BC,186.500,10330,1,IE,BC
6895,206743,BCM,186.500,10331,1211,EC,OC
6896,256021,MBC,186.500,10332,2712,IT,MBC
6897,397194,BC,186.500,10333,1211,EC,OC
6898,307172,BC,186.500,10334,1399,IT,BC
6899,311347,SC,186.500,10335,1399,CS,SC
6900,297743,MBC,186.500,10336,2615,EC,MBC
6901,435590,BC,186.500,10338,1,GI,BC
6902,385479,BC,186.500,10339,2750,EC,OC
6903,313620,BC,186.500,10341,2718,AM,OC
6904,338741,MBC,186.500,10342,1432,CS,OC
6905,409827,BCM,186.500,10344,1399,EC,BCM
6906,369699,BC,186.500,10345,1211,CS,OC
6907,451414,BC,186.500,10347,4,PR,OC
6908,381693,BCM,186.500,10348,2377,EC,BCM
6909,395584,BC,186.500,10349,2764,CS,OC
6910,351718,BC,186.500,10350,1211,CS,OC
6911,315031,BC,186.500,10351,2764,SC,OC
6912,243875,BC,186.500,10352,2615,CS,BC
6913,320734,BC,186.500,10353,1211,CS,OC
6914,454355,BC,186.500,10355,1211,CS,OC
6915,461988,MBC,186.500,10357,2005,CE,OC
6916,366584,BC,186.500,10360,5901,CS,BC
6917,375644,BC,186.500,10361,2739,AD,OC
6918,233500,SC,186.500,10363,2006,EY,SC
6919,365265,MBC,186.500,10366,2739,AM,MBC
6920,235218,BC,186.500,10370,2615,EE,OC
6921,348751,MBC,186.500,10372,2750,EC,OC
6922,306142,BC,186.500,10374,2607,CS,OC
6923,280210,MBC,186.500,10375,5901,CS,MBC
6924,471906,BC,186.500,10378,2007,ME,BC
6925,280695,BC,186.500,10380,2712,IT,BC
6926,285736,SC,186.500,10381,1399,EC,SC
6927,221992,BC,186.500,10383,2739,AD,OC
6928,247812,BC,186.500,10384,1419,CO,OC
6929,349707,MBC,186.500,10385,5008,IM,MBC
6930,328667,BC,186.500,10387,2718,CS,OC
6931,482917,SC,186.500,10388,2329,AD,OC
6932,296421,MBC,186.500,10389,1317,CS,OC
6933,385985,BC,186.500,10390,2718,EC,OC
6934,440994,BCM,186.500,10391,4974,EC,OC
6935,390889,BC,186.500,10392,2706,CS,OC
6936,339288,BC,186.500,10394,2718,EC,OC
6937,480571,BC,186.500,10397,2764,EC,OC
6938,253099,MBC,186.500,10398,2710,CS,OC
6939,260361,BC,186.500,10400,2710,AD,OC
6940,410783,BC,186.500,10401,2712,IT,BC
6941,350102,BC,186.500,10402,2718,CS,OC
6942,214648,MBC,186.500,10403,1399,CS,MBC
6943,221294,BC,186.500,10405,1211,CS,OC
6944,425110,BC,186.500,10406,2712,EE,OC
6945,410017,BC,186.500,10407,1216,CS,OC
6946,287390,BC,186.500,10408,1211,CS,OC
6947,426323,BC,186.500,10413,1399,MZ,BC
6948,488606,BC,186.500,10414,2005,ME,OC
6949,218258,BC,186.500,10416,2712,IT,BC
6950,418929,BC,186.500,10419,5008,ME,OC
6951,338791,BC,186.500,10420,2718,CS,OC
6952,443970,BC,186.500,10421,1211,CS,OC
6953,416207,BC,186.500,10422,1,GI,BC
6954,328270,BC,186.500,10423,2764,AD,OC
6955,357993,BC,186.500,10425,1211,CS,BC
6956,299424,BC,186.500,10427,5,CH,OC
6957,318570,BC,186.500,10428,2718,CS,OC
6958,499322,MBC,186.500,10429,4675,AD,OC
6959,368477,MBC,186.500,10431,5901,EE,OC
6960,306947,BC,186.500,10432,2329,SC,OC
6961,221350,BC,186.500,10434,1211,CS,BC
6962,437238,MBC,186.500,10438,1432,EC,OC
6963,341446,MBC,186.500,10439,2712,CS,MBC
6964,451507,BC,186.500,10440,2377,ME,OC
6965,333665,MBC,186.500,10441,1432,CS,OC
6966,305311,BC,186.500,10442,2750,CS,OC
6967,476277,OC,186.500,10444,1120,EC,OC
6968,272361,BCM,186.500,10446,1424,CS,OC
6969,367541,BC,186.500,10448,2718,CS,OC
6970,461080,BC,186.500,10449,2712,MZ,OC
6971,416875,BC,186.500,10450,1211,EC,OC
6972,315181,BC,186.500,10451,2739,AD,OC
6973,425968,MBC,186.500,10452,1,IE,MBC
6974,287362,BCM,186.500,10453,2377,CS,BCM
6975,285247,BC,186.500,10455,2764,AD,OC
6976,466803,BC,186.500,10457,5008,EY,BC
6977,211114,BCM,186.500,10458,5008,ME,OC
6978,384714,MBC,186.500,10459,2005,EE,MBC
6979,468706,BC,186.500,10461,2615,AM,BC
6980,348979,BC,186.500,10462,2006,BS,BC
6981,304645,BC,186.500,10463,1211,CS,BC
6982,343412,BC,186.500,10464,2615,EC,BC
6983,310227,BC,186.500,10465,2712,IT,BC
6984,317497,MBC,186.500,10466,2007,EL,MBC
6985,434822,MBC,186.500,10467,1,BY,MBC
6986,201614,BC,186.500,10468,2615,EC,BC
6987,416742,MBC,186.500,10469,1424,EC,OC
6988,223740,MBC,186.500,10470,1399,CS,MBC
6989,338575,BC,186.500,10471,3011,BT,OC
6990,201940,BC,186.500,10472,2764,EC,OC
6991,288203,BC,186.500,10473,2750,AD,OC
6992,483286,OC,186.500,10474,2329,AD,OC
6993,264991,BC,186.500,10475,5910,CB,OC
6994,441543,BC,186.500,10477,2739,AD,OC
6995,380682,BC,186.500,10478,2005,ME,OC
6996,301409,BCM,186.500,10479,2377,EV,BCM
6997,463111,BC,186.500,10481,1399,AD,BC
6998,495424,BC,186.500,10482A,1399,AD,BC
6999,260293,OC,186.500,10483,1211,EE,OC
7000,291528,BC,186.500,10484,2712,IT,BC
7001,292140,OC,186.500,10486,1304,AM,OC
7002,352553,OC,186.500,10487,2764,EC,OC
7003,363996,BC,186.500,10489,2007,MF,OC
7004,252596,BC,186.500,10490,2739,CO,OC
7005,378854,BC,186.500,10491,1211,EC,OC
7006,327596,BC,186.500,10492,5008,EY,BC
7007,312131,MBC,186.500,10493,1216,CS,OC
7008,213292,BC,186.500,10494,2739,AD,OC
7009,417634,BC,186.500,10495,1211,CS,BC
7010,227257,BC,186.500,10496,2718,EC,OC
7011,344753,MBC,186.500,10498,1412,AD,OC
7012,325820,MBC,186.500,10499,2007,CE,OC
7013,316565,BC,186.500,10500,1,MN,OC
7014,460273,BC,186.500,10501,2607,BT,OC
7015,307420,MBC,186.500,10502,2025,AD,OC
7016,369472,BC,186.500,10503,5008,EU,OC
7017,323562,ST,186.500,10504,1,IM,ST
7018,380411,BC,186.500,10505,1399,IT,BC
7019,325407,BC,186.500,10508,1432,EC,OC
7020,338847,SCA,186.500,10509,4,EC,SCA
7021,435041,BC,186.500,10512,2007,CE,OC
7022,422100,BC,186.500,10514,1211,CS,BC
7023,224927,SC,186.500,10515,4,EI,SC
7024,429069,BC,186.500,10516,4,PR,OC
7025,473716,BC,186.500,10518,2712,IT,BC
7026,283799,BCM,186.500,10519,1211,CS,BCM
7027,232466,MBC,186.500,10520,2,CL,MBC
7028,476959,BC,186.500,10523,1605,CS,OC
7029,200387,BC,186.500,10524,2712,EI,OC
7030,234460,BC,186.500,10528,2615,CS,BC
7031,477966,MBC,186.500,10529A,1399,CS,MBC
7032,353877,MBC,186.500,10531,2006,CN,MBC
7033,217979,SC,186.500,10532,1,BY,SC
7034,334094,MBC,186.500,10533,5008,EL,MBC
7035,215991,BC,186.500,10535,1432,CS,OC
7036,476194,MBC,186.500,10536,5008,IM,MBC
7037,218635,BC,186.500,10538,2739,AD,BC
7038,342128,BC,186.500,10539,2718,EC,OC
7039,379541,MBC,186.500,10540,5901,EC,MBC
7040,465822,OC,186.500,10541,1126,EC,OC
7041,311672,BC,186.500,10542,1211,EC,OC
7042,406110,BC,186.500,10543,2622,AM,OC
7043,239230,BCM,186.500,10544,1,MN,OC
7044,252503,BC,186.500,10545,1399,AD,BC
7045,314438,BC,186.500,10546,2615,EC,BC
7046,461466,MBC,186.500,10547,1211,CS,MBC
7047,462399,SC,186.500,10548,2006,IM,SC
7048,342800,BC,186.500,10549,2710,AD,OC
7049,223139,BC,186.500,10550,3905,EC,OC
7050,355169,BC,186.500,10551,2,FS,OC
7051,317945,BC,186.500,10553,1211,CS,BC
7052,445080,BCM,186.500,10554,1432,CO,OC
7053,234259,BC,186.500,10555,2739,AD,BC
7054,368641,BC,186.500,10556,1211,CS,BC
7055,448539,MBC,186.500,10557,4974,CS,MBC
7056,443835,BC,186.500,10558,1211,CS,BC
7057,305749,BC,186.500,10560,2764,CS,OC
7058,356767,BC,186.500,10561,3819,EC,OC
7059,315887,BC,186.500,10562,2736,EC,OC
7060,384810,BC,186.500,10563,2702,EC,OC
7061,399082,BC,186.500,10565,2718,SC,OC
7062,348221,BC,186.500,10567,2764,EC,OC
7063,220259,MBC,186.500,10568,2712,IT,MBC
7064,405651,BC,186.500,10569,2377,ME,OC
7065,338170,BC,186.500,10570,2706,EC,OC
7066,277149,BC,186.500,10571,2709,CS,OC
7067,202207,BC,186.500,10575,1211,CS,BC
7068,201387,BC,186.500,10577,2718,EC,OC
7069,255798,BCM,186.500,10579,1432,CS,OC
7070,293284,BC,186.500,10580,2710,SC,BC
7071,334264,BC,186.500,10581,2712,IT,BC
7072,241501,MBC,186.500,10582,2764,CS,OC
7073,236188,BC,186.500,10583,1399,AD,BC
7074,221162,BC,186.500,10584,1432,EC,OC
7075,397438,MBC,186.500,10585,1,IE,MBC
7076,211713,MBC,186.500,10586,1399,CS,MBC
7077,394577,BC,186.500,10587,1399,AD,BC
7078,221498,SC,186.500,10589,2005,EC,SC
7079,371972,MBC,186.500,10590,2718,CS,OC
7080,394718,BC,186.500,10591,2739,AD,BC
7081,253380,OC,186.500,10592,2764,AD,OC
7082,375952,BC,186.500,10593,1211,CS,BC
7083,380345,BC,186.500,10594,2736,CS,OC
7084,324690,BC,186.500,10595,2007,CH,OC
7085,398301,BC,186.500,10596,2007,ME,BC
7086,232198,BC,186.500,10597,2712,BT,OC
7087,480744,OC,186.500,10599,1126,CS,OC
7088,248767,BC,186.500,10601,1211,CS,BC
7089,216646,MBC,186.500,10602,2377,ME,OC
7090,249384,BC,186.500,10603,2718,CS,OC
7091,202115,BC,186.500,10604,2764,CS,OC
7092,319955,BC,186.500,10605,2712,IT,BC
7093,266112,BC,186.500,10607,1211,AD,OC
7094,218799,BC,186.500,10608,2377,ME,OC
7095,307870,MBC,186.500,10609,1219,EC,OC
7096,356807,BC,186.500,10611,4,AU,BC
7097,253154,BC,186.500,10612,2005,PR,OC
7098,410295,BC,186.500,10613,2005,CE,OC
7099,261165,MBC,186.500,10614,2712,IT,MBC
7100,313341,OC,186.500,10615,2718,AD,OC
7101,384903,BC,186.500,10618,2718,SC,OC
7102,367909,BC,186.500,10619,2764,EC,OC
7103,364983,SC,186.500,10621,3011,EC,OC
7104,351932,BC,186.500,10622,2718,CS,OC
7105,352619,BC,186.500,10624,1432,CO,OC
7106,408220,BC,186.500,10625,2718,AD,OC
7107,359788,BC,186.500,10627,2702,CS,OC
7108,268882,MBC,186.500,10629,1399,CS,MBC
7109,340955,BC,186.500,10630,2702,EC,OC
7110,495259,MBC,186.500,10631,3011,CS,OC
7111,365704,MBC,186.500,10632,5008,IM,MBC
7112,291813,BC,186.500,10634,4974,EC,OC
7113,212610,SC,186.500,10635,1,MI,SC
7114,337019,SC,186.500,10636,5008,EC,SC
7115,415375,BC,186.500,10638,2764,EC,OC
7116,330054,MBC,186.500,10639,5008,EU,OC
7117,267851,BC,186.500,10640,1399,AD,BC
7118,428472,SCA,186.500,10641,2739,AM,SCA
7119,219819,BC,186.500,10643,1211,EE,OC
7120,202720,OC,186.500,10645,2712,BT,OC
7121,389303,BC,186.500,10646,2718,CS,OC
7122,416283,BC,186.500,10647,2718,EC,OC
7123,494389,BC,186.500,10648,2718,CS,OC
7124,265056,BCM,186.500,10649,2007,EL,BCM
7125,435276,MBC,186.500,10650,1399,CS,MBC
7126,249754,BC,186.500,10652,5986,AD,OC
7127,478892,BC,186.500,10653,1216,EC,OC
7128,209419,OC,186.500,10654,2739,CO,OC
7129,302256,BC,186.500,10655,1211,BT,OC
7130,391361,BC,186.500,10656,2005,EI,BC
7131,389147,MBC,186.500,10657,2006,MF,MBC
7132,212168,BC,186.500,10660,2006,CN,BC
7133,407913,MBC,186.500,10661,2,IS,OC
7134,474281,MBC,186.500,10663,2739,EC,MBC
7135,408899,BC,186.500,10664,4974,CS,BC
7136,417530,MBC,186.500,10667,1399,CB,MBC
7137,476873,SCA,186.500,10668,2005,CS,SC
7138,462032,SC,186.500,10669,2007,CS,SC
7139,308749,BC,186.500,10670,2764,EC,OC
7140,380050,MBC,186.500,10671,1211,CS,MBC
7141,476310,BC,186.500,10672,2615,EC,BC
7142,380034,BC,186.500,10673,2718,EC,OC
7143,207164,BC,186.500,10674,2739,CO,OC
7144,373485,BC,186.500,10676,1211,CS,BC
7145,390803,BCM,186.500,10677,4974,CS,BCM
7146,325174,MBC,186.500,10678,2,CL,MBC
7147,307307,BC,186.500,10679,1419,EE,OC
7148,221119,MBC,186.500,10680,1399,CS,MBC
7149,236386,BC,186.500,10681,2377,ME,OC
7150,330661,BC,186.500,10682,2712,AE,OC
7151,254819,MBC,186.500,10684,2615,CS,MBC
7152,247028,BCM,186.500,10688,5008,IM,BCM
7153,220604,BC,186.500,10690,1399,IT,BC
7154,353939,BC,186.500,10692,2764,EC,OC
7155,428286,BC,186.500,10693,1399,CB,BC
7156,323027,SC,186.500,10694,2,CL,SC
7157,223453,BC,186.500,10695,2615,EC,BC
7158,369691,OC,186.500,10697,2712,BT,OC
7159,220020,BC,186.500,10698,2764,AD,OC
7160,219548,BC,186.500,10699,1432,AD,OC
7161,284790,BC,186.500,10702,2739,EE,OC
7162,395300,BC,186.500,10703,1399,AD,BC
7163,326574,BC,186.500,10704,1432,EC,OC
7164,397545,BC,186.500,10705,1399,ME,OC
7165,205475,BC,186.500,10708,1211,AL,OC
7166,273380,SC,186.500,10709,2712,CS,SC
7167,353512,MBC,186.500,10710,2718,EC,OC
7168,438539,BC,186.500,10713,2712,IT,BC
7169,379241,MBC,186.500,10714,1211,CS,MBC
7170,386381,MBC,186.500,10717,1399,CS,MBC
7171,355968,BC,186.500,10718,2739,AD,BC
7172,394754,BC,186.500,10720,2711,EC,OC
7173,224982,MBC,186.500,10723,3701,CS,OC
7174,252741,BC,186.500,10725,1399,BM,OC
7175,244433,BC,186.500,10726,1432,EC,OC
7176,255099,MBC,186.500,10727,2750,EC,OC
7177,203879,SC,186.500,10730,1,EL,SC
7178,204431,OC,186.500,10731,1219,EC,OC
7179,279439,BC,186.500,10732,1399,IT,BC
7180,308386,BC,186.500,10733,1211,EC,OC
7181,454642,MBC,186.500,10735,2710,IT,OC
7182,491364,MBC,186.500,10736,1432,ME,OC
7183,304008,MBC,186.500,10737,5901,CS,MBC
7184,230623,BC,186.500,10739,2764,AM,OC
7185,372569,MBC,186.500,10740,2712,IT,MBC
7186,211328,BC,186.500,10742,5008,EY,BC
7187,208654,BC,186.500,10743,1216,CS,OC
7188,379583,MBC,186.500,10744,1399,CS,MBC
7189,352003,BC,186.500,10745,2739,EE,OC
7190,389050,BC,186.500,10746,2005,EI,BC
7191,223996,OC,186.500,10747,2712,AE,OC
7192,308104,BC,186.500,10748,2718,CS,OC
7193,228528,BC,186.500,10750,1211,CS,BC
7194,222025,BC,186.500,10751,5008,EY,BC
7195,260642,BC,186.500,10752,5008,CW,BC
7196,427642,SC,186.500,10754,1399,CS,SC
7197,409891,BC,186.500,10755,2764,EC,OC
7198,248399,BC,186.500,10756,2,AP,OC
7199,419119,BC,186.500,10758,2377,IC,OC
7200,298722,BC,186.500,10759,2764,CS,OC
7201,426687,BC,186.500,10762,1211,CS,BC
7202,383021,MBC,186.500,10767,2006,MT,OC
7203,331580,BC,186.500,10769A,2006,BS,BC
7204,424749,BC,186.500,10771,2718,EC,OC
7205,424307,BCM,186.500,10772,2712,CS,BCM
7206,222263,BC,186.500,10773,1216,SC,OC
7207,253003,BC,186.500,10774,2615,AM,BC
7208,384499,BC,186.500,10775,2710,EC,OC
7209,480713,OC,186.500,10779,1126,CS,OC
7210,240556,BC,186.500,10780,2615,CS,BC
7211,442649,OC,186.500,10781,1211,EC,OC
7212,214785,BC,186.500,10782,1432,EC,OC
7213,340770,MBC,186.500,10784,2739,EC,MBC
7214,358382,BC,186.500,10785,2377,ME,OC
7215,358117,BC,186.500,10787,5008,CW,BC
7216,307826,MBC,186.500,10790,1399,CB,MBC
7217,484618,MBC,186.500,10791,1422,AD,OC
7218,422210,SC,186.500,10792,2006,IM,SC
7219,318528,MBC,186.500,10793,2005,CE,OC
7220,491534,MBC,186.500,10795,1432,ME,OC
7221,219705,BC,186.500,10796,2764,CS,OC
7222,444873,BC,186.500,10799,2007,ME,BC
7223,357282,SC,186.500,10800,2739,AM,SC
7224,437472,BC,186.500,10801,1210,CS,OC
7225,475347,MBC,186.500,10803,2712,CS,MBC
7226,480815,OC,186.500,10805,1126,CS,OC
7227,391129,SC,186.500,10807,5,IT,OC
7228,480771,OC,186.500,10809,1126,CS,OC
7229,221829,BC,186.500,10814,5008,EY,BC
7230,362590,BC,186.500,10815,2710,EE,OC
7231,264141,BCM,186.500,10817,1211,AL,OC
7232,482435,BC,186.450,10818,1126,CS,OC
7233,335817,MBC,186.250,10821,2712,EC,MBC
7234,480356,BC,186.195,10822,1432,ME,OC
7235,500055,BC,186.185,10823,2718,CS,OC
7236,308954,MBC,186.000,10824,5901,EC,MBC
7237,350215,BC,186.000,10826,5008,MG,OC
7238,434972,SC,186.000,10827,1399,EC,SC
7239,346879,BC,186.000,10828,2739,IT,BC
7240,336666,MBC,186.000,10829,2006,MF,MBC
7241,310722,MBC,186.000,10830,2739,AD,MBC
7242,473900,MBC,186.000,10831,2006,CN,MBC
7243,254807,BC,186.000,10834,1219,AD,OC
7244,345594,BC,186.000,10835,2702,EC,OC
7245,241449,BC,186.000,10836,2764,AM,OC
7246,269295,BC,186.000,10837,1399,AD,BC
7247,218531,BC,186.000,10838,2718,CS,OC
7248,253124,MBC,186.000,10841,2007,EY,MBC
7249,213219,MBC,186.000,10842,1,PT,OC
7250,332391,BC,186.000,10843,1414,EC,OC
7251,305121,MBC,186.000,10844,1399,CB,MBC
7252,467637,BC,186.000,10845,2005,EI,BC
7253,358092,BC,186.000,10849,1399,IT,BC
7254,223155,SC,186.000,10851,1516,RM,OC
7255,297410,BC,186.000,10852,2718,AD,OC
7256,274157,MBC,186.000,10853,1399,CB,MBC
7257,216881,BC,186.000,10855,1113,CS,OC
7258,311420,BC,186.000,10858,2007,CE,OC
7259,240120,BC,186.000,10859,1424,CS,OC
7260,260058,BC,186.000,10862,2718,CS,OC
7261,359466,BC,186.000,10863,2751,CS,OC
7262,327808,BCM,186.000,10864,2005,IT,BCM
7263,252933,MBC,186.000,10865,4974,EC,OC
7264,279779,BC,186.000,10866,2712,EI,OC
7265,368973,BC,186.000,10870,2718,AD,OC
7266,222633,BC,186.000,10871,1211,CS,BC
7267,345684,BC,186.000,10874,4971,SC,OC
7268,387354,BC,186.000,10876,2006,MS,OC
7269,330290,OC,186.000,10877,1219,BT,OC
7270,473425,BC,186.000,10878,1216,AD,OC
7271,296645,BC,186.000,10879,3011,EC,OC
7272,228495,MBC,186.000,10881,2764,EC,OC
7273,215666,MBC,186.000,10883,1211,EC,OC
7274,439130,BC,186.000,10885,2622,AD,OC
7275,260989,MBC,186.000,10888,1399,CS,MBC
7276,334191,BC,186.000,10890,2006,AS,OC
7277,242140,BC,186.000,10892,2718,EC,OC
7278,383382,MBC,186.000,10894,1399,AM,MBC
7279,364626,BC,186.000,10898,2718,CS,OC
7280,255135,BC,186.000,10899,1,XM,OC
7281,430942,MBC,186.000,10900,2005,EI,MBC
7282,367725,BC,186.000,10901,2764,EC,OC
7283,352415,BC,186.000,10902,2718,EC,OC
7284,335949,BC,186.000,10905,2615,EC,BC
7285,446303,MBC,186.000,10907,2,CL,MBC
7286,479703,BCM,186.000,10908,1317,CS,OC
7287,286769,BC,186.000,10909,2750,AD,OC
7288,257047,MBC,186.000,10910,2764,CS,OC
7289,265253,BC,186.000,10912,2718,CS,OC
7290,298595,MBC,186.000,10913,1399,IT,MBC
7291,482294,BCM,186.000,10916,2622,AD,OC
7292,296476,OC,186.000,10919,1137,CS,OC
7293,224011,BC,186.000,10920,2718,EC,OC
7294,345497,MBC,186.000,10921,1399,AD,MBC
7295,408912,MBC,186.000,10922,2739,AD,MBC
7296,242034,BC,186.000,10923,2712,EI,OC
7297,298116,BC,186.000,10925,1211,EC,OC
7298,412828,BC,186.000,10926,2743,BT,OC
7299,371266,BC,186.000,10927,2718,EC,OC
7300,360865,BCM,186.000,10928,1216,CS,OC
7301,229261,BC,186.000,10929,2615,CS,BC
7302,270458,SC,186.000,10933,2007,EM,SC
7303,346869,MBC,186.000,10934,1,IE,MBC
7304,312440,SC,186.000,10936,1424,CS,OC
7305,255123,BC,186.000,10937,4,PR,OC
7306,336161,BC,186.000,10939,2739,EV,BC
7307,307469,OC,186.000,10941,2751,CS,OC
7308,366811,BCM,186.000,10942,4974,CS,BCM
7309,325500,BC,186.000,10943,2718,CS,OC
7310,435421,BC,186.000,10944,1399,AD,BC
7311,369638,MBC,186.000,10945,2005,EE,MBC
7312,320850,BC,186.000,10946,2719,CS,OC
7313,255871,BC,186.000,10948,2712,BT,OC
7314,425597,MBC,186.000,10949,1,MN,OC
7315,383791,BC,186.000,10952,1211,EC,OC
7316,416093,BC,186.000,10953,2739,SC,OC
7317,375902,BC,186.000,10954,1399,IT,BC
7318,363569,BCM,186.000,10956,5008,IM,BCM
7319,263281,MBC,186.000,10957,2718,CS,OC
7320,382972,BC,186.000,10960,2718,CS,OC
7321,353615,OC,186.000,10961,1304,CS,OC
7322,351434,OC,186.000,10962,1304,CS,OC
7323,439389,MBC,186.000,10963,2739,CS,MBC
7324,342799,BCM,186.000,10964,2750,AD,OC
7325,216291,BC,186.000,10966,5008,CW,BC
7326,244750,BC,186.000,10967,1432,EC,OC
7327,263887,MBC,186.000,10968,2712,IT,MBC
7328,381737,BCM,186.000,10972,2712,CS,BCM
7329,364890,BC,186.000,10973,2704,AD,OC
7330,266464,BC,186.000,10974,1211,EC,OC
7331,373316,BC,186.000,10975,2764,EC,OC
7332,251796,BCM,186.000,10977,2718,AD,OC
7333,292785,BC,186.000,10978,2710,EC,OC
7334,308994,MBC,186.000,10979,2006,CN,MBC
7335,371617,BC,186.000,10980,2764,CS,OC
7336,350177,BC,186.000,10981,1219,IT,OC
7337,292538,BC,186.000,10982,2006,CN,BC
7338,201921,BC,186.000,10983,2764,CS,BC
7339,266671,MBC,186.000,10984,5901,IT,OC
7340,320468,BC,186.000,10985,4962,CS,OC
7341,369552,MBC,186.000,10986,2718,CS,OC
7342,277917,BC,186.000,10987,1432,EC,OC
7343,251327,MBC,186.000,10988,1211,EC,OC
7344,349197,BC,186.000,10989,1432,CS,OC
7345,386096,MBC,186.000,10990,2007,CE,OC
7346,318461,SC,186.000,10993,5901,IT,OC
7347,261225,BC,186.000,10994,5008,CW,BC
7348,371374,BC,186.000,10995,1211,CS,BC
7349,335776,BC,186.000,10996,1,GI,BC
7350,459527,MBC,186.000,10997,2007,CH,OC
7351,383852,BC,186.000,10999,5008,CW,BC
7352,459237,MBC,186.000,11000,1399,IT,MBC
7353,320273,BCM,186.000,11001,1399,IT,BCM
7354,309551,BC,186.000,11002,5008,MG,OC
7355,344271,BC,186.000,11004,1399,ME,OC
7356,228018,BC,186.000,11006,2618,SC,OC
7357,356055,MBC,186.000,11007,1216,CS,OC
7358,287400,BC,186.000,11008,2718,CS,OC
7359,217920,MBC,186.000,11010,2712,CS,MBC
7360,322706,BC,186.000,11011,1399,ME,OC
7361,313701,BC,186.000,11012,1211,AL,OC
7362,259084,BC,186.000,11013,1211,EC,OC
7363,258179,BC,186.000,11015,1216,CS,OC
7364,212912,MBC,186.000,11016,2712,EC,MBC
7365,281445,BC,186.000,11017,2718,CS,OC
7366,230145,BC,186.000,11024,2712,AE,OC
7367,378937,BC,186.000,11026,2739,AD,BC
7368,382948,BC,186.000,11027,1211,EC,OC
7369,268241,MBC,186.000,11032,1399,AD,MBC
7370,384958,BC,186.000,11033,2718,CS,OC
7371,233393,BC,186.000,11034,2710,CS,OC
7372,459084,BC,186.000,11036,4962,AD,OC
7373,406984,BC,186.000,11039,1219,CS,OC
7374,491636,BC,186.000,11040,1432,ME,OC
7375,403880,BC,186.000,11043,1399,AD,BC
7376,294181,BCM,186.000,11045,5008,IM,BCM
7377,200896,OC,186.000,11046,2718,CS,OC
7378,349906,BC,186.000,11049,1432,EC,OC
7379,470648,OC,186.000,11052,2006,MT,OC
7380,377538,BC,186.000,11055,1211,CS,BC
7381,388943,MBC,186.000,11060,1432,AD,OC
7382,470385,BC,186.000,11061,1113,EC,OC
7383,398123,MBC,186.000,11063,2764,AD,OC
7384,204259,BC,186.000,11064,1516,CE,OC
7385,342541,MBC,186.000,11066,2005,CE,OC
7386,275594,BC,186.000,11067,2718,EC,OC
7387,491375,BC,186.000,11068,2718,EC,OC
7388,377441,MBC,186.000,11069,2,CL,MBC
7389,392744,BC,186.000,11070,1399,AD,BC
7390,257622,BC,186.000,11071,2718,CS,OC
7391,364082,BC,186.000,11072,5008,EY,BC
7392,400028,MBC,186.000,11073,2653,EC,OC
7393,208355,BC,186.000,11075,2005,EI,BC
7394,281436,MBC,186.000,11077,1399,MZ,MBC
7395,205823,MBC,186.000,11081,2718,CS,OC
7396,266593,BC,186.000,11082,2718,AD,OC
7397,418928,BC,186.000,11083,2718,CS,OC
7398,239509,BC,186.000,11084,2718,AD,OC
7399,214831,BC,186.000,11088,1304,EC,OC
7400,400543,BC,186.000,11089,2764,CS,BC
7401,418181,BC,186.000,11090,2618,SC,OC
7402,374262,BC,186.000,11093,1399,IT,BC
7403,477226,BC,186.000,11094,4,AU,BC
7404,288124,MBC,186.000,11096,5008,IM,MBC
7405,373512,BCM,186.000,11097,1211,EC,OC
7406,220820,MBC,186.000,11098,2710,IT,OC
7407,456213,MBC,186.000,11099,1399,AD,MBC
7408,368005,BC,186.000,11100,1399,AD,BC
7409,224949,BC,186.000,11101,1317,CS,OC
7410,449886,BC,186.000,11103,1399,AD,BC
7411,475859,BC,186.000,11104,1414,CS,OC
7412,218714,MBC,186.000,11106,1211,CS,MBC
7413,382275,BC,186.000,11107,2739,AD,BC
7414,295392,BC,186.000,11108,2706,EE,OC
7415,416245,BC,186.000,11109,2718,CS,OC
7416,386980,BC,186.000,11110,2718,CS,OC
7417,338715,BC,186.000,11111,1211,CS,BC
7418,400786,BCM,186.000,11112,2025,EC,OC
7419,254246,MBC,186.000,11113,1211,CS,MBC
7420,296413,BC,186.000,11115,2706,CS,OC
7421,373679,BC,186.000,11116,1211,CS,BC
7422,262771,BC,186.000,11119,2764,EC,OC
7423,480837,OC,186.000,11120,1126,CS,OC
7424,243386,MBC,186.000,11121,1399,CB,MBC
7425,377052,BCM,186.000,11123,2750,AM,OC
7426,250002,BC,186.000,11124,2702,EC,OC
7427,350520,MBC,186.000,11125,1304,CS,OC
7428,344371,SC,186.000,11130,1,CE,SC
7429,224664,OC,186.000,11130A,1219,CS,OC
7430,443404,MBC,186.000,11132,4,PR,OC
7431,223113,BC,186.000,11134,2005,ME,OC
7432,409485,BC,186.000,11135,1211,CS,BC
7433,376448,MBC,186.000,11138,2005,ME,OC
7434,366860,MBC,186.000,11139,2750,CS,OC
7435,462492,BC,186.000,11142,2005,IB,OC
7436,326337,MBC,186.000,11143,5008,EE,MBC
7437,211298,SC,186.000,11144,1,IE,SC
7438,320746,BC,186.000,11149,2329,AM,OC
7439,398753,BC,186.000,11150,2750,AM,OC
7440,241138,MBC,186.000,11151,2739,CS,MBC
7441,385654,MBC,186.000,11152,2007,MF,OC
7442,403933,BC,186.000,11154,2750,AM,OC
7443,324838,BC,186.000,11155,2005,ME,OC
7444,226258,BC,186.000,11157A,1399,IT,BC
7445,221791,MBC,186.000,11158,1399,AM,MBC
7446,406458,MBC,186.000,11159,4,PR,OC
7447,257128,MBC,186.000,11160,1211,CS,MBC
7448,308569,BC,186.000,11161,1211,CS,BC
7449,487054,MBC,186.000,11162,2745,EE,OC
7450,311237,BC,186.000,11163,2025,CS,OC
7451,421999,BC,186.000,11164,1399,BM,OC
7452,345859,BC,186.000,11165,2750,SC,OC
7453,381365,BCM,186.000,11166,3819,CS,OC
7454,431776,MBC,186.000,11167,1399,CB,MBC
7455,228647,MBC,186.000,11168,2624,BM,OC
7456,331843,OC,186.000,11169,2007,CL,OC
7457,239082,SC,186.000,11170,1399,CS,SC
7458,426909,SC,186.000,11172,2006,IM,SC
7459,228721,MBC,186.000,11173,2,FS,OC
7460,417272,MBC,186.000,11174,2750,AM,OC
7461,201989,BC,186.000,11175,1,GI,BC
7462,237937,MBC,186.000,11177,1,MI,MBC
7463,287020,BC,186.000,11180,1211,CS,BC
7464,347457,MBC,186.000,11181,1304,ME,OC
7465,348294,BC,186.000,11182,2764,CS,BC
7466,426877,BC,186.000,11183,2,IB,BC
7467,306446,BC,186.000,11184,2718,CS,OC
7468,272002,OC,186.000,11185,1216,AD,OC
7469,237901,MBC,186.000,11187,2758,SC,OC
7470,472279,BC,186.000,11188,2736,BM,OC
7471,243975,BC,186.000,11189,4974,CS,BC
7472,307809,MBC,186.000,11191,2006,IY,MBC
7473,422993,BC,186.000,11193,2718,CS,OC
7474,220160,BCM,186.000,11196,1399,IT,BCM
7475,382636,BC,186.000,11197,1211,CS,BC
7476,341430,BC,186.000,11198,2739,CO,OC
7477,377430,SC,186.000,11200,3464,CE,OC
7478,258206,BC,186.000,11201,5008,ME,OC
7479,225629,BC,186.000,11202,2711,EC,OC
7480,294753,BC,186.000,11203,2706,CS,OC
7481,480871,OC,186.000,11204,1126,CS,OC
7482,225098,BCM,186.000,11206,2710,CS,OC
7483,480827,OC,186.000,11209,1126,CS,OC
7484,388902,BC,186.000,11211,3465,CS,OC
7485,417043,BC,186.000,11212,2736,CS,OC
7486,340562,BC,186.000,11215,1450,CS,OC
7487,255316,BC,186.000,11216,2764,CS,BC
7488,387493,BC,186.000,11217,5986,CS,OC
7489,236468,BC,186.000,11221,1399,IT,BC
7490,233189,OC,186.000,11222,1,MN,OC
7491,327015,MBC,186.000,11225,2712,EC,MBC
7492,301895,BC,186.000,11227,2710,EC,OC
7493,332198,SC,186.000,11228,1,ME,SC
7494,334742,BCM,186.000,11229,2377,EC,BCM
7495,255124,BC,186.000,11230,5008,CW,BC
7496,235017,MBC,186.000,11232,5901,EC,MBC
7497,208678,BC,186.000,11233,1304,IT,OC
7498,290007,BC,186.000,11234,2005,EI,BC
7499,445029,BCM,186.000,11235,1126,CS,OC
7500,399756,MBC,186.000,11236,1,BY,MBC
7501,341164,BC,186.000,11238,4,AU,BC
7502,230980,BC,186.000,11239,1399,ME,OC
7503,409958,BC,186.000,11240,1399,AD,BC
7504,238466,MBC,186.000,11242,1304,EC,OC
7505,308410,BC,186.000,11243,2750,CS,OC
7506,335470,BC,186.000,11244,1399,IT,BC
7507,203797,BC,186.000,11245,2007,ME,BC
7508,367038,SC,186.000,11246,1399,AM,SC
7509,240661,BC,186.000,11247,2622,AD,OC
7510,266383,BC,186.000,11248,1216,CS,OC
7511,401593,BC,186.000,11249,1399,AD,BC
7512,361432,BC,186.000,11250,2764,CS,BC
7513,250244,BC,186.000,11252,2712,MZ,OC
7514,376222,BC,186.000,11253,2736,EC,OC
7515,264456,BC,186.000,11254,2764,CS,BC
7516,206554,BC,186.000,11257,1399,IT,BC
7517,209692,MBC,186.000,11258,2764,AD,OC
7518,414934,MBC,186.000,11259,5901,CE,OC
7519,229670,MBC,186.000,11260,2710,EC,OC
7520,320029,MBC,186.000,11261,1211,EC,OC
7521,435811,BCM,186.000,11262,2739,EC,BCM
7522,396957,BC,186.000,11263,1399,ME,OC
7523,384451,BC,186.000,11265,5986,EC,OC
7524,365673,BC,186.000,11266,2357,EC,OC
7525,312967,BC,186.000,11267,1399,ME,OC
7526,214145,BC,186.000,11269,1,MN,OC
7527,389595,BC,186.000,11270,5901,IT,OC
7528,404608,BC,186.000,11271,2764,EC,OC
7529,305847,BCM,186.000,11272,1424,AM,OC
7530,353454,BC,186.000,11273,2739,AD,BC
7531,420735,BC,186.000,11276,2751,AM,OC
7532,465950,OC,186.000,11277,1126,EC,OC
7533,369504,BC,186.000,11278,4,AU,BC
7534,311613,BC,186.000,11279,5008,EY,BC
7535,223758,MBC,186.000,11280,1432,CS,OC
7536,232084,BC,186.000,11282,2739,AD,BC
7537,346167,BC,186.000,11283,1,MN,OC
7538,208954,BC,186.000,11284,1399,AD,BC
7539,349561,MBC,186.000,11286,1140,CS,OC
7540,342374,BC,186.000,11287,2764,SC,OC
7541,290865,OC,186.000,11289,2750,EC,OC
7542,248000,MBC,186.000,11290,1399,EV,MBC
7543,402012,BCM,186.000,11291,2006,MS,OC
7544,364426,MBC,186.000,11292,5008,IM,MBC
7545,338305,BC,186.000,11293,2764,CS,BC
7546,337752,BC,186.000,11295,5008,CW,BC
7547,367091,BC,186.000,11296,2719,EC,OC
7548,379255,BC,186.000,11297,1419,CS,OC
7549,364507,BCM,186.000,11298,1399,BM,OC
7550,463807,BC,186.000,11301,1399,IT,BC
7551,222069,BC,186.000,11302,5008,ME,OC
7552,211452,MBC,186.000,11305,2739,EC,MBC
7553,285865,BC,186.000,11309,4980,CS,OC
7554,295011,BC,186.000,11310,2719,EC,OC
7555,242781,BC,186.000,11311,1211,BT,OC
7556,338990,OC,186.000,11312,2764,EC,OC
7557,257008,BC,186.000,11316,2007,ME,BC
7558,221490,BC,186.000,11317,1432,AM,OC
7559,268637,BC,186.000,11320,2764,EC,OC
7560,346668,BC,186.000,11321,1211,CS,BC
7561,336293,SC,186.000,11322,2006,IM,SC
7562,212183,BCM,186.000,11324,2712,EE,OC
7563,301944,BCM,186.000,11325,1432,CS,OC
7564,345905,SC,186.000,11326,2007,CM,SC
7565,291842,BC,186.000,11327,5008,EU,OC
7566,377868,MBC,186.000,11328,2710,CS,OC
7567,320227,BC,186.000,11329,1216,CS,OC
7568,300893,BC,186.000,11330,1216,AL,OC
7569,428073,MBC,186.000,11331,1216,EC,OC
7570,439965,MBC,186.000,11333,2006,BS,MBC
7571,431284,MBC,186.000,11338,1432,EV,OC
7572,342787,MBC,186.000,11339,3,BP,OC
7573,378878,BC,186.000,11340,2764,EC,OC
7574,351603,BC,186.000,11342,1432,EC,OC
7575,263855,MBC,186.000,11344,1,BY,MBC
7576,427131,MBC,186.000,11345,1219,CS,OC
7577,206263,BC,186.000,11346,1,MN,OC
7578,220666,BC,186.000,11347,1432,CO,OC
7579,256221,OC,186.000,11348,4960,AD,OC
7580,206673,BC,186.000,11349,5008,CW,BC
7581,434517,MBC,186.000,11350,4,AU,MBC
7582,229974,OC,186.000,11352,1211,EC,OC
7583,437645,OC,186.000,11353,1211,SC,OC
7584,465157,BC,186.000,11354,1216,CS,OC
7585,246228,MBC,186.000,11355,1432,EC,OC
7586,306012,SCA,186.000,11358,2007,EC,SCA
7587,407881,BC,186.000,11359,1432,CS,OC
7588,232192,BC,186.000,11360,2718,EC,OC
7589,446266,OC,186.000,11362,1450,CS,OC
7590,365091,BC,186.000,11363,2718,EC,OC
7591,377372,BCM,186.000,11364,4974,EC,OC
7592,386453,BC,186.000,11367,2025,CS,OC
7593,319938,BC,186.000,11372,1399,IT,BC
7594,360847,BC,186.000,11373,5008,EY,BC
7595,353961,BCM,186.000,11378,2712,IT,BCM
7596,404107,BC,186.000,11380,1111,CS,OC
7597,238424,BC,186.000,11382,1211,IT,OC
7598,260166,BC,186.000,11383,2718,CS,OC
7599,346111,BC,186.000,11385,2764,EC,OC
7600,267484,BC,186.000,11387,1450,CS,OC
7601,308236,SCA,186.000,11389,2007,EC,SCA
7602,260931,BC,186.000,11390,2764,AM,OC
7603,223660,BC,186.000,11394,2739,AD,BC
7604,385285,MBC,186.000,11395,1399,AD,MBC
7605,210956,MBC,186.000,11396,1216,EC,OC
7606,451537,MBC,186.000,11397,2739,CS,MBC
7607,201780,BC,186.000,11398,1,IE,BC
7608,307990,BC,186.000,11400,1304,CS,OC
7609,340158,MBC,186.000,11401,1211,CB,OC
7610,331826,SC,186.000,11402,1,ME,SC
7611,461607,OC,186.000,11408,1126,EC,OC
7612,418041,MBC,186.000,11409,1399,ME,OC
7613,264148,BC,186.000,11411,1399,ME,OC
7614,325823,MBC,186.000,11413,1,GI,MBC
7615,498980,MBC,186.000,11414,2750,EC,OC
7616,476807,SC,186.000,11416,5,IT,OC
7617,362009,OC,186.000,11417,5008,MG,OC
7618,295641,BC,186.000,11422,1,MA,BC
7619,418124,BC,186.000,11424,2702,EC,OC
7620,427214,BC,186.000,11427,2377,CE,OC
7621,296728,BCM,186.000,11431,2615,AM,BCM
7622,332083,OC,186.000,11432,2377,IC,OC
7623,415352,BC,186.000,11435,1211,AL,OC
7624,261878,BC,186.000,11438,1211,EC,OC
7625,315869,BC,186.000,11439,1432,EC,OC
7626,393685,MBC,186.000,11440,1432,CS,OC
7627,451458,BC,186.000,11445,2,FS,OC
7628,346235,SCA,186.000,11447,2718,CS,OC
7629,347724,SC,186.000,11448,2006,CE,SC
7630,461647,SC,186.000,11449,2622,EC,OC
7631,305854,MBC,186.000,11450,1432,EC,OC
7632,449202,MBC,186.000,11452,2,CH,MBC
7633,332630,MBC,186.000,11458,1399,AD,MBC
7634,481299,BC,186.000,11459,3807,EC,OC
7635,479125,MBC,185.750,11463,2718,CS,OC
7636,307947,BC,185.500,11465,1216,CS,OC
7637,439255,BC,185.500,11466,2622,AD,OC
7638,401279,BC,185.500,11467,2711,CS,OC
7639,380738,BC,185.500,11468,2006,PR,OC
7640,201710,OC,185.500,11469,1211,EC,OC
7641,302552,BC,185.500,11470,2764,AM,OC
7642,414527,OC,185.500,11471,2751,AM,OC
7643,304529,BC,185.500,11473,2736,SC,OC
7644,405069,SC,185.500,11474,1,MI,SC
7645,327175,BC,185.500,11476,2712,BT,OC
7646,225819,BC,185.500,11477,2718,EC,OC
7647,364927,ST,185.500,11478,1,IM,ST
7648,248851,BC,185.500,11479,2764,CS,BC
7649,212743,BC,185.500,11480,2764,AM,OC
7650,418105,BC,185.500,11481,5008,EY,BC
7651,265836,BC,185.500,11483,1211,CS,BC
7652,406703,BC,185.500,11484,2739,CB,OC
7653,329693,BC,185.500,11487,1211,AD,OC
7654,367075,BC,185.500,11489,1211,CS,BC
7655,344811,BC,185.500,11491,2739,CO,OC
7656,296494,OC,185.500,11492,4962,CS,OC
7657,387315,MBC,185.500,11493,2005,EI,MBC
7658,480001,BC,185.500,11495,2006,BY,BC
7659,276543,MBC,185.500,11496,2718,CS,OC
7660,343286,MBC,185.500,11498,2007,CE,MBC
7661,312325,BC,185.500,11501,2750,AM,OC
7662,351043,MBC,185.500,11502,2712,CS,MBC
7663,253576,OC,185.500,11504,2006,MS,OC
7664,408885,MBC,185.500,11507,2615,ME,OC
7665,221472,BC,185.500,11511,2739,AM,BC
7666,342115,MBC,185.500,11512,5901,CS,MBC
7667,361511,BC,185.500,11513,2739,CB,OC
7668,249869,MBC,185.500,11515,2006,BY,MBC
7669,392465,BC,185.500,11516,2718,CS,OC
7670,250797,BC,185.500,11517,5986,CS,OC
7671,360787,OC,185.500,11518,2621,AD,OC
7672,349359,BC,185.500,11519,2718,CS,OC
7673,452622,MBC,185.500,11520,2,PP,OC
7674,268393,BC,185.500,11522,1304,EC,OC
7675,386074,BC,185.500,11524,2764,CS,BC
7676,229282,SC,185.500,11527,2007,CM,SC
7677,398559,BC,185.500,11528,5008,CW,BC
7678,410880,BC,185.500,11530,2006,CN,BC
7679,460029,SC,185.500,11534,2006,IM,SC
7680,368899,BC,185.500,11535,2006,CN,BC
7681,284168,BC,185.500,11536,5901,EC,BC
7682,406597,MBC,185.500,11537,1,GI,MBC
7683,326103,BC,185.500,11538,2706,AD,OC
7684,257496,SCA,185.500,11539,2006,CM,SCA
7685,388603,BC,185.500,11540,2764,CS,BC
7686,422771,BC,185.500,11542,1317,AL,OC
7687,364485,BC,185.500,11543,2710,SC,BC
7688,203956,OC,185.500,11544,1219,CS,OC
7689,385636,BC,185.500,11545,1,MN,OC
7690,338943,BC,185.500,11546,1211,CS,BC
7691,373814,BCM,185.500,11547,2764,EC,OC
7692,358304,SC,185.500,11548,1110,SC,OC
7693,386128,BC,185.500,11549,2656,EE,OC
7694,293919,BC,185.500,11550,2007,ME,BC
7695,295289,BC,185.500,11551,2764,EC,OC
7696,250090,BC,185.500,11555,1211,CS,BC
7697,266237,BC,185.500,11556,2706,CS,OC
7698,217628,BC,185.500,11557,2718,CS,OC
7699,261564,BCM,185.500,11559,4954,CS,OC
7700,457287,BC,185.500,11560,2764,AM,OC
7701,468977,BC,185.500,11562,1216,AD,OC
7702,293920,BC,185.500,11564,2007,ME,BC
7703,403321,MBC,185.500,11565,2377,EE,MBC
7704,210155,BCM,185.500,11566,4974,EC,OC
7705,220193,BCM,185.500,11567,2750,SC,OC
7706,295648,BC,185.500,11569,1422,EC,OC
7707,209671,BC,185.500,11570,2377,IC,BC
7708,228770,MBC,185.500,11571,2615,CS,MBC
7709,363344,BC,185.500,11572,2710,EC,OC
7710,208091,BC,185.500,11573,1211,EC,OC
7711,310297,BCM,185.500,11574,2739,CS,BCM
7712,344089,BCM,185.500,11575,2710,AD,OC
7713,262994,MBC,185.500,11576,5008,EE,MBC
7714,449085,MBC,185.500,11577,2739,IT,MBC
7715,201051,SC,185.500,11578,1,MA,SC
7716,301956,BC,185.500,11579,2718,AD,OC
7717,350758,BC,185.500,11582,1317,CS,OC
7718,419894,BC,185.500,11583,2710,CS,OC
7719,496443,BC,185.500,11584,1,IE,BC
7720,239768,BC,185.500,11585,2764,EC,OC
7721,341304,MBC,185.500,11587,2711,AD,OC
7722,356465,BC,185.500,11588,1211,AD,OC
7723,211459,BC,185.500,11589,1399,AD,BC
7724,210512,BC,185.500,11590,1399,CB,BC
7725,485588,MBC,185.500,11591,2739,CS,MBC
7726,231804,BC,185.500,11592,2750,ME,OC
7727,488710,BCM,185.500,11593,1399,IT,BCM
7728,418319,BC,185.500,11594,3701,CS,OC
7729,360525,BC,185.500,11597,1399,AD,BC
7730,240787,BC,185.500,11599,1216,EC,OC
7731,202354,MBC,185.500,11600,2,CL,MBC
7732,344635,BC,185.500,11604,2764,CS,BC
7733,384037,MBC,185.500,11606,1399,EA,MBC
7734,261334,BC,185.500,11608,2718,CS,OC
7735,209194,BC,185.500,11613,2739,AM,BC
7736,369054,BC,185.500,11614,5901,ME,OC
7737,337591,SC,185.500,11615,2630,CS,OC
7738,340159,BC,185.500,11616,2751,CS,OC
7739,295755,MBC,185.500,11617,2615,EC,MBC
7740,270765,MBC,185.500,11618,2723,ME,OC
7741,347478,OC,185.500,11619,2710,CS,OC
7742,344265,BC,185.500,11620,2615,AM,BC
7743,263576,BC,185.500,11621,2764,EC,OC
7744,212327,BC,185.500,11622,2764,EC,OC
7745,479587,BC,185.500,11625,2712,EE,OC
7746,229591,BC,185.500,11626,1216,AD,OC
7747,236105,MBC,185.500,11629,1304,BT,OC
7748,216358,BCM,185.500,11632,1211,AL,OC
7749,467532,BC,185.500,11634,2603,SC,OC
7750,282063,OC,185.500,11635,1219,EE,OC
7751,387060,MBC,185.500,11636,2718,CS,OC
7752,428388,MBC,185.500,11637,2764,EC,OC
7753,338204,MBC,185.500,11638,2764,CS,MBC
7754,282811,BC,185.500,11639,1,IE,BC
7755,461000,BC,185.500,11640,5935,CS,OC
7756,275181,BC,185.500,11641,1216,CS,OC
7757,207304,BC,185.500,11643,2739,AM,BC
7758,232393,BC,185.500,11644,5901,IT,OC
7759,220170,BC,185.500,11647,2710,CS,OC
7760,203253,MBC,185.500,11648,1317,AD,OC
7761,435961,BC,185.500,11649,1,MA,BC
7762,333073,BC,185.500,11651,2718,AD,OC
7763,206430,BC,185.500,11653,4,AU,BC
7764,439432,BC,185.500,11656,5008,CW,BC
7765,254792,BC,185.500,11658,1304,CS,OC
7766,305139,BC,185.500,11659,2712,EE,OC
7767,208747,MBC,185.500,11660,2739,EC,MBC
7768,308557,MBC,185.500,11661,2750,AM,OC
7769,200560,BC,185.500,11662,1211,CS,BC
7770,366070,BC,185.500,11663,5008,CW,BC
7771,326115,BC,185.500,11665,2718,IT,OC
7772,257182,BCM,185.500,11666,1432,CS,BCM
7773,375911,MBC,185.500,11668,1399,IT,MBC
7774,405237,MBC,185.500,11669,2710,EC,OC
7775,400342,BC,185.500,11670,2739,CB,OC
7776,219530,BC,185.500,11671,1211,EC,OC
7777,354252,MBC,185.500,11673,5901,EC,MBC
7778,333529,MBC,185.500,11674,1211,AD,OC
7779,440402,BC,185.500,11675,2739,AD,BC
7780,428991,BC,185.500,11676,1317,CS,OC
7781,415229,BC,185.500,11677,1211,AL,OC
7782,260731,BC,185.500,11678,5008,MG,OC
7783,259481,MBC,185.500,11679,1432,AM,MBC
7784,352675,BC,185.500,11680,4974,CS,BC
7785,264577,MBC,185.500,11681,1419,CS,OC
7786,317616,BC,185.500,11683,5008,MG,OC
7787,285916,BC,185.500,11684,2710,CS,OC
7788,258653,MBC,185.500,11685,1414,EC,OC
7789,270915,BC,185.500,11686,5008,CW,BC
7790,419312,BC,185.500,11687,2005,ME,OC
7791,422307,MBC,185.500,11689,2615,EE,OC
7792,454278,MBC,185.500,11691,2750,AM,OC
7793,470091,MBC,185.500,11693,2750,AM,OC
7794,384754,BC,185.500,11694,2622,AD,OC
7795,475775,MBC,185.500,11696,2750,AD,OC
7796,294857,BC,185.500,11698,1422,CS,OC
7797,201129,BC,185.500,11699,2712,EE,OC
7798,335809,BC,185.500,11700,5008,CW,BC
7799,308598,BCM,185.500,11701,2006,CN,BCM
7800,317277,BC,185.500,11703,4974,EC,OC
7801,211750,BC,185.500,11706,2006,BY,BC
7802,337067,BC,185.500,11708,1211,AL,OC
7803,212064,BC,185.500,11709,1,IE,BC
7804,478676,BC,185.500,11710,1432,CS,BC
7805,208624,BC,185.500,11711,2718,CS,OC
7806,416915,BC,185.500,11712,2607,EE,OC
7807,263505,BC,185.500,11713,5008,CW,BC
7808,284270,MBC,185.500,11715,1216,EC,OC
7809,235067,SC,185.500,11716,1,XC,SC
7810,329322,BC,185.500,11717,1399,AD,BC
7811,457822,MBC,185.500,11718,2005,ME,OC
7812,482354,BCM,185.500,11721,2,PM,OC
7813,397611,BC,185.500,11722,1432,CS,BC
7814,381896,BC,185.500,11723,1399,AD,BC
7815,358415,MBC,185.500,11724,2739,EC,MBC
7816,453666,OC,185.500,11727,1211,AD,OC
7817,366411,BCM,185.500,11730,1399,AD,BCM
7818,305105,MBC,185.500,11731,1432,AD,OC
7819,409083,MBC,185.500,11732,5901,EC,MBC
7820,261930,BC,185.500,11734,1399,IT,BC
7821,289390,BC,185.500,11735,1,IE,BC
7822,209156,BC,185.500,11736,1399,IT,BC
7823,391260,SC,185.500,11737,2007,CM,SC
7824,323153,BC,185.500,11738,1216,CS,OC
7825,322337,MBC,185.500,11739,2750,CS,OC
7826,287437,BCM,185.500,11742,2739,EC,BCM
7827,393764,BC,185.500,11743,2615,EE,OC
7828,225425,BC,185.500,11744,2007,CL,OC
7829,290674,SC,185.500,11745,1399,EC,SC
7830,367331,MBC,185.500,11746,2712,EE,OC
7831,216781,BC,185.500,11747,1,MN,OC
7832,324772,MBC,185.500,11748,2739,AD,MBC
7833,312307,MBC,185.500,11749,2718,AD,OC
7834,403553,BC,185.500,11750,4960,CS,OC
7835,357195,BC,185.500,11751,5986,CS,OC
7836,355182,BCM,185.500,11752,3819,AD,OC
7837,296471,BC,185.500,11753,2739,AD,BC
7838,242742,BC,185.500,11755,5008,CW,BC
7839,491240,BC,185.500,11756,2764,CS,BC
7840,368826,BCM,185.500,11757,2712,EE,OC
7841,332761,MBC,185.500,11758,1304,CS,OC
7842,376342,MBC,185.500,11759,5008,EY,MBC
7843,469677,BC,185.500,11760,2751,CS,OC
7844,263398,BC,185.500,11761,1211,EC,OC
7845,255013,BC,185.500,11762,2764,CS,BC
7846,304465,BC,185.500,11764,1399,ME,OC
7847,457322,BCM,185.500,11766,1450,AD,OC
7848,381942,BC,185.500,11767,2349,RM,OC
7849,279008,BCM,185.500,11768,2739,CS,BCM
7850,255877,BC,185.500,11769,5901,CS,BC
7851,395443,SC,185.500,11772,1,IE,SC
7852,349413,MBC,185.500,11774,1399,EA,MBC
7853,255196,MBC,185.500,11775,1211,CS,MBC
7854,226554,MBC,185.500,11776,1304,CS,OC
7855,389226,BC,185.500,11777,5901,IT,OC
7856,229924,BC,185.500,11778,1399,IT,BC
7857,406291,MBC,185.500,11779,1211,CE,OC
7858,321706,BC,185.500,11780,5901,CS,BC
7859,300549,BC,185.500,11783,5901,EC,BC
7860,313279,MBC,185.500,11785,5008,IM,MBC
7861,408865,BC,185.500,11786,1219,EC,OC
7862,314044,BC,185.500,11787,1399,IT,BC
7863,239018,MBC,185.500,11788,1219,CS,OC
7864,220909,BC,185.500,11789,4,AU,BC
7865,271531,BC,185.500,11790,2718,CS,OC
7866,223467,BC,185.500,11791,1317,CS,OC
7867,403853,BC,185.500,11794,2764,CS,BC
7868,390165,MBC,185.500,11795,2723,AM,OC
7869,230381,BC,185.500,11796,1211,EC,OC
7870,315479,BC,185.500,11797,1216,CS,OC
7871,214623,BC,185.500,11798,1399,IT,BC
7872,395433,BC,185.500,11801,2736,IT,OC
7873,382997,BC,185.500,11802,1111,CS,OC
7874,401285,BC,185.500,11804,1113,CS,OC
7875,384779,MBC,185.500,11805,1211,AD,OC
7876,205383,BC,185.500,11806,5008,CE,BC
7877,257241,BC,185.500,11807,5008,EU,BC
7878,219950,BCM,185.500,11808,3830,CS,OC
7879,298656,MBC,185.500,11809,5901,EC,MBC
7880,259593,BC,185.500,11810,2718,CS,OC
7881,277642,BC,185.500,11811,5008,CE,BC
7882,388939,MBC,185.500,11812,2622,AD,OC
7883,352255,BC,185.500,11815,1432,AD,OC
7884,244162,BC,185.500,11816,2006,BY,BC
7885,492877,BC,185.500,11817,2750,CB,OC
7886,408240,BCM,185.500,11818,2712,CS,BCM
7887,392795,MBC,185.500,11819,2739,CS,MBC
7888,395340,BC,185.500,11820,2718,CS,OC
7889,375906,MBC,185.500,11821,2710,CS,OC
7890,211697,BCM,185.500,11822,2712,IT,BCM
7891,418722,BC,185.500,11823,2750,AM,OC
7892,384090,BC,185.500,11824,1219,EE,OC
7893,330148,SC,185.500,11826,2,IB,SC
7894,305190,BC,185.500,11828,1432,CS,BC
7895,291908,MBC,185.500,11832,2718,AM,MBC
7896,393252,SC,185.500,11833,1,EL,SC
7897,350076,BC,185.500,11834,1211,CS,BC
7898,264394,OC,185.500,11835,2,PP,OC
7899,367583,BC,185.500,11836,4960,CS,OC
7900,260149,MBC,185.500,11838,2377,EE,MBC
7901,363178,BC,185.500,11839,5901,EC,BC
7902,272210,BC,185.500,11840,2718,EC,OC
7903,338906,BC,185.500,11843,2615,AM,BC
7904,376629,MBC,185.500,11847,2739,CS,MBC
7905,366957,BC,185.500,11848,2706,CS,OC
7906,383132,MBC,185.500,11850,2615,CS,MBC
7907,244311,BCM,185.500,11851,2,CL,BCM
7908,381834,BC,185.500,11852,1211,EC,OC
7909,219787,MBC,185.500,11854,5008,IM,MBC
7910,225288,SC,185.500,11856,1399,EC,SC
7911,369672,SC,185.500,11858,1,EL,SC
7912,275791,BC,185.500,11861,2007,ME,BC
7913,320433,SC,185.500,11863,2005,CS,SC
7914,320908,BC,185.500,11865,1211,CS,BC
7915,432183,BC,185.500,11866,5008,CW,BC
7916,232664,BC,185.500,11867,2025,CS,OC
7917,213404,BC,185.500,11868,4974,CS,BC
7918,378979,BC,185.500,11871,1219,CS,OC
7919,206476,BC,185.500,11872,1216,CS,OC
7920,396884,MBC,185.500,11874,1399,ME,OC
7921,384063,BC,185.500,11875,2718,SC,OC
7922,355369,SC,185.500,11876,2007,CM,SC
7923,260994,MBC,185.500,11877,2764,CS,MBC
7924,238093,BC,185.500,11878,2718,CS,OC
7925,263209,BC,185.500,11880,2712,EE,BC
7926,264867,BC,185.500,11881,2711,CS,OC
7927,415709,BCM,185.500,11882,2718,EC,OC
7928,214062,MBC,185.500,11884,1113,CS,OC
7929,201508,MBC,185.500,11887,2739,AM,MBC
7930,406061,BC,185.500,11888,2751,EC,OC
7931,332077,MBC,185.500,11889,1317,CS,OC
7932,208836,BC,185.500,11890,5008,EU,BC
7933,273061,BC,185.500,11891,2715,CS,OC
7934,296348,MBC,185.500,11892,1216,EC,OC
7935,396571,BC,185.500,11893,2377,ME,OC
7936,329382,BC,185.500,11894,5008,MG,OC
7937,290743,BC,185.500,11895,4974,EC,OC
7938,445417,BC,185.500,11896,2764,CS,BC
7939,444229,BC,185.500,11897,4974,CS,BC
7940,213726,MBC,185.500,11898,2739,EC,MBC
7941,309560,BC,185.500,11900,1216,CS,OC
7942,211640,OC,185.500,11901,2739,CO,OC
7943,314874,BC,185.500,11903,1216,EE,OC
7944,245228,SCA,185.500,11906,2377,CS,SCA
7945,337174,BC,185.500,11908,5008,CE,BC
7946,208971,BC,185.500,11909,1216,AD,OC
7947,417620,OC,185.500,11910,2710,EC,OC
7948,243732,BC,185.500,11911,2764,AM,OC
7949,203321,BC,185.500,11912,2718,CS,OC
7950,226762,BC,185.500,11914,2715,EC,OC
7951,236856,BCM,185.500,11915,1399,AD,BCM
7952,391598,MBC,185.500,11916,1432,CS,MBC
7953,383175,BC,185.500,11917,2007,ME,BC
7954,478335,BC,185.500,11918,2377,CE,OC
7955,470246,BC,185.500,11919,2764,CS,BC
7956,306263,MBC,185.500,11921,2615,EC,MBC
7957,307916,BC,185.500,11925,2007,CN,OC
7958,441988,MBC,185.500,11928,2006,MF,MBC
7959,351260,BC,185.500,11929,4962,EC,OC
7960,349895,BC,185.500,11930,2718,CS,OC
7961,253699,MBC,185.500,11932,5008,IM,MBC
7962,275221,BC,185.500,11933,2718,AD,OC
7963,331126,BC,185.500,11934,5986,EC,OC
7964,380261,SCA,185.500,11937,1,IM,SCA
7965,230011,BC,185.500,11938,4,RP,OC
7966,324921,BC,185.500,11941,2750,CS,OC
7967,470441,MBC,185.500,11942,3848,CS,OC
7968,261749,BC,185.500,11943,2725,EC,OC
7969,443365,MBC,185.500,11947,1,IE,MBC
7970,354143,MBC,185.500,11948,2005,ME,OC
7971,321712,MBC,185.500,11949,2739,AD,MBC
7972,419693,MBC,185.500,11952,1408,EC,OC
7973,345564,BC,185.500,11953,5008,MG,OC
7974,402374,BC,185.500,11954,2718,CS,OC
7975,444390,BC,185.500,11957,2706,CS,OC
7976,450059,BC,185.500,11958,2613,EC,OC
7977,480233,MBC,185.500,11961,2615,EC,MBC
7978,245463,BC,185.500,11966,2615,AM,BC
7979,295281,SC,185.500,11967,5008,CM,SC
7980,259363,BC,185.500,11972,2764,EC,OC
7981,290168,BC,185.500,11973,1219,EC,OC
7982,278084,BC,185.500,11976,2618,AD,OC
7983,417846,BC,185.500,11978,2739,AD,BC
7984,395566,BC,185.500,11979,1211,CS,BC
7985,310123,MBC,185.500,11980,2764,CS,MBC
7986,309411,BC,185.500,11981,1211,CH,OC
7987,398883,BC,185.500,11982,2007,ME,BC
7988,445579,MBC,185.500,11984,1126,AD,OC
7989,334363,OC,185.500,11988,2006,MT,OC
7990,283841,BC,185.500,11989,2712,EE,BC
7991,390697,OC,185.500,11990,1304,CS,OC
7992,307728,BC,185.500,11991,5901,IT,OC
7993,247561,BC,185.500,11992,2764,CS,BC
7994,350254,BC,185.500,11993,2739,AD,BC
7995,291345,BC,185.500,11994,2718,CS,OC
7996,364948,BC,185.500,11995,1432,AM,BC
7997,244667,BC,185.500,11996,1,MN,OC
7998,310509,BC,185.500,11997,1450,EC,OC
7999,265241,BC,185.500,11999,1211,EC,OC
8000,237947,OC,185.500,12002,4,RP,OC
8001,324287,BC,185.500,12003,2618,EC,OC
8002,419426,BC,185.500,12004,2718,CS,OC
8003,310946,BC,185.500,12005,2005,IB,OC
8004,373577,BC,185.500,12007,2739,SC,BC
8005,269374,MBC,185.500,12008,2710,AD,OC
8006,268438,BC,185.500,12009,2739,CO,OC
8007,276252,MBC,185.500,12011,1399,AD,MBC
8008,294629,MBC,185.500,12012,2764,AM,MBC
8009,466091,MBC,185.500,12013,2025,CS,OC
8010,416528,MBC,185.500,12015,5008,EL,MBC
8011,308881,BC,185.500,12016,2377,ME,OC
8012,358454,MBC,185.500,12017,2750,CS,OC
8013,270563,SC,185.500,12018,1399,CS,SC
8014,389813,BC,185.500,12019,2706,CS,OC
8015,411887,BC,185.500,12020,2750,AD,OC
8016,292499,BC,185.500,12021,2377,ME,OC
8017,432591,BC,185.500,12022,5901,EC,BC
8018,244115,BC,185.500,12023,1304,EC,OC
8019,367596,BC,185.500,12025,2764,EC,OC
8020,428004,BC,185.500,12027,2006,MT,OC
8021,425463,BC,185.500,12028,5008,CE,BC
8022,370676,MBC,185.500,12032,1432,AD,OC
8023,264735,OC,185.500,12033,1304,CS,OC
8024,389135,OC,185.500,12034,1211,CH,OC
8025,227193,BCM,185.500,12035,1211,SC,OC
8026,223396,BC,185.500,12037,5901,CS,BC
8027,421891,SC,185.500,12040,4,EI,SC
8028,336852,BC,185.500,12041,1450,CS,OC
8029,313415,BC,185.500,12046,2764,CS,BC
8030,461444,MBC,185.500,12050,1219,EC,OC
8031,346568,BC,185.500,12054,4,PR,BC
8032,369646,BC,185.500,12057,2764,AD,OC
8033,352347,BC,185.500,12059,1219,CS,OC
8034,394013,BC,185.500,12060,1219,EC,OC
8035,219211,BCM,185.500,12062,2750,CB,OC
8036,406538,SC,185.500,12063,4,EI,SC
8037,459603,MBC,185.500,12065,1211,CS,MBC
8038,467628,MBC,185.500,12066,2712,CS,MBC
8039,231359,BC,185.500,12067,2750,AD,OC
8040,439431,MBC,185.500,12068,2007,EY,MBC
8041,343960,MBC,185.500,12069,2750,AD,OC
8042,219349,BC,185.500,12071,1211,EC,OC
8043,475097,SC,185.500,12072,2377,CS,SC
8044,435934,BC,185.500,12073,5008,MG,OC
8045,429511,MBC,185.500,12074,2615,AM,MBC
8046,387236,MBC,185.500,12075,2007,EY,MBC
8047,338486,MBC,185.500,12077,2740,EC,OC
8048,236264,SC,185.500,12078,1211,CS,SC
8049,296405,BC,185.500,12082,2736,EC,OC
8050,297192,BC,185.500,12083,2750,CS,OC
8051,358618,BCM,185.500,12084,2615,EC,BCM
8052,320725,BCM,185.500,12085,4955,AD,OC
8053,390673,MBC,185.500,12086,2718,CS,OC
8054,353694,BC,185.500,12087,2005,EI,BC
8055,219104,BC,185.500,12088,2764,EC,OC
8056,212291,BC,185.500,12089,2006,AS,OC
8057,445898,MBC,185.500,12090,2751,AD,OC
8058,332748,BC,185.500,12091,1450,EC,OC
8059,217690,BC,185.500,12095,2712,AE,OC
8060,291219,OC,185.500,12096,1432,AD,OC
8061,369206,BC,185.500,12097,2007,MF,OC
8062,222144,BC,185.500,12099,2005,EI,BC
8063,337896,MBC,185.500,12100,1211,CS,MBC
8064,389684,OC,185.500,12101,1419,CS,OC
8065,312613,BC,185.500,12102,1,MA,BC
8066,478457,MBC,185.500,12103,2740,AD,OC
8067,237602,MBC,185.500,12104,2025,EC,OC
8068,325067,MBC,185.500,12105,1399,MZ,MBC
8069,217814,OC,185.500,12107,1111,CS,OC
8070,362371,BC,185.500,12113,2718,CS,OC
8071,385028,BC,185.500,12114,2005,EI,BC
8072,377609,MBC,185.500,12115,2603,EC,OC
8073,382679,BC,185.500,12116,5008,EU,BC
8074,336392,BC,185.500,12117,2764,EC,OC
8075,245583,OC,185.500,12118,1211,BT,OC
8076,398910,BCM,185.500,12119,1211,EC,OC
8077,465826,MBC,185.500,12120,2005,ME,OC
8078,370851,MBC,185.500,12126,2,CH,MBC
8079,365180,BCM,185.500,12127,1432,CS,BCM
8080,397693,BC,185.500,12129,1216,CS,OC
8081,418641,OC,185.500,12130,2764,AD,OC
8082,265360,OC,185.500,12130A,2377,ME,OC
8083,256034,MBC,185.500,12135,2706,IT,OC
8084,288523,OC,185.500,12138,2712,ME,OC
8085,263621,MBC,185.500,12140,2005,EI,MBC
8086,228901,BC,185.500,12141,2736,EC,OC
8087,390228,BC,185.500,12142,2718,AD,OC
8088,296106,BCM,185.500,12143,4974,IB,OC
8089,433408,MBC,185.500,12147,1419,AD,OC
8090,268854,BC,185.500,12149,2764,EC,OC
8091,413788,BCM,185.500,12150,2007,EL,BCM
8092,226180,BC,185.500,12151,1304,EC,OC
8093,327777,BC,185.500,12153,2377,ME,OC
8094,242951,BC,185.500,12154,1219,CS,OC
8095,448201,MBC,185.500,12157,2710,CS,OC
8096,481590,MBC,185.500,12158,2712,AD,MBC
8097,224660,BC,185.500,12161,1219,BT,OC
8098,286358,MBC,185.500,12162,1211,CS,MBC
8099,484621,BC,185.500,12163,2739,AD,BC
8100,408423,MBC,185.500,12164,1211,CS,MBC
8101,283499,MBC,185.500,12165,1211,CS,MBC
8102,331487,BC,185.500,12166,2718,CS,OC
8103,340864,MBC,185.500,12167,1216,AD,OC
8104,396725,MBC,185.500,12169,2025,AD,OC
8105,416017,OC,185.500,12170,2,IS,OC
8106,429974,MBC,185.500,12171,2718,CS,OC
8107,372875,BC,185.500,12175,2718,EC,OC
8108,298915,BC,185.500,12177,1216,CS,OC
8109,246790,BC,185.500,12182,2006,MS,OC
8110,438691,MBC,185.500,12183,2006,MS,OC
8111,292174,BC,185.500,12184,2764,EC,OC
8112,224772,BC,185.500,12185,2764,IT,OC
8113,250335,BC,185.500,12186,2712,ME,OC
8114,220775,SC,185.500,12190,1399,CS,SC
8115,377053,BCM,185.500,12191,2025,CS,OC
8116,471740,BCM,185.500,12193,1113,CS,OC
8117,357843,BC,185.500,12195,4,AU,BC
8118,474976,MBC,185.500,12196,2622,AD,OC
8119,452120,MBC,185.500,12199,2,TX,OC
8120,391021,BC,185.500,12200,2608,CS,OC
8121,250585,BC,185.500,12201,1211,CS,BC
8122,352950,BC,185.500,12203,1211,CS,BC
8123,408731,BCM,185.500,12204,1399,AD,BCM
8124,468349,BC,185.500,12206,1422,AD,OC
8125,371187,BC,185.500,12211,1432,CS,BC
8126,202248,MBC,185.500,12213,2025,CS,OC
8127,203799,BC,185.500,12216,1304,CS,OC
8128,473766,BC,185.500,12218,2643,EC,OC
8129,298027,BC,185.500,12221,1399,CB,BC
8130,288049,OC,185.333,12225A,1211,EE,OC
8131,488918,ST,185.295,12226,1126,CS,OC
8132,353408,BC,185.000,12228,1419,AM,OC
8133,262043,MBC,185.000,12229,1399,AD,MBC
8134,371611,BC,185.000,12230,2710,AD,OC
8135,412822,BC,185.000,12231,2603,CS,OC
8136,397644,MBC,185.000,12233,1,MN,OC
8137,359551,BC,185.000,12234,1219,BT,OC
8138,223851,OC,185.000,12235,1432,EC,OC
8139,377922,BC,185.000,12236,2764,EC,OC
8140,303603,MBC,185.000,12237,2710,SC,MBC
8141,256486,OC,185.000,12240,2726,SB,OC
8142,218171,BCM,185.000,12241,2007,ME,BCM
8143,270834,BC,185.000,12242,1432,CS,BC
8144,281750,BCM,185.000,12243,5901,EC,BCM
8145,350360,BC,185.000,12244,1432,CS,BC
8146,451354,BC,185.000,12248,2025,AD,OC
8147,427015,BC,185.000,12250,2718,EC,OC
8148,447105,BC,185.000,12251,4680,AD,OC
8149,447318,BC,185.000,12252,2377,ME,OC
8150,259354,BC,185.000,12253,4974,EC,OC
8151,361572,BC,185.000,12254,5,EC,OC
8152,496810,BC,185.000,12255,1422,AD,OC
8153,200954,MBC,185.000,12256,2712,CS,MBC
8154,283867,BC,185.000,12257,2764,CS,BC
8155,452948,BC,185.000,12259,1432,CS,BC
8156,463238,BC,185.000,12261,2702,CS,OC
8157,301284,MBC,185.000,12264,1111,CS,OC
8158,455499,BCM,185.000,12268,2712,CS,BCM
8159,412448,MBC,185.000,12269,1211,CS,MBC
8160,480803,BC,185.000,12272,2622,AD,OC
8161,488997,SCA,185.000,12273,1126,CS,OC
8162,344185,BC,185.000,12274,2764,CS,BC
8163,446899,MBC,185.000,12275,2702,EC,OC
8164,417921,BC,185.000,12276,2007,CE,BC
8165,222140,BC,185.000,12277,4960,CS,OC
8166,308563,BC,185.000,12278,5008,MG,OC
8167,488660,BC,185.000,12279,2006,BY,BC
8168,352547,OC,185.000,12280A,2739,CO,OC
8169,363682,MBC,185.000,12281,4020,AD,OC
8170,349360,BC,185.000,12283,1304,EC,OC
8171,239732,MBC,185.000,12284,2750,CS,OC
8172,243180,BC,185.000,12285,5008,CE,BC
8173,219833,BC,185.000,12286,1219,CS,OC
8174,406665,BCM,185.000,12289,2764,CS,BCM
8175,279141,BC,185.000,12290,1128,CA,OC
8176,349801,BC,185.000,12292,2718,CS,OC
8177,359574,SC,185.000,12293,2377,CS,SC
8178,283075,BC,185.000,12295,2006,PR,OC
8179,336850,BC,185.000,12296,2025,CS,OC
8180,391233,MBC,185.000,12297,1211,CS,MBC
8181,418423,SC,185.000,12299,1399,CS,SC
8182,465584,BC,185.000,12300,2764,AD,OC
8183,458777,BC,185.000,12301,2739,CO,OC
8184,321386,MBC,185.000,12302,2712,BT,OC
8185,390336,BC,185.000,12304,2702,CS,OC
8186,431491,MBC,185.000,12305,2718,CS,OC
8187,320130,BC,185.000,12306,1211,AL,OC
8188,417088,MBC,185.000,12308,1432,CS,MBC
8189,323132,SC,185.000,12309,2005,CE,OC
8190,384625,BC,185.000,12310,1211,CS,BC
8191,362708,MBC,185.000,12311,2709,EC,OC
8192,427767,MBC,185.000,12313,5901,IT,OC
8193,322212,OC,185.000,12314,1432,CO,OC
8194,341154,SC,185.000,12315,2007,EC,SC
8195,362147,BC,185.000,12317,2710,SC,BC
8196,304388,SC,185.000,12319,2706,AD,OC
8197,305034,BC,185.000,12322,2736,AD,OC
8198,356474,BC,185.000,12324,5008,MG,OC
8199,369309,BC,185.000,12326,1419,CI,OC
8200,240122,BC,185.000,12327,2377,ME,BC
8201,254224,BC,185.000,12328,2723,IT,OC
8202,261595,MBC,185.000,12329,1,MA,MBC
8203,283144,SC,185.000,12330,2005,EC,SC
8204,265752,BC,185.000,12332,1211,CS,BC
8205,334272,BC,185.000,12333,1211,SC,OC
8206,204153,MBC,185.000,12334,2718,EC,OC
8207,270850,MBC,185.000,12335,1432,CS,MBC
8208,415252,BC,185.000,12337,1432,CS,BC
8209,430389,BC,185.000,12338,2709,AU,OC
8210,399010,BCM,185.000,12339,2007,EE,BCM
8211,328330,MBC,185.000,12342,1432,AM,MBC
8212,419344,BC,185.000,12343,2739,CB,OC
8213,464712,SC,185.000,12344,2006,IM,SC
8214,216319,BC,185.000,12345,1211,CS,BC
8215,212096,BC,185.000,12347,2,IB,BC
8216,263891,BC,185.000,12350,1317,EC,OC
8217,394156,BC,185.000,12351,3011,CS,OC
8218,321339,MBC,185.000,12352,1432,CS,MBC
8219,217725,MBC,185.000,12353,1,GI,MBC
8220,379465,MBC,185.000,12354,2750,CS,OC
8221,335189,BC,185.000,12355,2377,ME,BC
8222,467410,BC,185.000,12356,2750,AM,OC
8223,210720,MBC,185.000,12357,2718,CS,OC
8224,350663,MBC,185.000,12358,1,XM,OC
8225,421977,MBC,185.000,12359,1211,CS,MBC
8226,254808,BC,185.000,12360,2710,EC,OC
8227,279916,MBC,185.000,12363,2607,AD,OC
8228,349898,BC,185.000,12364,1399,BM,OC
8229,391807,BC,185.000,12365,1317,CS,OC
8230,351994,MBC,185.000,12366,1211,CS,MBC
8231,314953,BC,185.000,12367,2711,CS,OC
8232,233675,BC,185.000,12368,1432,CO,OC
8233,417450,BCM,185.000,12370,2615,CS,BCM
8234,426024,BC,185.000,12372,2357,CS,OC
8235,494690,MBC,185.000,12373,2710,CE,OC
8236,246369,BC,185.000,12374,4974,CS,BC
8237,238601,BC,185.000,12375,5008,EU,BC
8238,349273,BC,185.000,12378,2764,SC,OC
8239,255806,BC,185.000,12379,2764,AM,BC
8240,324610,MBC,185.000,12382,2712,CS,MBC
8241,220681,BC,185.000,12383,1211,CS,BC
8242,249512,BC,185.000,12384,2718,EC,OC
8243,314737,BC,185.000,12386,2615,AM,BC
8244,289525,BCM,185.000,12388,4962,CS,OC
8245,388951,BC,185.000,12389,2764,CS,BC
8246,322068,MBC,185.000,12390,2751,IT,OC
8247,401450,BC,185.000,12391,5901,IT,OC
8248,318623,MBC,185.000,12394,2718,EC,OC
8249,250179,MBC,185.000,12395,5008,IM,MBC
8250,307031,BC,185.000,12397,5008,EU,BC
8251,292762,BC,185.000,12398,2739,EE,OC
8252,375423,BC,185.000,12399,1432,AM,BC
8253,258526,BC,185.000,12401,2005,ME,OC
8254,208113,BC,185.000,12402,2007,ME,BC
8255,378427,BCM,185.000,12403,2007,ME,BCM
8256,357646,SC,185.000,12404,2,CH,SC
8257,351638,BC,185.000,12405,2718,EC,OC
8258,359922,MBC,185.000,12407,5008,IM,MBC
8259,353610,BC,185.000,12409,2751,AM,OC
8260,485523,MBC,185.000,12410,2745,AM,OC
8261,238500,MBC,185.000,12411,1211,CS,MBC
8262,361141,BC,185.000,12412,2764,CS,BC
8263,221386,BC,185.000,12413,1211,CS,BC
8264,499089,MBC,185.000,12414,5008,EL,MBC
8265,442557,BC,185.000,12415,2718,CS,OC
8266,397546,BC,185.000,12416,2377,ME,BC
8267,233547,BC,185.000,12417,2377,ME,BC
8268,398599,OC,185.000,12418,1219,CS,OC
8269,325635,BC,185.000,12422,2618,CS,OC
8270,384816,MBC,185.000,12423,5901,EC,MBC
8271,293308,BC,185.000,12424,2005,EI,BC
8272,218232,SC,185.000,12426,1399,CS,SC
8273,301795,BC,185.000,12427,1399,CB,BC
8274,401719,BC,185.000,12429,1399,CB,BC
8275,449486,MBC,185.000,12430,2764,AM,MBC
8276,320590,BC,185.000,12431,2007,MF,OC
8277,431618,MBC,185.000,12432,1399,AM,MBC
8278,286412,BC,185.000,12435,1432,AD,OC
8279,442072,OC,185.000,12436,1432,AD,OC
8280,254903,MBC,185.000,12440,2739,EC,MBC
8281,271299,BC,185.000,12441,1219,CS,OC
8282,216937,BC,185.000,12443,2377,IC,BC
8283,312697,MBC,185.000,12445,2764,CS,MBC
8284,313315,MBC,185.000,12448,2,PM,OC
8285,212012,MBC,185.000,12449,1450,EC,OC
8286,397245,MBC,185.000,12451,2718,EC,OC
8287,366430,BCM,185.000,12452,5008,EE,BCM
8288,324704,OC,185.000,12453,2718,SC,OC
8289,203702,BCM,185.000,12454,1432,CS,BCM
8290,314371,MBC,185.000,12455,2718,CS,OC
8291,275836,BC,185.000,12456,2718,AM,BC
8292,293214,BC,185.000,12459,2702,EC,OC
8293,258606,BC,185.000,12460,1399,ME,OC
8294,288603,SC,185.000,12461,1399,CS,SC
8295,273858,MBC,185.000,12463,2718,CS,OC
8296,374933,MBC,185.000,12464,2005,CE,OC
8297,368816,MBC,185.000,12465,2005,ME,OC
8298,306253,MBC,185.000,12466,1399,AD,MBC
8299,321227,BC,185.000,12467,2006,PR,OC
8300,362908,BC,185.000,12468,2702,EC,OC
8301,208636,BCM,185.000,12469,2718,CS,OC
8302,221671,BC,185.000,12470,5901,CS,BC
8303,210772,BC,185.000,12471,2710,CS,OC
8304,296579,BC,185.000,12472,2369,EC,OC
8305,231546,MBC,185.000,12473,2739,IT,MBC
8306,260070,BC,185.000,12475,2615,EE,OC
8307,384785,BC,185.000,12476,2007,CE,BC
8308,221364,MBC,185.000,12478,2377,EV,MBC
8309,266312,BC,185.000,12479,2739,AD,BC
8310,326188,BC,185.000,12481,2329,SC,OC
8311,379849,MBC,185.000,12486,2764,EC,OC
8312,291285,MBC,185.000,12487,2025,EC,OC
8313,201906,MBC,185.000,12489,2357,AD,OC
8314,381696,BC,185.000,12490,1419,CS,OC
8315,353586,BC,185.000,12492,2006,MT,OC
8316,212020,SC,185.000,12493,1216,CS,OC
8317,208369,BC,185.000,12494,4974,EC,OC
8318,456411,BC,185.000,12496,2005,CE,OC
8319,349541,MBC,185.000,12497,2718,AD,OC
8320,408741,BC,185.000,12498,2615,AM,BC
8321,436095,SC,185.000,12499,4,AU,SC
8322,371181,MBC,185.000,12501,1399,IT,MBC
8323,391190,MBC,185.000,12502,1432,AM,MBC
8324,294282,MBC,185.000,12503,4,AU,MBC
8325,469371,BCM,185.000,12504,5901,CS,BCM
8326,393334,MBC,185.000,12505,1399,AD,MBC
8327,437940,BCM,185.000,12506,2,IS,OC
8328,377394,BC,185.000,12507,1432,EC,OC
8329,278957,BC,185.000,12508,2764,CS,BC
8330,244669,BC,185.000,12509,2739,EV,BC
8331,410883,MBC,185.000,12510,2750,AM,OC
8332,272136,BC,185.000,12511,2750,CS,OC
8333,404708,BCM,185.000,12513,2718,CS,OC
8334,393479,MBC,185.000,12514,2739,EC,MBC
8335,400916,OC,185.000,12515,2005,IB,OC
8336,213393,BCM,185.000,12517,1216,EC,OC
8337,230852,MBC,185.000,12518,2005,ME,OC
8338,463082,BC,185.000,12519,2739,AD,BC
8339,333476,MBC,185.000,12521,1399,SC,MBC
8340,408868,BC,185.000,12522,1211,IT,OC
8341,279847,BC,185.000,12523,1219,CS,OC
8342,243292,SC,185.000,12524,1399,CS,SC
8343,349670,MBC,185.000,12526,1419,EE,OC
8344,330626,BC,185.000,12527,2764,CS,BC
8345,205227,BC,185.000,12528,1211,AL,OC
8346,276505,BCM,185.000,12530,2723,AM,OC
8347,362658,MBC,185.000,12531,1211,CS,MBC
8348,363609,BC,185.000,12532,4962,CS,OC
8349,468545,BC,185.000,12533,1432,EC,OC
8350,321073,BC,185.000,12534,2750,CS,OC
8351,412709,MBC,185.000,12537,5008,EU,MBC
8352,390358,BC,185.000,12539,2006,BY,BC
8353,345898,MBC,185.000,12540,1399,IT,MBC
8354,216092,BC,185.000,12541,1211,CS,BC
8355,432568,MBC,185.000,12542,2718,AM,MBC
8356,217128,BCM,185.000,12543,1399,EE,BCM
8357,301586,MBC,185.000,12546,2005,EI,MBC
8358,406939,BC,185.000,12548,4974,EC,OC
8359,214576,BC,185.000,12549,2764,AM,BC
8360,230160,BC,185.000,12550,2006,BY,BC
8361,370167,BC,185.000,12552,2377,ME,BC
8362,291845,BC,185.000,12555,2718,EC,OC
8363,346316,MBC,185.000,12556,2739,CB,OC
8364,357372,OC,185.000,12558,2750,CS,OC
8365,445466,BC,185.000,12559,2005,EI,BC
8366,377258,BC,185.000,12560,1211,SC,OC
8367,218390,BC,185.000,12561,2,PP,OC
8368,262293,MBC,185.000,12562,1432,CS,MBC
8369,361068,BC,185.000,12563,1399,CB,BC
8370,402804,BC,185.000,12566,1,MN,BC
8371,231168,BC,185.000,12567,2718,CS,OC
8372,389522,MBC,185.000,12568,1216,AL,OC
8373,449944,BC,185.000,12569,1450,CS,BC
8374,288181,BC,185.000,12571,4,PR,BC
8375,342958,BC,185.000,12572,2718,CS,OC
8376,395711,BCM,185.000,12573,5008,CW,BCM
8377,493388,BC,185.000,12574,1211,CS,BC
8378,437972,BC,185.000,12578,2718,CS,OC
8379,444075,BC,185.000,12581,1432,AD,OC
8380,353946,MBC,185.000,12582,2718,AM,MBC
8381,432128,MBC,185.000,12583,5008,EY,MBC
8382,242502,BC,185.000,12585,1211,EC,OC
8383,388906,MBC,185.000,12586,2715,ME,OC
8384,416547,BC,185.000,12587,2764,CH,OC
8385,352883,BC,185.000,12589,2718,EC,OC
8386,281290,OC,185.000,12590,1219,AD,OC
8387,272694,BC,185.000,12591,1,PT,OC
8388,314373,BC,185.000,12592,1399,BM,OC
8389,370238,BC,185.000,12593,1317,CS,OC
8390,460855,BC,185.000,12594,1432,EC,OC
8391,344702,BC,185.000,12595,2739,AM,BC
8392,210853,BC,185.000,12599,2702,AD,OC
8393,263493,MBC,185.000,12600,1219,EC,OC
8394,272850,MBC,185.000,12602,2710,EC,OC
8395,365266,MBC,185.000,12603,5901,IT,OC
8396,315818,BC,185.000,12604,4974,CS,BC
8397,484677,SC,185.000,12605,2007,EM,SC
8398,396681,BC,185.000,12606,2007,CE,BC
8399,348843,BC,185.000,12607,2750,CB,OC
8400,274546,BC,185.000,12608,5910,EC,OC
8401,346882,OC,185.000,12611,5,AM,OC
8402,355575,MBC,185.000,12613,5008,EL,MBC
8403,379011,BCM,185.000,12616,3795,AM,OC
8404,449560,MBC,185.000,12617,2025,AD,OC
8405,396084,BC,185.000,12619,2005,EI,BC
8406,407514,OC,185.000,12620,1317,CS,OC
8407,431164,BC,185.000,12621,1432,CS,BC
8408,270112,BC,185.000,12622,2739,AD,BC
8409,226789,MBC,185.000,12623,2718,CS,OC
8410,334008,BC,185.000,12624,2711,CS,OC
8411,240618,BC,185.000,12625,2615,AM,BC
8412,219965,BC,185.000,12626,1216,EC,OC
8413,350245,BC,185.000,12627,2739,CO,BC
8414,290275,BC,185.000,12628,2005,ME,OC
8415,360177,BC,185.000,12630,2712,MZ,OC
8416,423101,MBC,185.000,12632,1,GI,MBC
8417,413640,BC,185.000,12634,5008,MG,OC
8418,379713,BC,185.000,12636,5901,IT,OC
8419,264018,MBC,185.000,12637,2712,EC,MBC
8420,311742,MBC,185.000,12639,2615,EE,OC
8421,329080,MBC,185.000,12640,2718,CS,OC
8422,372191,SC,185.000,12643,1,IE,SC
8423,244878,BC,185.000,12645,4,PR,BC
8424,240890,BC,185.000,12647,2764,CS,BC
8425,268785,BC,185.000,12648,2702,AD,OC
8426,396971,BC,185.000,12650,5901,CS,BC
8427,289904,BC,185.000,12651,1211,CS,BC
8428,223392,BC,185.000,12653,1304,CS,OC
8429,262396,MBC,185.000,12654,5008,IM,MBC
8430,329922,MBC,185.000,12655,2718,CS,OC
8431,455257,SC,185.000,12656,4,EI,SC
8432,334329,MBC,185.000,12658,5008,EY,MBC
8433,297180,BC,185.000,12659,2718,EC,OC
8434,355485,BC,185.000,12661,5901,EC,BC
8435,311404,BC,185.000,12664,2764,CS,BC
8436,402822,BC,185.000,12666,4,AU,BC
8437,201431,BC,185.000,12668,2007,CE,BC
8438,339083,MBC,185.000,12669,4,AU,MBC
8439,291989,BC,185.000,12673,2718,CS,OC
8440,317429,BC,185.000,12675,1211,EC,OC
8441,257630,BC,185.000,12676,2751,CS,OC
8442,227748,BC,185.000,12677,5008,EU,BC
8443,200586,BC,185.000,12678,2764,CS,BC
8444,408318,BCM,185.000,12680,2764,EC,OC
8445,284396,MBC,185.000,12681,2743,AD,OC
8446,428524,BC,185.000,12682,2615,AM,BC
8447,391553,BC,185.000,12684,2615,AM,BC
8448,236834,BC,185.000,12685,1211,AL,OC
8449,287378,MBC,185.000,12686,2764,EC,OC
8450,390104,BC,185.000,12687,2,FS,OC
8451,214190,BC,185.000,12688,2764,AM,BC
8452,440894,BC,185.000,12689,2702,CS,OC
8453,387902,BC,185.000,12690,2710,EC,OC
8454,377584,BC,185.000,12691,2764,AM,BC
8455,419967,SCA,185.000,12692,4,EM,SCA
8456,480962,BC,185.000,12693,2736,BM,OC
8457,417494,MBC,185.000,12694,3830,EC,OC
8458,228588,BC,185.000,12696,1211,CB,OC
8459,467963,SC,185.000,12699,2006,ME,SC
8460,407573,BC,185.000,12700,1013,EC,OC
8461,287633,BC,185.000,12701,1399,CB,BC
8462,280223,MBC,185.000,12703,1304,EC,OC
8463,262912,OC,185.000,12704,2006,PN,OC
8464,464788,BC,185.000,12706,1,XM,OC
8465,312541,BC,185.000,12707,2718,EC,OC
8466,471069,MBC,185.000,12708,2377,EV,MBC
8467,224889,BC,185.000,12709,1211,IT,OC
8468,236601,MBC,185.000,12710,1211,CS,MBC
8469,227376,BC,185.000,12712,1399,CB,BC
8470,241760,MBC,185.000,12713,2718,AD,OC
8471,398536,BC,185.000,12715,1,MI,BC
8472,282892,OC,185.000,12717,1211,IT,OC
8473,420911,BC,185.000,12718,2764,AD,OC
8474,372002,BC,185.000,12719,1450,EC,OC
8475,218581,BC,185.000,12721,2712,BT,OC
8476,293120,BC,185.000,12722,5008,EU,BC
8477,309282,BC,185.000,12723,1317,CS,OC
8478,458194,SC,185.000,12724,2005,IT,SC
8479,384604,BC,185.000,12725,2007,CH,OC
8480,284220,BC,185.000,12726,2005,ME,OC
8481,274823,BC,185.000,12727,2615,EE,OC
8482,400638,MBC,185.000,12729,2718,CS,OC
8483,355372,MBC,185.000,12730,1110,AD,OC
8484,213367,MBC,185.000,12731,2706,AM,OC
8485,463817,BC,185.000,12731A,4,AU,BC
8486,285819,SC,185.000,12732,4,RA,SC
8487,342918,BC,185.000,12735,2718,EC,OC
8488,362732,MBC,185.000,12736,2739,EV,MBC
8489,239150,MBC,185.000,12737,2717,CS,OC
8490,278618,BC,185.000,12738,1399,ME,OC
8491,452308,MBC,185.000,12739,1399,ME,MBC
8492,449304,BC,185.000,12740,1432,CS,BC
8493,421331,MBC,185.000,12742,5008,IM,MBC
8494,483485,OC,185.000,12743,2622,AD,OC
8495,288281,BC,185.000,12745,2711,AD,OC
8496,431083,SC,185.000,12746,2007,CS,SC
8497,286536,BC,185.000,12747,1432,EC,OC
8498,220010,BC,185.000,12748,1238,EC,OC
8499,308488,BC,185.000,12750,5008,EU,BC
8500,312142,BC,185.000,12751,2025,CS,OC
8501,270405,MBC,185.000,12752,4678,EC,OC
8502,208502,BC,185.000,12753,1219,CS,OC
8503,254399,MBC,185.000,12757,2712,EI,OC
8504,404575,MBC,185.000,12758,2615,EE,OC
8505,494017,BC,185.000,12759,2622,AD,OC
8506,452073,SC,185.000,12762,2377,EC,SC
8507,435593,MBC,185.000,12763,2764,CS,MBC
8508,318931,BC,185.000,12764,2006,PR,BC
8509,325994,BC,185.000,12765,1432,CS,BC
8510,326981,BC,185.000,12766,1216,CS,OC
8511,440400,MBC,185.000,12771,2718,CS,OC
8512,265270,MBC,185.000,12772,1211,EC,OC
8513,273734,SC,185.000,12773,2006,EE,SC
8514,214054,BC,185.000,12774,2764,SC,OC
8515,271450,MBC,185.000,12775,5008,ME,MBC
8516,241564,BC,185.000,12776,2764,EC,OC
8517,322403,SCA,185.000,12777,1,IM,SCA
8518,289770,MBC,185.000,12779,1,XM,MBC
8519,340071,SC,185.000,12780,4,RA,SC
8520,378450,BC,185.000,12781,1211,AD,OC
8521,267685,BC,185.000,12782,2709,EC,OC
8522,225904,BC,185.000,12784,1432,CS,BC
8523,281934,BC,185.000,12785,5986,CS,OC
8524,384457,BC,185.000,12787,2005,IB,OC
8525,350937,SC,185.000,12789,2,CH,SC
8526,226026,MBC,185.000,12790,5008,MG,MBC
8527,452188,SCA,185.000,12791,2006,EM,SCA
8528,376381,OC,185.000,12792,1219,CS,OC
8529,219663,OC,185.000,12793,2764,EC,OC
8530,258728,BC,185.000,12794,4024,EE,OC
8531,219550,BC,185.000,12797,2736,SC,OC
8532,399814,MBC,185.000,12798,2739,AD,MBC
8533,368364,BC,185.000,12799,1211,CS,BC
8534,324441,BC,185.000,12802,2718,CS,OC
8535,410862,MBC,185.000,12803,2750,CS,OC
8536,236680,BC,185.000,12804,1211,AL,OC
8537,211428,MBC,185.000,12805,2025,AD,OC
8538,212877,BC,185.000,12806,5901,EC,BC
8539,482546,MBC,185.000,12807,1399,SC,MBC
8540,222957,BC,185.000,12808,2739,CO,BC
8541,432658,MBC,185.000,12809,2622,EC,OC
8542,279140,BC,185.000,12811,4974,CE,OC
8543,257774,BC,185.000,12812,2718,CS,OC
8544,341316,BC,185.000,12813,1140,EC,OC
8545,367492,BC,185.000,12814,1432,EC,OC
8546,358031,BC,185.000,12815,2710,CS,OC
8547,352587,BC,185.000,12818,1211,CS,BC
8548,295155,BC,185.000,12819,1,MI,BC
8549,392735,MBC,185.000,12820,2751,IT,OC
8550,333789,BC,185.000,12826,2718,CS,OC
8551,403891,MBC,185.000,12828,3011,BT,OC
8552,241853,OC,185.000,12833,2718,EC,OC
8553,392797,BC,185.000,12834,2750,EC,OC
8554,404613,MBC,185.000,12835,2025,EC,OC
8555,303470,BC,185.000,12836,2005,CE,OC
8556,214455,MBC,185.000,12837,1211,CS,MBC
8557,214896,BC,185.000,12838,1211,BT,OC
8558,363855,BC,185.000,12840,2005,CE,OC
8559,294364,SC,185.000,12841,4,RA,SC
8560,369496,BC,185.000,12842,1219,EC,OC
8561,390442,MBC,185.000,12845,5901,IT,OC
8562,288458,MBC,185.000,12846,5008,ME,MBC
8563,385936,SC,185.000,12850,2005,AM,SC
8564,324050,SC,185.000,12852,1399,EC,SC
8565,379243,BC,185.000,12853,2,FS,OC
8566,263292,BC,185.000,12854,1432,EC,OC
8567,413601,BC,185.000,12857,2712,EE,BC
8568,428116,BC,185.000,12858,2710,ME,OC
8569,379191,MBC,185.000,12859,2025,CS,OC
8570,295545,MBC,185.000,12860,1211,AD,OC
8571,214554,SC,185.000,12861,2005,IT,SC
8572,384409,SC,185.000,12864,2377,EC,SC
8573,298326,BC,185.000,12867,1211,AL,OC
8574,272348,OC,185.000,12869,3806,EC,OC
8575,276039,BC,185.000,12870,5901,IT,OC
8576,307266,BC,185.000,12871,5008,MF,OC
8577,357229,BC,185.000,12872,1211,EC,OC
8578,357030,BC,185.000,12873,2764,EC,OC
8579,251047,SC,185.000,12874,2007,EC,SC
8580,256779,BC,185.000,12876,2712,BT,BC
8581,365040,BC,185.000,12879,1432,AD,OC
8582,427281,OC,185.000,12880,5910,BM,OC
8583,290220,BC,185.000,12882,4974,CS,BC
8584,205953,BC,185.000,12883,2712,EI,OC
8585,274564,BC,185.000,12885,2739,AM,BC
8586,453134,BC,185.000,12886,1432,CS,BC
8587,317900,BC,185.000,12887,1216,EE,OC
8588,480932,OC,185.000,12891,1126,CS,OC
8589,285508,MBC,185.000,12894,2712,EI,OC
8590,454514,BC,185.000,12895,2739,AD,BC
8591,490265,SC,185.000,12896,2006,IM,SC
8592,388516,BC,185.000,12897,1216,CS,OC
8593,479433,MBC,185.000,12899,2025,EC,OC
8594,222154,BC,185.000,12900,1432,CS,BC
8595,457947,BC,185.000,12901,3801,CS,OC
8596,280722,BC,185.000,12902,3464,EC,OC
8597,305913,MBC,185.000,12903,5008,ME,MBC
8598,291355,BC,185.000,12904,1,MA,BC
8599,249136,BC,185.000,12907,2718,CS,OC
8600,480297,BC,185.000,12910,1304,CS,OC
8601,281764,BC,185.000,12912,1399,CB,BC
8602,468959,BC,185.000,12913,2007,MF,OC
8603,357479,OC,185.000,12914,4944,AD,OC
8604,332701,BCM,185.000,12915,1304,EC,OC
8605,268772,BC,185.000,12916,2005,ME,OC
8606,411551,MBC,185.000,12917,1211,AD,OC
8607,481810,BC,185.000,12919,2622,AD,OC
8608,371076,BC,185.000,12922,1399,ME,BC
8609,248382,BC,185.000,12927,2764,CS,BC
8610,286280,OC,185.000,12931,1211,EC,OC
8611,459328,OC,185.000,12931A,2377,CE,OC
8612,480909,OC,185.000,12932,1126,CS,OC
8613,480893,OC,185.000,12933,1126,CS,OC
8614,252030,BC,185.000,12934,4960,EC,OC
8615,480878,OC,185.000,12935,1126,CS,OC
8616,235949,MBC,185.000,12936,1304,AM,OC
8617,212432,BC,185.000,12937,1,MN,BC
8618,308755,BC,185.000,12939,2764,CS,BC
8619,364945,BC,185.000,12940,1399,CB,BC
8620,453440,BC,185.000,12942,2615,AM,BC
8621,481368,BCM,185.000,12943,1126,CS,OC
8622,458225,MBC,185.000,12944,1211,CS,MBC
8623,271332,SC,185.000,12945,2007,EC,SC
8624,333541,BC,185.000,12946,1399,MZ,BC
8625,398081,MBC,185.000,12947,2710,EC,OC
8626,290101,BC,185.000,12948,2739,EV,BC
8627,368523,BC,185.000,12949,2710,CS,OC
8628,223482,BC,185.000,12952,1211,EC,OC
8629,452576,BC,185.000,12957,2622,CS,OC
8630,473032,MBC,185.000,12958,1399,IT,MBC
8631,330972,MBC,185.000,12960,1123,CS,OC
8632,394551,MBC,185.000,12961,2005,CE,OC
8633,204574,BC,185.000,12962,2739,EV,BC
8634,494301,MBC,185.000,12964,2622,AD,OC
8635,488326,BC,185.000,12966,1111,CS,OC
8636,350683,SC,185.000,12967,2377,EC,SC
8637,405491,MBC,185.000,12970,4,AU,MBC
8638,389989,MBC,185.000,12971,1432,CS,MBC
8639,480955,OC,185.000,12972,1126,CS,OC
8640,332528,MBC,185.000,12973,1399,IT,MBC
8641,208909,BC,185.000,12974,2712,EI,OC
8642,242411,OC,185.000,12978,1450,ME,OC
8643,312933,BC,185.000,12980,1,XM,BC
8644,473595,SC,185.000,12981,2005,CS,SC
8645,445526,BC,185.000,12982,2712,BT,BC
8646,262456,BC,185.000,12984,5910,IT,OC
8647,444453,BC,185.000,12985,2615,EE,OC
8648,388546,BC,185.000,12987,1432,CS,BC
8649,397723,MBC,185.000,12988,1399,AM,MBC
8650,220291,BC,184.667,12990,5008,MG,BC
8651,261483,BC,184.667,12991,2718,CJ,OC
8652,334301,SC,184.500,12994,2006,ME,SC
8653,477510,MBC,184.500,12995,1432,AM,MBC
8654,237298,BC,184.500,12996,1211,SC,OC
8655,261961,BC,184.500,12997,2706,CS,OC
8656,209376,BC,184.500,12998,2711,AD,OC
8657,288521,MBC,184.500,12999,2603,EC,OC
8658,425343,MBC,184.500,13000,1211,CS,MBC
8659,472861,MBC,184.500,13001,2739,AD,MBC
8660,414985,BC,184.500,13002,1211,CS,BC
8661,349157,BC,184.500,13003,1211,AD,OC
8662,307494,MBC,184.500,13004,1399,AM,MBC
8663,233246,MBC,184.500,13006,1399,BM,OC
8664,358134,BC,184.500,13007,1211,AL,OC
8665,418832,BC,184.500,13009,2764,SC,OC
8666,219954,BC,184.500,13010,2377,IC,BC
8667,386501,MBC,184.500,13012,1399,AM,MBC
8668,297352,BC,184.500,13013,2751,IT,OC
8669,251900,BC,184.500,13014,2764,EC,OC
8670,412605,BC,184.500,13015,1419,EC,OC
8671,392634,MBC,184.500,13016,1432,AD,OC
8672,409650,BC,184.500,13018,2764,EC,BC
8673,391949,MBC,184.500,13020,1,IE,MBC
8674,322227,BC,184.500,13021,4974,EC,OC
8675,396103,BC,184.500,13024,1419,CS,OC
8676,459616,BC,184.500,13027,4,PR,BC
8677,417853,BC,184.500,13028,2764,EC,BC
8678,468219,BC,184.500,13029,1211,SC,OC
8679,233106,BC,184.500,13030,1432,CS,BC
8680,225565,SCA,184.500,13031,1,IM,SCA
8681,343015,BC,184.500,13032,1211,AD,OC
8682,260536,MBC,184.500,13036,1211,CS,MBC
8683,406981,BC,184.500,13037,5910,CS,OC
8684,315962,MBC,184.500,13038,2006,PR,MBC
8685,431737,BC,184.500,13039A,1211,CS,BC
8686,387196,BC,184.500,13041,2622,CS,OC
8687,386956,MBC,184.500,13044,2710,CS,OC
8688,350703,BC,184.500,13045,1211,EC,OC
8689,393197,MBC,184.500,13046,2718,CS,OC
8690,331702,OC,184.500,13047,1304,CS,OC
8691,331711,BC,184.500,13048,4974,EC,OC
8692,322734,BC,184.500,13050,2006,FY,OC
8693,257107,BC,184.500,13052,2710,AD,OC
8694,438692,BC,184.500,13053,2739,CB,OC
8695,366404,BC,184.500,13054,4960,CS,OC
8696,304124,BC,184.500,13055,1419,EE,OC
8697,279692,BCM,184.500,13057,2723,AM,OC
8698,281480,BC,184.500,13058,2005,CE,OC
8699,371008,BC,184.500,13059,2764,EC,BC
8700,421606,MBC,184.500,13060,4974,EC,OC
8701,278949,SC,184.500,13061,2025,CS,OC
8702,267784,BC,184.500,13062,2706,AD,OC
8703,230112,BC,184.500,13063,3795,AD,OC
8704,311436,MBC,184.500,13064,2005,CE,OC
8705,443531,BCM,184.500,13067,2718,CS,OC
8706,293145,MBC,184.500,13069,3011,CS,OC
8707,369940,MBC,184.500,13070,1211,CS,MBC
8708,284607,BC,184.500,13071,1414,EC,OC
8709,453346,BC,184.500,13072,2710,AD,OC
8710,225336,SC,184.500,13074,2007,CM,SC
8711,340816,BC,184.500,13075,2764,EC,BC
8712,325783,MBC,184.500,13076,2615,EE,OC
8713,272085,BC,184.500,13077,5008,EU,BC
8714,349893,BC,184.500,13078,5986,CS,OC
8715,341346,MBC,184.500,13079,5008,EU,MBC
8716,205146,MBC,184.500,13080,2718,CS,OC
8717,307413,MBC,184.500,13081,1211,CS,MBC
8718,453704,BC,184.500,13082,5901,EE,OC
8719,256140,BC,184.500,13083,5008,EU,BC
8720,331706,BC,184.500,13084,2007,MF,OC
8721,221133,BC,184.500,13085,5008,MF,OC
8722,243524,BCM,184.500,13086,4955,CS,OC
8723,368813,BC,184.500,13087,2751,AM,OC
8724,325579,BC,184.500,13088,2025,EC,OC
8725,335758,BC,184.500,13090,1211,AD,OC
8726,418493,BC,184.500,13091,2764,CS,BC
8727,237573,BC,184.500,13092,2750,CS,OC
8728,227156,BC,184.500,13095,1432,EC,OC
8729,327768,SC,184.500,13096,2007,EC,SC
8730,404681,BC,184.500,13099,2764,CS,BC
8731,257962,BC,184.500,13100,5986,EC,OC
8732,413415,MBC,184.500,13101,2,CH,MBC
8733,338035,BC,184.500,13102,2718,EC,OC
8734,410349,MBC,184.500,13104,2709,EC,OC
8735,208679,MBC,184.500,13105,1432,CO,OC
8736,203748,BC,184.500,13108,1,MN,BC
8737,288499,BC,184.500,13109,2718,CS,OC
8738,334414,BC,184.500,13110,1304,CS,OC
8739,225863,BC,184.500,13115,2750,EC,OC
8740,254540,BC,184.500,13116,2718,EC,OC
8741,370819,BC,184.500,13117,2718,CS,OC
8742,223245,MBC,184.500,13118,1399,AM,MBC
8743,393383,BC,184.500,13120,1211,EC,OC
8744,480988,OC,184.500,13121,1126,AD,OC
8745,312327,BC,184.500,13122,3011,CF,OC
8746,309326,MBC,184.500,13123,1307,CS,OC
8747,469120,BC,184.500,13124,2718,CS,OC
8748,361303,MBC,184.500,13125,2615,EE,MBC
8749,316716,BC,184.500,13126,2377,CE,OC
8750,495227,MBC,184.500,13127,1,PT,OC
8751,227705,BC,184.500,13128,1113,CS,OC
8752,324148,BC,184.500,13130,1211,AD,OC
8753,377530,BCM,184.500,13132,1211,AL,OC
8754,433958,MBC,184.500,13133,4974,EC,OC
8755,216443,BCM,184.500,13134,2006,MS,OC
8756,372832,MBC,184.500,13137,1211,EC,MBC
8757,311201,BC,184.500,13139,2739,AM,BC
8758,461666,OC,184.500,13140,1126,AD,OC
8759,250877,BC,184.500,13141,2706,CS,OC
8760,449035,BC,184.500,13142,2739,SC,BC
8761,459952,MBC,184.500,13143,3011,CS,OC
8762,309120,BC,184.500,13146,2005,ME,OC
8763,264120,MBC,184.500,13148,2709,CF,OC
8764,436056,BCM,184.500,13150,4,PR,BCM
8765,239293,BC,184.500,13151,4959,CS,OC
8766,341325,ST,184.500,13152,4,AT,ST
8767,396653,MBC,184.500,13153,5008,CE,MBC
8768,231167,BC,184.500,13154,2718,EC,OC
8769,331613,MBC,184.500,13155,5008,IM,MBC
8770,264951,BCM,184.500,13157,4974,EC,OC
8771,358026,BC,184.500,13158,2764,EC,BC
8772,337138,BC,184.500,13160,2702,CS,OC
8773,345709,MBC,184.500,13161,2709,EC,OC
8774,253652,BC,184.500,13162,2607,CS,OC
8775,269689,BC,184.500,13163,1211,IT,OC
8776,356684,BC,184.500,13164,5008,ME,BC
8777,227876,BC,184.500,13165,1399,ME,BC
8778,376095,BC,184.500,13167,2739,EE,OC
8779,307951,BC,184.500,13169,1432,CS,BC
8780,407349,BC,184.500,13170,1399,CB,BC
8781,314659,BC,184.500,13172,2025,CS,BC
8782,398495,BC,184.500,13174,1304,EC,OC
8783,449082,MBC,184.500,13175,2,CL,MBC
8784,229545,BC,184.500,13176,2718,AM,BC
8785,290861,MBC,184.500,13178,1113,CS,OC
8786,389621,MBC,184.500,13179,2329,CS,OC
8787,301754,MBC,184.500,13180,2712,EC,MBC
8788,326180,BCM,184.500,13181,4971,CS,OC
8789,299801,BC,184.500,13182,1432,EC,OC
8790,260348,BC,184.500,13184,2702,EC,OC
8791,243236,OC,184.500,13185,2719,EC,OC
8792,293498,BC,184.500,13186,2025,EC,OC
8793,210111,BC,184.500,13187,2025,EC,OC
8794,359230,MBC,184.500,13190,2764,EC,MBC
8795,397273,MBC,184.500,13192,5901,CS,MBC
8796,353928,BC,184.500,13193,2750,AM,OC
8797,342522,MBC,184.500,13194,2025,EC,OC
8798,402493,BCM,184.500,13195,1399,EV,BCM
8799,264661,MBC,184.500,13196,2712,CS,MBC
8800,321704,BC,184.500,13197,2764,EV,OC
8801,367921,MBC,184.500,13199,1216,CS,OC
8802,303214,BC,184.500,13200,2718,EC,OC
8803,365749,BC,184.500,13201,2718,EC,OC
8804,259713,BC,184.500,13202,2005,ME,OC
8805,260307,MBC,184.500,13204,5008,IM,MBC
8806,251167,OC,184.500,13205,2718,SC,OC
8807,249471,BCM,184.500,13206,1304,CS,OC
8808,435739,BC,184.500,13207,2712,EI,OC
8809,371536,BCM,184.500,13208,2739,EE,OC
8810,396795,MBC,184.500,13209,1211,CS,MBC
8811,248905,BCM,184.500,13210,1399,AD,BCM
8812,367765,BCM,184.500,13211,4974,EC,OC
8813,222858,BC,184.500,13212,4,RP,OC
8814,236523,SC,184.500,13213,2377,EC,SC
8815,290282,MBC,184.500,13215,5008,IM,MBC
8816,417702,SC,184.500,13216,2006,EE,SC
8817,294173,MBC,184.500,13217,1211,CS,MBC
8818,232343,BC,184.500,13218,2739,SC,BC
8819,280940,BC,184.500,13223,1432,CS,BC
8820,428745,MBC,184.500,13230,2622,AD,OC
8821,346106,MBC,184.500,13231,1317,SC,OC
8822,285033,MBC,184.500,13232,2007,ME,MBC
8823,204608,MBC,184.500,13233,1216,EC,OC
8824,262511,MBC,184.500,13236,1432,AD,OC
8825,339645,MBC,184.500,13237,2615,AM,MBC
8826,349520,MBC,184.500,13238,2710,CS,OC
8827,346181,BCM,184.500,13239,3810,CS,OC
8828,362464,MBC,184.500,13241,1211,CS,MBC
8829,285664,SC,184.500,13242,2007,CM,SC
8830,366275,BC,184.500,13246,2702,CS,OC
8831,298698,BC,184.500,13249,2723,EC,OC
8832,242479,BC,184.500,13252,2708,AE,OC
8833,233604,MBC,184.500,13254,2377,EE,MBC
8834,449180,BC,184.500,13258,1432,AM,BC
8835,232562,BC,184.500,13259,2718,EC,OC
8836,201405,MBC,184.500,13260,1211,CS,MBC
8837,419348,MBC,184.500,13261,1211,EC,MBC
8838,268739,BC,184.500,13264,2712,EE,BC
8839,292481,MBC,184.500,13266,2377,EV,MBC
8840,265633,BC,184.500,13268,1432,CS,BC
8841,255790,MBC,184.500,13269,2712,EC,MBC
8842,284194,BC,184.500,13271,2615,EE,BC
8843,304578,MBC,184.500,13272,1219,EC,OC
8844,283735,BC,184.500,13273,1,XM,BC
8845,242783,BC,184.500,13274,2025,CS,BC
8846,291427,BC,184.500,13276,2764,CS,BC
8847,275700,MBC,184.500,13279,4960,EC,OC
8848,363474,BC,184.500,13281,2739,AM,BC
8849,415923,MBC,184.500,13282,2712,CS,MBC
8850,352583,BC,184.500,13284,1219,CS,OC
8851,378020,BC,184.500,13286,1211,IT,OC
8852,364083,MBC,184.500,13290,2764,CS,MBC
8853,449511,MBC,184.500,13292,2,IS,MBC
8854,475197,MBC,184.500,13295,2025,CS,MBC
8855,224601,BC,184.500,13296,1432,CS,BC
8856,319289,MBC,184.500,13298,1211,CS,MBC
8857,377056,OC,184.500,13299,2764,IT,OC
8858,453774,MBC,184.500,13301,2739,IT,MBC
8859,398901,BC,184.500,13305,1399,CB,BC
8860,330433,MBC,184.500,13306,2005,CE,OC
8861,372791,SC,184.500,13307,2005,CS,SC
8862,218445,BCM,184.500,13308,1,XM,BCM
8863,306400,MBC,184.500,13311,2750,CS,OC
8864,429244,MBC,184.500,13312,1211,EC,MBC
8865,266680,MBC,184.500,13313,1211,EC,MBC
8866,375970,SC,184.500,13315,1304,CS,OC
8867,252825,MBC,184.500,13317,2007,ME,MBC
8868,446738,BC,184.500,13318,2,PM,OC
8869,246884,MBC,184.500,13319,2739,AM,MBC
8870,460054,MBC,184.500,13321,2615,ME,OC
8871,473574,BC,184.500,13322,2751,AD,OC
8872,321512,MBC,184.500,13323,2712,EC,MBC
8873,340243,BC,184.500,13324,4,AU,BC
8874,242399,BC,184.500,13325,2712,MZ,OC
8875,220008,BC,184.500,13326,1432,AD,OC
8876,418668,BC,184.500,13327,4960,CS,OC
8877,287115,BC,184.500,13328,2764,CS,BC
8878,234429,BC,184.500,13329,1432,CS,BC
8879,341167,BC,184.500,13330,2711,EC,OC
8880,370998,BC,184.500,13332,2711,EC,OC
8881,303596,MBC,184.500,13334,3,BP,OC
8882,201056,OC,184.500,13335,2764,SC,OC
8883,356079,SC,184.500,13336,2007,CM,SC
8884,460625,BCM,184.500,13337,1432,AM,BCM
8885,231914,SC,184.500,13338,2005,AM,SC
8886,341753,MBC,184.500,13340,1211,EC,MBC
8887,332103,MBC,184.500,13341,2622,EC,OC
8888,380064,MBC,184.500,13342,2764,CS,MBC
8889,208642,MBC,184.500,13343,5008,IM,MBC
8890,408012,OC,184.500,13345,2718,CS,OC
8891,258579,BC,184.500,13346,2005,CE,OC
8892,217297,MBC,184.500,13348,2,CL,MBC
8893,216205,OC,184.500,13349,2718,AD,OC
8894,330199,BC,184.500,13350,1113,EC,OC
8895,238205,BC,184.500,13351,1399,CB,BC
8896,337027,MBC,184.500,13353,1399,ME,MBC
8897,350199,BC,184.500,13355,5008,CE,BC
8898,490329,MBC,184.500,13356,2745,EC,OC
8899,306465,BC,184.500,13357,2712,BT,BC
8900,454579,MBC,184.500,13358,2750,AM,OC
8901,367283,OC,184.500,13359,1304,AM,OC
8902,390418,BC,184.500,13360,2369,IT,OC
8903,263096,SC,184.500,13362,2712,EC,SC
8904,439263,MBC,184.500,13363,2622,CS,OC
8905,416945,BC,184.500,13366,2739,AM,BC
8906,213323,BCM,184.500,13367,5901,EC,BCM
8907,260226,OC,184.500,13368,5008,CN,OC
8908,218683,BCM,184.500,13369,2750,AM,BCM
8909,453612,MBC,184.500,13371,1,IE,MBC
8910,229521,BCM,184.500,13372,1211,CS,BCM
8911,410335,SC,184.500,13374,4,EI,SC
8912,373702,MBC,184.500,13375,2006,IY,MBC
8913,303688,BC,184.500,13379,2610,CS,OC
8914,378589,OC,184.500,13381,2006,MT,OC
8915,415224,MBC,184.500,13385,1399,AM,MBC
8916,230675,MBC,184.500,13386,3806,IT,OC
8917,249190,BC,184.500,13388,2622,AD,OC
8918,377827,BC,184.500,13391,1216,AD,OC
8919,311294,BC,184.500,13393,1399,CB,BC
8920,336663,BC,184.500,13396,1432,CS,BC
8921,288199,MBC,184.500,13398,2006,BS,MBC
8922,348875,BC,184.500,13399,5,EC,OC
8923,490436,BC,184.500,13400,2622,AD,OC
8924,394716,BC,184.500,13401,1211,AD,OC
8925,233699,BC,184.500,13401A,2739,AD,BC
8926,395463,BCM,184.500,13402,2718,EC,OC
8927,374811,BC,184.500,13403,1432,CS,BC
8928,418127,BC,184.500,13404,2710,CS,OC
8929,250001,MBC,184.500,13405,2739,IT,MBC
8930,221548,BC,184.500,13407,2718,CS,OC
8931,201197,BCM,184.500,13408,2736,CB,OC
8932,395287,BC,184.500,13410,2712,EI,BC
8933,288652,OC,184.500,13411,1304,EC,OC
8934,240962,SCA,184.500,13412,1,EL,SCA
8935,202009,BC,184.500,13413,1432,CS,BC
8936,252520,BC,184.500,13414,2718,CS,OC
8937,390221,MBC,184.500,13415,1507,IT,OC
8938,208711,BC,184.500,13416,2712,EE,BC
8939,384781,MBC,184.500,13417,1211,CS,MBC
8940,203091,MBC,184.500,13418,5910,CS,OC
8941,408876,BC,184.500,13420,4960,EC,OC
8942,218991,BC,184.500,13422,5901,CS,BC
8943,327557,BCM,184.500,13425,2710,CS,OC
8944,336571,BC,184.500,13426,1399,MZ,BC
8945,330040,BCM,184.500,13427,4971,EC,OC
8946,265346,BC,184.500,13428,2712,EE,BC
8947,251573,BC,184.500,13429,2764,EC,BC
8948,295102,BC,184.500,13430,2750,EV,OC
8949,397921,BC,184.500,13433,1,PT,OC
8950,448159,BC,184.500,13434,2710,AD,OC
8951,210655,MBC,184.500,13436,2718,CS,OC
8952,292299,OC,184.500,13437,1432,AD,OC
8953,252896,MBC,184.500,13438,2718,CS,OC
8954,305193,BC,184.500,13440,3819,CS,OC
8955,210755,MBC,184.500,13441,2736,AD,OC
8956,371458,BC,184.500,13442,2711,CS,OC
8957,213691,BC,184.500,13443,1,GI,BC
8958,262087,MBC,184.500,13445,2006,BY,MBC
8959,218808,MBC,184.500,13448,2377,RI,MBC
8960,443520,BC,184.500,13450,2739,EE,OC
8961,471181,BC,184.500,13452,2764,EC,BC
8962,393042,BC,184.500,13453,2007,CE,BC
8963,322367,BC,184.500,13454,1432,CS,BC
8964,208361,BC,184.500,13456,2718,CS,OC
8965,201411,BC,184.500,13457,2718,CS,OC
8966,376916,MBC,184.500,13458,1211,AL,MBC
8967,219269,BC,184.500,13459,1211,CS,BC
8968,285655,BC,184.500,13461,4960,AD,OC
8969,294377,BC,184.500,13462,1,XC,BC
8970,305648,BC,184.500,13464,2712,BT,BC
8971,349731,BC,184.500,13465,1304,CS,OC
8972,285197,BC,184.500,13467,2005,ME,OC
8973,365844,BC,184.500,13469,2750,AM,BC
8974,328941,BC,184.500,13470,1432,SC,OC
8975,355584,BC,184.500,13471,2025,AD,OC
8976,243326,MBC,184.500,13473,1211,AL,MBC
8977,290259,BCM,184.500,13474,2712,IT,BCM
8978,246120,BC,184.500,13475,5901,IT,BC
8979,364747,SC,184.500,13476,1399,BM,OC
8980,371688,SC,184.500,13477,1399,EC,SC
8981,262453,BC,184.500,13478,5008,MG,BC
8982,290598,BC,184.500,13479,1216,CS,OC
8983,244295,BC,184.500,13480,2377,CE,OC
8984,411344,MBC,184.500,13483,1432,SC,OC
8985,219495,SC,184.500,13484,1211,EC,SC
8986,416079,BC,184.500,13486,1,MN,BC
8987,390258,BCM,184.500,13487,1399,IT,BCM
8988,300786,MBC,184.500,13488,2615,AM,MBC
8989,355459,BC,184.500,13489,2739,AM,BC
8990,316367,SC,184.500,13493,1,BY,SC
8991,360617,BC,184.500,13494,2656,CS,OC
8992,360806,BC,184.500,13495,2710,AD,OC
8993,246367,BC,184.500,13496,2718,CS,OC
8994,388887,MBC,184.500,13499,2007,CE,MBC
8995,234795,BC,184.500,13503,1304,EC,OC
8996,290855,BC,184.500,13504,1,MN,BC
8997,339776,MBC,184.500,13505,2615,AM,MBC
8998,233595,BCM,184.500,13507,1216,EE,OC
8999,349537,BC,184.500,13509,1026,CS,OC
9000,281112,BC,184.500,13510,2718,CS,OC
9001,433144,BC,184.500,13511,2764,EC,BC
9002,375451,BC,184.500,13515,2609,EC,OC
9003,321318,BC,184.500,13516,2750,AE,OC
9004,412265,SCA,184.500,13517,4,AE,SCA
9005,228590,BC,184.500,13520,4,RP,OC
9006,426253,OC,184.500,13521,1216,CS,OC
9007,448007,BC,184.500,13522,2615,ME,OC
9008,210156,BC,184.500,13524,1211,CS,BC
9009,394947,BC,184.500,13527,1211,EC,BC
9010,362852,MBC,184.500,13528,2739,EV,MBC
9011,241561,BC,184.500,13529,2006,MS,OC
9012,353996,BC,184.500,13532,2718,EC,OC
9013,407809,MBC,184.500,13533,2751,EC,OC
9014,202921,BC,184.500,13534,1399,CE,OC
9015,201122,OC,184.500,13535,2005,ME,OC
9016,308787,BC,184.500,13536,2739,AD,BC
9017,366053,BC,184.500,13537,2723,EC,OC
9018,466979,BCM,184.500,13538,2329,AM,OC
9019,356387,MBC,184.500,13539,1113,EC,OC
9020,268352,BC,184.500,13540,2718,AM,BC
9021,204467,BC,184.500,13541,2718,CS,OC
9022,266458,BC,184.500,13544,1211,CS,BC
9023,287182,BC,184.500,13546,5008,MG,BC
9024,336212,BC,184.500,13548,1211,EC,BC
9025,358167,BC,184.500,13549,2764,AD,OC
9026,261796,BC,184.500,13550,1210,CS,OC
9027,365198,BC,184.500,13551,1211,EC,BC
9028,426186,BC,184.500,13552,2025,EE,OC
9029,429945,MBC,184.500,13553,1419,CS,OC
9030,461155,MBC,184.500,13554,2718,AM,MBC
9031,337883,BC,184.500,13555,1432,CS,BC
9032,265777,BC,184.500,13556,1211,EC,BC
9033,295642,MBC,184.500,13557,2718,EC,OC
9034,377307,BCM,184.500,13559,2709,CS,OC
9035,479174,BC,184.500,13560,2712,EE,BC
9036,253270,BC,184.500,13562,1432,CS,BC
9037,401162,BC,184.500,13563,2615,EE,BC
9038,206757,BC,184.500,13565,2764,AM,BC
9039,408046,MBC,184.500,13568,1211,CS,MBC
9040,405053,OC,184.500,13570,2764,EE,OC
9041,369969,MBC,184.500,13571,5008,EY,MBC
9042,367966,OC,184.500,13574,5008,MF,OC
9043,398819,BC,184.500,13575,2718,CS,OC
9044,362470,SC,184.500,13576,2005,IT,SC
9045,418774,BC,184.500,13577,2608,EC,OC
9046,461416,SC,184.500,13586,2007,CM,SC
9047,273801,BC,184.500,13587,2718,CS,OC
9048,342322,BC,184.500,13588,1211,CS,BC
9049,415063,MBC,184.500,13589,1317,EE,OC
9050,381520,BCM,184.500,13590,2377,CE,OC
9051,414136,BC,184.500,13591,1211,CS,BC
9052,337024,MBC,184.500,13593,3830,AM,OC
9053,375804,SC,184.500,13594,4,EI,SC
9054,456082,MBC,184.500,13595,2719,EC,OC
9055,495175,MBC,184.500,13598,2750,CS,OC
9056,421845,OC,184.500,13599,2736,EC,OC
9057,247413,BC,184.500,13603,1399,MZ,BC
9058,295514,BC,184.500,13604,5008,MG,BC
9059,301076,BC,184.500,13605,2710,AD,OC
9060,347740,BC,184.500,13607,2710,EC,OC
9061,398665,BC,184.500,13609,2718,EC,OC
9062,236491,MBC,184.500,13610,1216,EC,OC
9063,484759,BC,184.500,13613,2622,AD,OC
9064,420196,BC,184.500,13614,2712,AE,OC
9065,290434,BC,184.500,13617,2718,AD,OC
9066,329820,BCM,184.500,13619,2710,CS,OC
9067,371941,BC,184.500,13620,2764,CS,BC
9068,418802,BC,184.500,13621,1304,AD,OC
9069,398236,MBC,184.500,13630,2712,EC,MBC
9070,360752,BC,184.500,13631,2718,CS,OC
9071,351686,SC,184.500,13634,2005,AM,SC
9072,267395,BC,184.500,13636,1304,AM,OC
9073,218888,BC,184.500,13637,1211,AL,BC
9074,427602,BC,184.500,13638,1211,AD,OC
9075,258480,MBC,184.500,13640,1419,IT,OC
9076,418925,BC,184.500,13643,1,MN,BC
9077,383809,BC,184.500,13644,1317,CS,OC
9078,408897,MBC,184.500,13647,2750,CS,OC
9079,252880,BC,184.500,13649,2718,CS,OC
9080,480164,SCA,184.500,13650,2329,AD,OC
9081,361501,BC,184.500,13651,2025,CS,BC
9082,289951,BC,184.500,13653,2736,SC,OC
9083,379906,OC,184.500,13654,4,RP,OC
9084,434007,BC,184.500,13656,2710,EC,OC
9085,435718,BC,184.500,13657,2615,ME,OC
9086,437693,BC,184.500,13659,2718,CS,OC
9087,367843,SC,184.500,13661,1,MA,SC
9088,416540,BC,184.500,13662,5901,CS,BC
9089,288637,BC,184.500,13663,5901,CS,BC
9090,407538,OC,184.500,13666,1211,AD,OC
9091,255848,BC,184.500,13667,2764,CS,BC
9092,463503,BC,184.500,13668,1399,ME,BC
9093,236345,MBC,184.500,13670,2615,AM,MBC
9094,347321,BC,184.500,13674,4974,EC,OC
9095,203985,MBC,184.500,13675,1211,CS,MBC
9096,282342,BCM,184.500,13677,2005,EI,BCM
9097,252623,BC,184.500,13678,1211,EC,BC
9098,208527,BC,184.500,13679,2764,EC,BC
9099,247938,BC,184.500,13680,1432,BT,OC
9100,267817,BC,184.500,13681,5901,IT,BC
9101,335674,BC,184.500,13685,4974,EC,BC
9102,239963,BC,184.500,13686,4,AU,BC
9103,464002,BC,184.500,13688,2710,AD,OC
9104,394094,MBC,184.500,13689,1399,SC,MBC
9105,459743,BC,184.500,13690,1211,CS,BC
9106,370583,BC,184.500,13691,2764,EC,BC
9107,313162,BC,184.500,13692,2377,IC,BC
9108,443706,MBC,184.500,13693,2739,AM,MBC
9109,364692,SC,184.500,13694,2739,AD,SC
9110,473925,BC,184.500,13696,2718,CS,OC
9111,471989,BCM,184.500,13697,1113,CS,OC
9112,388035,MBC,184.500,13699,1432,CS,MBC
9113,363123,MBC,184.500,13702,2615,EE,MBC
9114,298444,BC,184.500,13704,2005,CE,OC
9115,490634,SC,184.500,13706,1,BY,SC
9116,468277,MBC,184.500,13707,2329,AD,OC
9117,233432,MBC,184.500,13708,1211,EC,MBC
9118,267640,BC,184.500,13709,1211,AD,OC
9119,356288,BC,184.333,13713,1211,AL,BC
9120,352977,BC,184.275,13715,5901,EC,BC
9121,362472,MBC,184.000,13722,2750,CS,OC
9122,337903,MBC,184.000,13724,2739,SC,MBC
9123,389504,BCM,184.000,13725,1211,CS,BCM
9124,237849,BC,184.000,13726,1317,SC,OC
9125,229046,SC,184.000,13727,5008,EC,SC
9126,257204,BC,184.000,13728,2718,CS,OC
9127,277745,BC,184.000,13729,5901,IT,BC
9128,395601,BC,184.000,13731,2751,CS,OC
9129,426914,BC,184.000,13732,4971,CS,OC
9130,216305,MBC,184.000,13733,1317,AD,OC
9131,415276,BCM,184.000,13734,1211,CS,BCM
9132,452838,BC,184.000,13735,2718,CS,OC
9133,384954,MBC,184.000,13737,5008,IM,MBC
9134,474905,MBC,184.000,13738,2329,AD,OC
9135,286470,BCM,184.000,13739,2718,AM,BCM
9136,351948,SCA,184.000,13743,2377,AD,SCA
9137,328890,BC,184.000,13744,1111,CS,OC
9138,420351,BC,184.000,13745,2712,MZ,OC
9139,200949,MBC,184.000,13746,2718,CS,OC
9140,382822,MBC,184.000,13747,1216,EC,OC
9141,242777,BC,184.000,13748,2764,CS,BC
9142,281127,MBC,184.000,13750,2736,CS,OC
9143,227222,OC,184.000,13751,1211,IT,OC
9144,428098,MBC,184.000,13754,1399,IT,MBC
9145,464903,BC,184.000,13756,1211,SC,OC
9146,213581,MBC,184.000,13758,2007,CE,MBC
9147,434292,BC,184.000,13759,2711,CS,OC
9148,318173,BC,184.000,13760,1211,CS,BC
9149,320186,MBC,184.000,13761,1110,CS,OC
9150,403719,MBC,184.000,13762,1516,EC,OC
9151,277128,BC,184.000,13764,2739,AD,BC
9152,448492,MBC,184.000,13765,1216,CS,OC
9153,246534,MBC,184.000,13766,1432,EC,OC
9154,204856,OC,184.000,13767,2718,CS,OC
9155,396735,BC,184.000,13769,1211,AD,OC
9156,445177,BC,184.000,13773,2377,ME,BC
9157,291984,BC,184.000,13775,2719,AD,OC
9158,305088,MBC,184.000,13778,5008,CE,MBC
9159,371079,BC,184.000,13779,2007,CH,OC
9160,255174,BC,184.000,13780,1216,EC,OC
9161,367936,BC,184.000,13781,2712,EE,BC
9162,297150,BC,184.000,13783,2025,AD,OC
9163,278203,MBC,184.000,13784,2739,AD,MBC
9164,315086,BC,184.000,13785,1211,AD,OC
9165,211626,BC,184.000,13787,1,XC,BC
9166,438855,BC,184.000,13789,2718,CS,OC
9167,295479,BC,184.000,13790,2007,CH,BC
9168,203397,BC,184.000,13792,1211,CS,BC
9169,202639,MBC,184.000,13793,2615,ME,OC
9170,210528,MBC,184.000,13794,1216,EE,OC
9171,418758,BC,184.000,13795,2739,EE,BC
9172,216500,MBC,184.000,13798,2,IS,MBC
9173,353646,BC,184.000,13799,1432,CS,BC
9174,385107,BC,184.000,13802,1211,IT,OC
9175,441003,BC,184.000,13803,2718,CS,OC
9176,287120,MBC,184.000,13804,1432,EC,OC
9177,233630,MBC,184.000,13805,1399,EA,MBC
9178,295092,BC,184.000,13806,2764,EC,BC
9179,336685,MBC,184.000,13808,2618,EC,OC
9180,261406,BC,184.000,13809,2718,EC,OC
9181,318085,BC,184.000,13810,2736,EC,OC
9182,406737,MBC,184.000,13812,2718,EC,OC
9183,321592,BC,184.000,13813,2751,EC,OC
9184,481653,OC,184.000,13814,1419,AM,OC
9185,379009,BC,184.000,13815,1211,EC,BC
9186,431998,SC,184.000,13819,4,AU,SC
9187,212688,BC,184.000,13820,2005,ME,OC
9188,409108,BC,184.000,13822,2622,AD,OC
9189,377007,MBC,184.000,13823,1304,AD,OC
9190,350002,BC,184.000,13824,2711,IT,OC
9191,275676,BC,184.000,13825,2718,CS,OC
9192,266336,BC,184.000,13826,2764,EC,BC
9193,355344,BC,184.000,13827,5008,ME,BC
9194,357042,BC,184.000,13828,2718,EC,OC
9195,282066,MBC,184.000,13829,2739,AD,MBC
9196,253119,MBC,184.000,13831,2,FS,OC
9197,436050,BC,184.000,13832,2712,EE,BC
9198,377341,SC,184.000,13833,2377,EC,SC
9199,329415,BC,184.000,13834,2712,AE,BC
9200,249234,MBC,184.000,13836,5008,IM,MBC
9201,290679,MBC,184.000,13837,1211,CS,MBC
9202,212513,BC,184.000,13838,2719,AD,OC
9203,209685,BC,184.000,13839,2006,MT,OC
9204,252497,MBC,184.000,13840,1140,AD,OC
9205,371555,BC,184.000,13842,1216,CS,OC
9206,296780,BC,184.000,13843,2750,AM,BC
9207,415312,BC,184.000,13845,2718,CS,OC
9208,435118,BC,184.000,13847,2025,AD,OC
9209,232977,BC,184.000,13848,2718,CS,OC
9210,258956,MBC,184.000,13849,4678,CS,OC
9211,320032,BC,184.000,13850,1211,IT,OC
9212,268894,BC,184.000,13851,2755,CE,OC
9213,423907,BC,184.000,13852,2622,CS,OC
9214,278312,BC,184.000,13853,2377,ME,BC
9215,266311,BC,184.000,13854,2764,EC,BC
9216,407505,MBC,184.000,13855,1432,CS,MBC
9217,240310,MBC,184.000,13856,2750,CS,OC
9218,495983,BC,184.000,13857,2025,ME,OC
9219,388899,BC,184.000,13858,2615,EE,BC
9220,209666,BC,184.000,13860,2739,AD,BC
9221,411748,BCM,184.000,13861,4962,CS,OC
9222,345568,BC,184.000,13863,2007,CH,BC
9223,208488,BC,184.000,13864,2764,CS,BC
9224,297837,BC,184.000,13865,2718,EC,OC
9225,409728,BC,184.000,13866,2764,EC,BC
9226,409305,BC,184.000,13867,2711,EC,OC
9227,417723,BC,184.000,13868,2025,EC,BC
9228,223416,BC,184.000,13871,1,GI,BC
9229,252077,BC,184.000,13872,2377,IC,BC
9230,256402,MBC,184.000,13874,2740,CS,OC
9231,229877,BC,184.000,13875,2,IB,BC
9232,409911,MBC,184.000,13876,2718,EC,OC
9233,235052,BC,184.000,13877,1432,EC,OC
9234,225912,SC,184.000,13878,3,BP,OC
9235,438531,BC,184.000,13879,2718,EC,OC
9236,466213,ST,184.000,13882,2005,CS,ST
9237,449399,MBC,184.000,13884,2349,RM,OC
9238,318042,MBC,184.000,13885,2718,CS,OC
9239,402530,BC,184.000,13888,1219,CS,OC
9240,448788,BC,184.000,13889,2710,EC,OC
9241,453512,BCM,184.000,13890,1,MN,BCM
9242,368267,MBC,184.000,13891,4974,CE,OC
9243,357757,MBC,184.000,13892,1211,EC,MBC
9244,377396,MBC,184.000,13893,2377,EE,MBC
9245,288870,BC,184.000,13895,2006,FY,OC
9246,221780,SC,184.000,13897,2,CH,SC
9247,205528,BC,184.000,13899,2007,CH,BC
9248,411300,SC,184.000,13900,2377,EV,SC
9249,365789,MBC,184.000,13901,1211,IT,OC
9250,495511,BC,184.000,13902,2712,EE,BC
9251,257094,MBC,184.000,13905,2764,SC,OC
9252,222251,BC,184.000,13906,2764,EC,BC
9253,219271,MBC,184.000,13907,2025,CS,MBC
9254,262529,MBC,184.000,13909,1211,EC,MBC
9255,238935,SC,184.000,13910,1432,CS,SC
9256,211816,MBC,184.000,13912,1111,CS,OC
9257,287485,BCM,184.000,13913,1211,CS,BCM
9258,217239,BC,184.000,13914,4962,CS,OC
9259,294752,BC,184.000,13915,2025,EC,BC
9260,288794,BC,184.000,13917,2712,EE,BC
9261,225878,BC,184.000,13918,2712,EE,BC
9262,416116,MBC,184.000,13919,2739,CS,MBC
9263,342186,BC,184.000,13921,4678,EC,OC
9264,281688,BCM,184.000,13922,4,AU,BCM
9265,407007,BC,184.000,13923,1432,CS,BC
9266,371196,MBC,184.000,13924,2006,BS,MBC
9267,233719,BC,184.000,13925,2702,BT,OC
9268,378357,BC,184.000,13926,5901,EE,OC
9269,302755,BC,184.000,13930,2718,EC,OC
9270,353397,BC,184.000,13931,4677,CS,OC
9271,290202,BC,184.000,13932,1113,CS,OC
9272,306457,MBC,184.000,13933,5901,CS,MBC
9273,247696,BC,184.000,13934,2718,CS,OC
9274,465011,BC,184.000,13935,3011,EC,OC
9275,260606,BC,184.000,13938,1211,SC,OC
9276,397827,BC,184.000,13939,2764,EC,BC
9277,266286,BC,184.000,13941,2764,AD,OC
9278,242094,BC,184.000,13944,4960,EC,OC
9279,223788,BC,184.000,13946,5986,CS,OC
9280,422983,BC,184.000,13947,2764,CS,BC
9281,307814,BC,184.000,13948,2764,CS,BC
9282,214265,SC,184.000,13949,2006,EE,SC
9283,200225,BC,184.000,13950,1304,CS,OC
9284,257230,SC,184.000,13951,1399,CS,SC
9285,380277,BC,184.000,13953,1211,IT,OC
9286,206933,MBC,184.000,13954,2764,EC,MBC
9287,462541,MBC,184.000,13955,5008,IM,MBC
9288,353057,MBC,184.000,13956,1399,ME,MBC
9289,231439,BC,184.000,13958,2005,ME,OC
9290,331516,MBC,184.000,13959,1211,CS,MBC
9291,385140,BC,184.000,13960,1304,CS,OC
9292,208774,BC,184.000,13961,2764,EC,BC
9293,389916,BC,184.000,13962,1432,EC,OC
9294,329304,BC,184.000,13963,2711,CS,OC
9295,285737,BC,184.000,13964,2751,CS,OC
9296,276645,BC,184.000,13965,2718,AD,OC
9297,350622,BC,184.000,13966,1432,CS,BC
9298,439448,BC,184.000,13968,2622,EC,OC
9299,281525,MBC,184.000,13976,2710,AD,OC
9300,354666,BC,184.000,13977,2718,AD,OC
9301,271216,BC,184.000,13978,2377,ME,BC
9302,377221,MBC,184.000,13979,1113,CS,OC
9303,238108,BC,184.000,13980,2750,SC,OC
9304,397797,BC,184.000,13982,2005,CE,OC
9305,358138,MBC,184.000,13983,2764,EC,MBC
9306,348429,MBC,184.000,13984A,1211,EC,MBC
9307,336724,BC,184.000,13986,2615,CE,OC
9308,291486,MBC,184.000,13987,1219,CS,OC
9309,464555,MBC,184.000,13988,2007,CE,MBC
9310,477741,BC,184.000,13990,2007,CH,BC
9311,481137,OC,184.000,13994,1126,AD,OC
9312,304123,MBC,184.000,13995,2764,CS,MBC
9313,346397,MBC,184.000,13996,2764,CS,MBC
9314,360744,MBC,184.000,13998,1419,ME,OC
9315,409558,BC,184.000,13999,2764,CS,BC
9316,471701,OC,184.000,14005,1419,AM,OC
9317,329840,BC,184.000,14007,2025,AD,BC
9318,453495,MBC,184.000,14008,1211,EC,MBC
9319,493113,BC,184.000,14010,2615,EE,BC
9320,339087,BC,184.000,14013,2764,CS,BC
9321,250814,SC,184.000,14015,1210,AD,OC
9322,371185,OC,184.000,14017,1120,CS,OC
9323,416553,BC,184.000,14018,4974,EC,BC
9324,398893,OC,184.000,14019,1216,CS,OC
9325,305295,BC,184.000,14020,1219,CS,OC
9326,358966,BC,184.000,14021,4960,CS,OC
9327,282502,BC,184.000,14022,2764,CS,BC
9328,297114,BC,184.000,14024,1317,CS,OC
9329,366945,BC,184.000,14025,1216,CS,OC
9330,204731,BC,184.000,14026,5986,EC,OC
9331,207994,BC,184.000,14027,2718,EC,OC
9332,348768,MBC,184.000,14029,2739,AD,MBC
9333,335456,MBC,184.000,14031,1211,CS,MBC
9334,320675,MBC,184.000,14032,1422,CS,OC
9335,335163,MBC,184.000,14033,2712,EE,MBC
9336,433967,BC,184.000,14034,1216,CS,OC
9337,412961,BC,184.000,14035,4960,EC,OC
9338,302027,BC,184.000,14036,1216,AD,OC
9339,255113,BC,184.000,14037,2718,AD,OC
9340,426242,SCA,184.000,14038,4,IM,SCA
9341,314518,SCA,184.000,14039,2006,BS,SCA
9342,292641,BC,184.000,14040,2005,ME,OC
9343,228390,MBC,184.000,14041,1211,SC,OC
9344,366337,SC,184.000,14042,2005,EE,SC
9345,308330,BC,184.000,14045,2706,EC,OC
9346,280773,BCM,184.000,14046,2,PM,OC
9347,326833,BC,184.000,14049,4971,CS,OC
9348,384009,MBC,184.000,14050,1211,EC,MBC
9349,366215,BC,184.000,14051,1211,IT,OC
9350,390573,BC,184.000,14052,2718,EC,OC
9351,273923,SC,184.000,14053,2005,AM,SC
9352,321561,BC,184.000,14054,2718,AD,OC
9353,411119,BC,184.000,14055,1216,SC,OC
9354,363399,BC,184.000,14056,1216,EE,OC
9355,351067,MBC,184.000,14058,1219,EC,OC
9356,418125,BC,184.000,14059,1211,AL,BC
9357,332721,BC,184.000,14062,2007,MF,OC
9358,224695,BC,184.000,14063,1211,EC,BC
9359,381021,OC,184.000,14064,1304,AM,OC
9360,247614,MBC,184.000,14065,5901,CS,MBC
9361,501221,MBC,184.000,14066,1,IE,MBC
9362,319456,MBC,184.000,14068,3011,CS,OC
9363,352171,BC,184.000,14069,2719,CS,OC
9364,390767,BC,184.000,14070,2739,EE,BC
9365,284951,OC,184.000,14071,1304,CS,OC
9366,358514,BC,184.000,14073,2718,EC,OC
9367,387181,BC,184.000,14074,2702,AD,OC
9368,269626,OC,184.000,14075,1211,CH,OC
9369,274469,BCM,184.000,14077,4974,IB,OC
9370,282976,BC,184.000,14079,2712,EE,BC
9371,241538,BC,184.000,14082,2764,AD,OC
9372,424465,BC,184.000,14083,1399,BM,BC
9373,247847,BC,184.000,14089,2764,EC,BC
9374,334745,SC,184.000,14090,2377,CS,SC
9375,269025,BC,184.000,14093,5901,EE,OC
9376,392729,BC,184.000,14094,2006,MT,BC
9377,342269,BC,184.000,14096,2718,CS,OC
9378,221135,BC,184.000,14099,2710,CS,OC
9379,222380,BC,184.000,14101,2764,AM,BC
9380,243727,BC,184.000,14104,2712,EE,BC
9381,224549,ST,184.000,14105,2007,CH,ST
9382,229788,OC,184.000,14108,1211,RM,OC
9383,377800,MBC,184.000,14113,1211,EC,MBC
9384,338555,BCM,184.000,14114,2007,EY,BCM
9385,331232,MBC,184.000,14117,2712,EC,MBC
9386,357089,BC,184.000,14118,2764,CS,BC
9387,255386,BC,184.000,14119,2005,ME,OC
9388,242100,BC,184.000,14122,5910,CS,OC
9389,323918,BC,184.000,14126,2736,EC,OC
9390,266536,BC,184.000,14128,1219,ME,OC
9391,307035,BC,184.000,14129,1211,AD,OC
9392,377071,BC,184.000,14130,4974,EC,BC
9393,442112,BC,184.000,14131,1432,EC,OC
9394,480269,BC,184.000,14132,1432,ME,OC
9395,252902,BC,184.000,14134,2750,EV,OC
9396,247807,BC,184.000,14136,2712,EE,BC
9397,325577,BC,184.000,14137,1304,CS,OC
9398,336310,MBC,184.000,14139,5008,EL,MBC
9399,385594,BC,184.000,14140,2764,EC,BC
9400,314574,BC,184.000,14141,1432,CS,BC
9401,429864,BC,184.000,14144,2718,CS,OC
9402,427728,BC,184.000,14145,2739,AD,BC
9403,452682,MBC,184.000,14148,2,IB,MBC
9404,364284,SC,184.000,14151,1399,CS,SC
9405,392494,BC,184.000,14153,2764,AM,BC
9406,218304,BC,184.000,14154,1211,AD,OC
9407,365786,BC,184.000,14155,1219,CS,OC
9408,341019,BC,184.000,14156,2764,EC,BC
9409,399388,BC,184.000,14157,4960,AD,OC
9410,277730,BCM,184.000,14158,1432,CS,BCM
9411,208588,BCM,184.000,14159,3806,AD,OC
9412,248413,SC,184.000,14160,5901,CE,OC
9413,247424,BC,184.000,14161,1432,CB,OC
9414,393556,MBC,184.000,14162,1140,CS,OC
9415,256325,BC,184.000,14165,2702,CS,OC
9416,210630,BC,184.000,14166,1211,IT,OC
9417,317873,MBC,184.000,14169,2764,CS,MBC
9418,369671,MBC,184.000,14171,1211,CS,MBC
9419,408933,BC,184.000,14172,4974,EC,BC
9420,362348,BC,184.000,14173,4670,CS,OC
9421,232615,BC,184.000,14174,1309,AL,OC
9422,433002,MBC,184.000,14177,2345,EC,OC
9423,203090,BC,184.000,14178,2025,EC,BC
9424,368750,BC,184.000,14180,2739,AD,BC
9425,247785,BC,184.000,14183,2764,AD,OC
9426,290819,BCM,184.000,14184,5008,CE,BCM
9427,335314,BC,184.000,14186,1304,CS,OC
9428,405896,OC,184.000,14187,1419,EC,OC
9429,277940,BC,184.000,14189,2,PM,OC
9430,427951,OC,184.000,14191,1211,AD,OC
9431,229646,BC,184.000,14192,2377,IC,BC
9432,347193,BC,184.000,14194,4974,EC,BC
9433,375810,MBC,184.000,14196,5901,EC,MBC
9434,284419,SCA,184.000,14198,4,AT,SCA
9435,481083,OC,184.000,14199,1126,AD,OC
9436,481039,OC,184.000,14200,1126,EC,OC
9437,203095,BC,184.000,14204,2719,CS,OC
9438,328609,SC,184.000,14206,2007,EM,SC
9439,356354,BC,184.000,14208,1432,CS,BC
9440,411604,BC,184.000,14212,2764,CS,BC
9441,202712,BC,184.000,14213,2718,CS,OC
9442,411201,BC,184.000,14214,2751,CS,OC
9443,286387,BC,184.000,14215,1432,CS,BC
9444,355010,BC,184.000,14216,2025,EC,BC
9445,290572,BC,184.000,14217,2718,EC,OC
9446,345821,MBC,184.000,14218,2,IS,MBC
9447,446259,BC,184.000,14221,2739,AD,BC
9448,350298,BC,184.000,14222,1422,EC,OC
9449,247751,BC,184.000,14223,1211,EC,BC
9450,253090,MBC,184.000,14224,2736,CB,OC
9451,428002,MBC,184.000,14225,2712,CS,MBC
9452,245579,BC,184.000,14228,2718,EC,OC
9453,225827,BC,184.000,14229,5008,MG,BC
9454,391644,BC,184.000,14230,1304,CS,OC
9455,384818,BC,184.000,14232,2377,IC,BC
9456,321026,BC,184.000,14234,1211,SC,OC
9457,410456,BC,184.000,14235,2603,CS,OC
9458,302059,BC,184.000,14237,2706,CS,OC
9459,242470,MBC,184.000,14238,1211,CS,MBC
9460,360019,BC,184.000,14239,2025,EC,BC
9461,408702,BC,184.000,14240,2006,MS,OC
9462,267227,BC,184.000,14241,1432,EC,BC
9463,411800,MBC,184.000,14242,2007,ME,MBC
9464,232911,BC,184.000,14243,1211,IT,OC
9465,205993,MBC,184.000,14246,4,PR,MBC
9466,347792,SC,184.000,14247,1211,CS,SC
9467,458555,BC,184.000,14248,2739,AD,BC
9468,222455,BC,184.000,14250,1113,EC,OC
9469,215452,BC,184.000,14251,4974,EC,BC
9470,342314,BC,184.000,14252,4975,CS,OC
9471,327038,SC,184.000,14255,1,GI,SC
9472,350065,BC,184.000,14256,2005,ME,OC
9473,483722,BC,184.000,14257,2718,EC,OC
9474,442477,BC,184.000,14258,1432,CS,BC
9475,379868,BC,184.000,14263,2607,IT,OC
9476,246513,BC,184.000,14264,2718,EC,OC
9477,359346,BC,184.000,14266,2764,CS,BC
9478,434957,BC,184.000,14267,5010,AM,OC
9479,285526,MBC,184.000,14268,1140,CS,OC
9480,384827,BC,184.000,14269,1211,EC,BC
9481,243951,BC,184.000,14271,2718,SC,OC
9482,325524,BC,184.000,14273,1432,CO,OC
9483,220455,BCM,184.000,14274,2006,MS,BCM
9484,304019,BC,184.000,14275,1216,EC,OC
9485,379774,MBC,184.000,14276,5008,EY,MBC
9486,290802,BC,184.000,14278,1399,MZ,BC
9487,419815,BC,184.000,14279,4960,AD,OC
9488,415363,BC,184.000,14280,2719,CS,OC
9489,352669,MBC,184.000,14282,2712,CS,MBC
9490,268987,MBC,184.000,14284,2613,EC,OC
9491,366081,BC,184.000,14285,2718,EC,OC
9492,501056,BCM,184.000,14289,2615,AM,BCM
9493,480298,BC,184.000,14290,1,GI,BC
9494,428528,BC,184.000,14295,1211,AD,OC
9495,448867,SC,184.000,14296,1399,CS,SC
9496,253496,BC,184.000,14297,1216,CS,OC
9497,397435,MBC,184.000,14299,1211,EC,MBC
9498,291491,SC,184.000,14301,4,PR,SC
9499,489680,BC,184.000,14302,1432,ME,OC
9500,236228,BC,184.000,14306,1219,CH,OC
9501,277540,BC,184.000,14310,2377,ME,BC
9502,281830,BC,184.000,14312,1304,CS,OC
9503,230413,MBC,184.000,14313,1219,EC,OC
9504,303287,MBC,184.000,14314,1,IE,MBC
9505,431144,BC,184.000,14315,1211,EC,BC
9506,246160,MBC,184.000,14317,2710,AD,OC
9507,333840,OC,184.000,14318,1211,SC,OC
9508,221581,BC,184.000,14319,2764,CS,BC
9509,449753,MBC,184.000,14320,2,PP,OC
9510,252651,BC,184.000,14322,2764,IT,OC
9511,452028,BC,184.000,14323,2007,CH,BC
9512,461728,MBC,184.000,14325,2636,IT,OC
9513,393149,MBC,184.000,14327,2764,CS,MBC
9514,243401,BC,184.000,14329,1399,BM,BC
9515,370935,BC,184.000,14330,2712,ME,OC
9516,299775,BC,184.000,14331,2618,AD,OC
9517,358699,MBC,184.000,14332,1216,EE,OC
9518,242253,MBC,184.000,14333,5901,CS,MBC
9519,278493,MBC,184.000,14335,2005,ME,OC
9520,434904,BC,184.000,14338,2615,EE,BC
9521,306280,OC,184.000,14339,1419,ME,OC
9522,262577,BC,184.000,14340,5901,EE,OC
9523,252379,MBC,184.000,14341,2712,EE,MBC
9524,210491,BC,184.000,14343,2739,AD,BC
9525,474001,MBC,184.000,14344,4,PR,MBC
9526,269393,MBC,184.000,14345,4974,EC,MBC
9527,243661,BC,184.000,14347,2718,CS,OC
9528,242434,OC,184.000,14348,2005,ME,OC
9529,257703,MBC,184.000,14350,1399,AM,MBC
9530,410578,MBC,184.000,14351,2764,EC,MBC
9531,434638,BC,184.000,14352,1211,AD,OC
9532,398453,BC,184.000,14354,2711,EC,OC
9533,356931,MBC,184.000,14355,2723,SC,OC
9534,366121,BC,184.000,14356,5008,MF,OC
9535,350089,BC,184.000,14358,2603,CS,OC
9536,284268,BC,184.000,14359,1219,CS,OC
9537,378088,MBC,184.000,14360,1304,CS,OC
9538,244457,BCM,184.000,14362,5008,EY,BCM
9539,480496,BC,184.000,14364,2776,SC,OC
9540,246320,BC,184.000,14365,2764,AM,BC
9541,342226,MBC,184.000,14367,3011,EC,OC
9542,237098,BC,184.000,14368,2005,ME,OC
9543,278481,BC,184.000,14369,2739,AD,BC
9544,391226,BC,184.000,14371,1399,ME,BC
9545,425809,BC,184.000,14372,1216,AD,OC
9546,340646,SC,184.000,14373,2377,CS,SC
9547,365534,OC,184.000,14375,2025,EE,OC
9548,411935,MBC,184.000,14376,1211,CS,MBC
9549,384086,BC,184.000,14377,2711,CS,OC
9550,478397,BC,184.000,14378,1432,ME,OC
9551,258572,BC,184.000,14379,1211,EC,BC
9552,333954,OC,184.000,14382,1216,EC,OC
9553,227035,MBC,184.000,14383,2732,IT,OC
9554,451930,MBC,184.000,14384,2025,CS,MBC
9555,481004,OC,184.000,14387,1126,AD,OC
9556,340516,SC,184.000,14389,2007,CM,SC
9557,223622,BC,184.000,14390,1432,CO,OC
9558,420034,BC,184.000,14391,2718,CS,OC
9559,294383,BCM,184.000,14392,2,PM,OC
9560,455338,MBC,184.000,14393,5901,EE,OC
9561,313835,BC,184.000,14395,5010,CS,OC
9562,290736,MBC,184.000,14400,4,PR,MBC
9563,320611,BC,184.000,14401,4974,EC,BC
9564,238865,BC,184.000,14402,3011,AM,OC
9565,399449,BC,184.000,14403,1,GI,BC
9566,269588,BC,184.000,14404,1216,AD,OC
9567,225614,BC,184.000,14405,2764,EC,BC
9568,243785,BC,184.000,14409,1211,AL,BC
9569,350280,BC,184.000,14410,1113,EC,OC
9570,288312,MBC,184.000,14411,1211,CS,MBC
9571,201734,BC,184.000,14412,1450,IT,OC
9572,444154,MBC,184.000,14413,2006,BY,MBC
9573,224330,BC,184.000,14414,2025,EC,BC
9574,234902,BC,184.000,14415,1211,AL,BC
9575,450434,BC,184.000,14417,2006,FY,OC
9576,477798,MBC,184.000,14419,2710,EC,OC
9577,225456,OC,184.000,14421,1419,EC,OC
9578,422622,BC,184.000,14422,2718,EC,OC
9579,202820,BC,184.000,14423,2702,CS,OC
9580,264176,BC,184.000,14424,1211,CS,BC
9581,231075,BC,184.000,14425,4974,CS,BC
9582,489025,BC,184.000,14426,1304,CB,OC
9583,373105,BC,184.000,14427,2764,EC,BC
9584,481181,OC,184.000,14428,1126,AD,OC
9585,324108,BC,184.000,14430,1211,CS,BC
9586,333177,BC,184.000,14434,2377,CE,OC
9587,230003,BC,184.000,14435,1216,CS,OC
9588,332453,BC,184.000,14436,2751,AM,OC
9589,389457,MBC,184.000,14437,2718,AD,OC
9590,255213,MBC,184.000,14441,1399,AD,MBC
9591,346566,BC,184.000,14442,2718,EC,OC
9592,470377,MBC,184.000,14443,2329,AM,OC
9593,334464,OC,184.000,14444,2764,IT,OC
9594,325351,MBC,184.000,14447,2006,AS,OC
9595,293926,MBC,184.000,14448,2,PM,OC
9596,321648,BC,184.000,14449,2718,CS,OC
9597,212090,BC,184.000,14451,1219,CS,OC
9598,481147,OC,184.000,14453,1126,AD,OC
9599,481010,OC,184.000,14456,1126,EC,OC
9600,357986,BC,184.000,14457,1304,CS,OC
9601,359716,SC,184.000,14458,2377,EC,SC
9602,479446,BCM,184.000,14459,1399,CB,BCM
9603,365363,BC,184.000,14461,5901,ME,OC
9604,414172,MBC,184.000,14462,1432,EC,MBC
9605,243492,BC,184.000,14464,2736,BM,OC
9606,336833,BC,184.000,14466,1211,CS,BC
9607,378818,BC,184.000,14467,2718,EC,OC
9608,491916,BC,184.000,14469,2006,MS,BC
9609,363154,BC,184.000,14470,2618,CS,OC
9610,479631,MBC,184.000,14471,2329,AD,OC
9611,481346,MBC,184.000,14475,2718,CS,OC
9612,277638,BC,184.000,14476,2025,EC,BC
9613,483005,MBC,184.000,14477,1140,AD,OC
9614,255895,BC,184.000,14478,2712,EE,BC
9615,500959,SC,184.000,14481,2750,ME,OC
9616,237693,BC,184.000,14483,4974,CS,BC
9617,457163,BC,184.000,14485,3011,EC,OC
9618,417979,BC,184.000,14486,1432,CS,BC
9619,491807,BCM,184.000,14489,1,MN,BCM
9620,283259,OC,184.000,14492,1211,SC,OC
9621,252324,BC,184.000,14494,2007,MF,OC
9622,290596,BC,184.000,14496,2007,CH,BC
9623,310281,BC,183.855,14498,2025,AD,BC
9624,231673,BC,183.815,14499,2718,CS,OC
9625,464959,BCM,183.750,14500,2739,AD,BCM
9626,476363,OC,183.667,14502,2718,AD,OC
9627,464375,BC,183.667,14503,2709,EC,OC
9628,457711,OC,183.667,14504,3011,CS,OC
9629,303050,MBC,183.667,14505,1238,EC,OC
9630,241924,BC,183.667,14505A,1432,CS,BC
9631,247307,BC,183.500,14507,1405,EC,OC
9632,237739,BC,183.500,14509,2718,CS,OC
9633,246037,BC,183.500,14510,1211,EC,BC
9634,392802,BC,183.500,14511,2718,CS,OC
9635,451196,BC,183.500,14512,1,XM,BC
9636,488349,MBC,183.500,14514,1399,AD,MBC
9637,399993,SC,183.500,14515,1432,CB,OC
9638,335258,BC,183.500,14516,1,MA,BC
9639,442043,BC,183.500,14517,1399,MZ,BC
9640,390699,MBC,183.500,14518,2708,EC,OC
9641,318317,BC,183.500,14519,2710,IT,OC
9642,253760,MBC,183.500,14521,2711,CS,OC
9643,346447,MBC,183.500,14523,2615,AM,MBC
9644,365646,BC,183.500,14524,2702,EC,OC
9645,396636,BC,183.500,14525,1219,EC,OC
9646,270861,OC,183.500,14526,2751,EC,OC
9647,320430,MBC,183.500,14527,1399,IT,MBC
9648,224555,BC,183.500,14528,1113,CS,OC
9649,355788,MBC,183.500,14529,2712,CS,MBC
9650,330377,BC,183.500,14530,2702,CS,OC
9651,331696,BC,183.500,14531,2764,AM,BC
9652,295178,BC,183.500,14532,2706,CS,OC
9653,443116,SC,183.500,14534,1399,AM,SC
9654,322907,SC,183.500,14535,2007,CM,SC
9655,473785,BC,183.500,14537,2622,AD,OC
9656,467194,BC,183.500,14538,2718,CS,OC
9657,388011,BC,183.500,14539,2764,EC,BC
9658,485267,OC,183.500,14544,2622,AD,OC
9659,338067,MBC,183.500,14545,2005,CE,OC
9660,244436,SC,183.500,14547,1399,EC,SC
9661,459221,MBC,183.500,14549,2006,FY,OC
9662,425920,BC,183.500,14553,2718,AD,OC
9663,342580,BC,183.500,14555,2718,CS,OC
9664,263418,SC,183.500,14556,1399,MZ,SC
9665,219208,BC,183.500,14558,2718,CS,OC
9666,424566,BC,183.500,14559,5901,EC,BC
9667,428676,BC,183.500,14560,2711,CS,OC
9668,396717,BC,183.500,14562,1419,EC,OC
9669,287515,BC,183.500,14564,1304,CS,OC
9670,206975,BC,183.500,14566,2764,AD,OC
9671,351353,BCM,183.500,14569,2718,EC,OC
9672,399220,BC,183.500,14571,4,RP,OC
9673,234794,BC,183.500,14573,1219,AD,OC
9674,450303,BCM,183.500,14576,2750,EC,OC
9675,364109,BC,183.500,14578,2718,EE,OC
9676,384980,BCM,183.500,14579,1399,MZ,BCM
9677,357623,BC,183.500,14586,2764,EC,BC
9678,384048,MBC,183.500,14587,1,XC,MBC
9679,418955,BC,183.500,14591,1113,CS,OC
9680,431151,SC,183.500,14592,2006,RA,SC
9681,372263,MBC,183.500,14593,2025,EC,MBC
9682,234964,BC,183.500,14595,1432,CS,BC
9683,365654,BC,183.500,14596,1211,EC,BC
9684,234759,BC,183.500,14597,1211,CS,BC
9685,206619,BC,183.500,14598,2718,EC,OC
9686,401509,BC,183.500,14599,2329,MZ,OC
9687,329784,BC,183.500,14600,2739,AD,BC
9688,232095,BC,183.500,14601,1210,EC,OC
9689,205018,MBC,183.500,14603,1432,CS,MBC
9690,358107,BC,183.500,14606,2025,CS,BC
9691,384376,BC,183.500,14607,1432,AM,BC
9692,451487,MBC,183.500,14609,1432,AM,MBC
9693,491734,MBC,183.500,14610,2007,ME,MBC
9694,266129,MBC,183.500,14611,2710,EC,OC
9695,299196,MBC,183.500,14612,5008,CW,MBC
9696,298988,MBC,183.500,14613,2739,AD,MBC
9697,386604,BC,183.500,14614,2739,AD,BC
9698,268677,BC,183.500,14615,2764,SC,OC
9699,258836,MBC,183.500,14616,2711,AD,OC
9700,484968,MBC,183.500,14617,2702,CS,OC
9701,453284,BC,183.500,14619,1304,CS,OC
9702,264306,BC,183.500,14620,2007,CE,BC
9703,435206,BC,183.500,14622,2739,AD,BC
9704,434365,BC,183.500,14623,4974,EC,BC
9705,330650,SC,183.500,14625,1399,CS,SC
9706,246579,BCM,183.500,14626,2764,CS,BCM
9707,418009,BC,183.500,14627,2764,EC,BC
9708,356801,BC,183.500,14628,2622,CS,OC
9709,488488,BC,183.500,14629,2710,IT,OC
9710,404811,BC,183.500,14630,1211,BT,OC
9711,333545,BC,183.500,14631,2751,AD,OC
9712,230041,BC,183.500,14632,1211,IT,OC
9713,336288,OC,183.500,14634,2718,CS,OC
9714,408968,BC,183.500,14635,2764,EC,BC
9715,357822,BC,183.500,14636,2711,EC,OC
9716,418066,SC,183.500,14637,5008,CM,SC
9717,485056,BC,183.500,14640,5008,ME,BC
9718,455822,BC,183.500,14641,2712,MZ,OC
9719,262534,SCA,183.500,14642,4,IM,SCA
9720,377342,MBC,183.500,14643,1216,CS,OC
9721,282522,BCM,183.500,14648,5546,CS,OC
9722,232812,BC,183.500,14649,2607,IT,OC
9723,370259,MBC,183.500,14650,1211,CS,MBC
9724,355492,MBC,183.500,14652,2007,CH,MBC
9725,244014,BC,183.500,14654,1419,CB,OC
9726,412545,SC,183.500,14655,1399,AD,SC
9727,393192,BC,183.500,14656,2025,EE,OC
9728,331576,MBC,183.500,14658,1399,CE,OC
9729,293138,BC,183.500,14660,1,MN,BC
9730,462309,BC,183.500,14661,2764,AM,BC
9731,255483,SC,183.500,14662,2377,CS,SC
9732,355187,BC,183.500,14663,1211,IT,OC
9733,214202,BC,183.500,14664,2006,PR,BC
9734,240399,BC,183.500,14667,1216,EC,OC
9735,368301,BC,183.500,14668,2712,BT,BC
9736,334566,BC,183.500,14669,1211,CS,BC
9737,214320,BC,183.500,14671,2764,AD,OC
9738,324149,MBC,183.500,14676,1216,EE,OC
9739,251863,BC,183.500,14679,2736,CS,OC
9740,281174,BC,183.500,14680,1211,AL,BC
9741,299814,BC,183.500,14684,2006,MS,BC
9742,334263,OC,183.500,14687,2706,CS,OC
9743,358698,BC,183.500,14688,2764,BM,OC
9744,441053,MBC,183.500,14689,1432,AD,OC
9745,379353,BC,183.500,14690,1399,ME,BC
9746,402858,BC,183.500,14691,4962,CS,OC
9747,330370,MBC,183.500,14692,2025,EC,MBC
9748,211167,SC,183.500,14693,1399,EC,SC
9749,313526,BC,183.500,14694,2764,AM,BC
9750,392462,BC,183.500,14695,1317,CB,OC
9751,379251,MBC,183.500,14697,2736,AD,OC
9752,317341,BC,183.500,14698,4974,EE,OC
9753,243974,BC,183.500,14699,4960,CS,OC
9754,276632,BC,183.500,14700,5901,IT,BC
9755,230933,MBC,183.500,14701,2710,AD,OC
9756,411037,BC,183.500,14702,1211,EC,BC
9757,347951,BC,183.500,14703,1405,SC,OC
9758,423643,MBC,183.500,14704,5008,EY,MBC
9759,410066,MBC,183.500,14705,2615,ME,OC
9760,245535,SC,183.500,14706,2005,CE,OC
9761,287450,BC,183.500,14707,2718,EC,OC
9762,247574,MBC,183.500,14708,5008,CE,MBC
9763,405373,SC,183.500,14709,2712,CS,SC
9764,264924,BC,183.500,14710,2718,CS,OC
9765,323787,BC,183.500,14711,1,GI,BC
9766,253447,MBC,183.500,14713,2718,CS,OC
9767,243489,BC,183.500,14714,2750,EC,OC
9768,465954,BC,183.500,14715,2711,CS,OC
9769,364033,BC,183.500,14716,2764,AD,OC
9770,364916,MBC,183.500,14717,2,FS,OC
9771,431211,BC,183.500,14718,2702,CS,OC
9772,356926,BC,183.500,14719,5910,EC,OC
9773,343623,MBC,183.500,14720,1,XC,MBC
9774,351158,SC,183.500,14722,1113,EE,OC
9775,234413,BC,183.500,14723,2,FS,BC
9776,238844,SC,183.500,14724,1,BY,SC
9777,216821,SC,183.500,14725,1211,EC,SC
9778,235328,BC,183.500,14729,2736,CS,OC
9779,457123,MBC,183.500,14730,2622,EC,OC
9780,454331,BC,183.500,14731,2377,IC,BC
9781,364956,BCM,183.500,14733,2005,ME,BCM
9782,310315,BC,183.500,14734,5901,EE,OC
9783,262291,MBC,183.500,14735,2718,EC,OC
9784,309509,MBC,183.500,14737,2,FS,MBC
9785,277761,BC,183.500,14738,1110,AD,OC
9786,402205,BC,183.500,14740,1211,EC,BC
9787,395763,BC,183.500,14741,1432,BT,OC
9788,450372,SC,183.500,14743,1,BY,SC
9789,237213,BC,183.500,14745,2764,CS,BC
9790,347710,BC,183.500,14746,1509,CS,OC
9791,365960,BC,183.500,14747,2718,EC,OC
9792,366785,BC,183.500,14748,2711,EC,OC
9793,389308,MBC,183.500,14749,5901,CS,MBC
9794,463074,BC,183.500,14750,2750,CS,OC
9795,353739,BC,183.500,14753,4962,CS,OC
9796,349320,BC,183.500,14754,2,FS,BC
9797,406827,MBC,183.500,14758,1412,AD,OC
9798,254548,BC,183.500,14760,2712,EE,BC
9799,368461,MBC,183.500,14761,1432,CS,MBC
9800,347040,MBC,183.500,14762,1399,SC,MBC
9801,430259,BC,183.500,14764,2764,AM,BC
9802,326201,MBC,183.500,14766,2,FS,MBC
9803,252230,BC,183.500,14768,2751,EC,OC
9804,369905,MBC,183.500,14770,1419,CS,OC
9805,309981,SC,183.500,14772,1,BY,SC
9806,322670,BC,183.500,14777,2718,EC,OC
9807,292183,BC,183.500,14779,2377,IC,BC
9808,323704,BC,183.500,14780,2613,BM,OC
9809,345952,BCM,183.500,14781,2025,CS,BCM
9810,409685,BC,183.500,14782,2615,EE,BC
9811,474816,BC,183.500,14783,1432,AM,BC
9812,238519,BC,183.500,14784,5901,IT,BC
9813,312406,BC,183.500,14785,2710,EC,OC
9814,455843,BC,183.500,14787,2710,CS,OC
9815,237428,BC,183.500,14788,5008,MF,OC
9816,280398,BC,183.500,14790,2711,EC,OC
9817,413508,MBC,183.500,14794,1219,EC,OC
9818,270429,MBC,183.500,14796,1408,VL,OC
9819,278460,BC,183.500,14799,1414,IT,OC
9820,213908,OC,183.500,14800,5008,MF,OC
9821,384598,MBC,183.500,14801,1432,CS,MBC
9822,235845,BC,183.500,14802,4955,CS,OC
9823,266437,BC,183.500,14803,2750,EC,OC
9824,289379,MBC,183.500,14804,1113,EC,OC
9825,384836,MBC,183.500,14805,1211,CS,MBC
9826,372375,BC,183.500,14806,1211,AD,OC
9827,351039,BC,183.500,14808,1432,AD,OC
9828,299383,BC,183.500,14809,1304,AM,OC
9829,225870,MBC,183.500,14810,1399,MZ,MBC
9830,268806,BC,183.500,14811,1211,EC,BC
9831,238540,BC,183.500,14812,2710,EC,OC
9832,391261,BC,183.500,14813,2764,AD,OC
9833,388236,MBC,183.500,14814,1211,MZ,OC
9834,280734,BCM,183.500,14815,4020,AD,OC
9835,224033,MBC,183.500,14816,2739,CB,OC
9836,217305,BC,183.500,14817,1216,CS,OC
9837,452232,MBC,183.500,14819,2615,CE,OC
9838,441369,BC,183.500,14821,1211,IT,OC
9839,418345,BC,183.500,14822,1317,AL,OC
9840,285009,OC,183.500,14823,2718,EC,OC
9841,416145,BCM,183.500,14824,4971,CS,OC
9842,435698,BC,183.500,14826,2764,AD,OC
9843,481167,OC,183.500,14827,1126,AD,OC
9844,435638,BCM,183.500,14828,4955,CS,OC
9845,204658,MBC,183.500,14830,2718,SC,OC
9846,318599,BC,183.500,14831,2739,SC,BC
9847,352291,MBC,183.500,14832,2712,EE,MBC
9848,429413,BC,183.500,14833,2710,AD,OC
9849,445242,BC,183.500,14835,2711,AD,OC
9850,378797,BCM,183.500,14836,2718,CS,OC
9851,275194,BC,183.500,14837,2706,CS,OC
9852,434831,MBC,183.500,14838,2718,CS,OC
9853,500175,MBC,183.500,14839,2005,IB,OC
9854,280169,BC,183.500,14841,4959,EC,OC
9855,289687,BC,183.500,14843,2718,IT,OC
9856,271562,BC,183.500,14844,1211,EC,BC
9857,228245,MBC,183.500,14845,3830,CS,OC
9858,261283,BC,183.500,14846,2723,CS,OC
9859,379842,SCA,183.500,14847,1399,CS,SCA
9860,231163,MBC,183.500,14848,1399,AD,MBC
9861,259947,BC,183.500,14849,2718,CS,OC
9862,224930,BCM,183.500,14850,2718,CS,OC
9863,417604,MBC,183.500,14853,1211,CS,MBC
9864,318858,OC,183.500,14854,2764,EV,OC
9865,264112,MBC,183.500,14855,2718,IT,OC
9866,264798,BC,183.500,14857,1432,CS,BC
9867,212393,BC,183.500,14858,4023,CS,OC
9868,456522,BC,183.500,14859,4669,CS,OC
9869,284900,MBC,183.500,14863,2,FS,MBC
9870,422601,BC,183.500,14867,2709,CS,OC
9871,259143,BC,183.500,14868,1450,IT,OC
9872,219314,BC,183.500,14869,1211,AD,OC
9873,326857,BC,183.500,14870,1113,IT,OC
9874,259065,BC,183.500,14872,2622,CS,OC
9875,231771,OC,183.500,14874,2007,MF,OC
9876,346695,BC,183.500,14875,2,IB,BC
9877,388276,BC,183.500,14877,1211,EC,BC
9878,274974,MBC,183.500,14879,1432,EC,MBC
9879,219611,BC,183.500,14883,2764,AD,OC
9880,330905,MBC,183.500,14886A,1399,AM,MBC
9881,224440,MBC,183.500,14889,1216,EC,OC
9882,263691,MBC,183.500,14891,1399,AM,MBC
9883,480156,MBC,183.500,14893,2329,CS,OC
9884,482308,BCM,183.500,14895,2377,EE,BCM
9885,453406,BC,183.500,14896,2712,EI,BC
9886,273723,MBC,183.500,14897,5901,CS,MBC
9887,201838,BCM,183.500,14898,1211,EC,BCM
9888,205895,BC,183.500,14899,5008,MG,BC
9889,404143,MBC,183.500,14900,2718,EC,OC
9890,390240,BC,183.500,14901,2764,AM,BC
9891,237862,BC,183.500,14902,2718,CS,OC
9892,397431,BC,183.500,14904,1211,CS,BC
9893,241193,BC,183.500,14905,1211,AL,BC
9894,472275,OC,183.500,14909,2718,EC,OC
9895,331953,BC,183.500,14910,1211,AD,OC
9896,342368,BC,183.500,14911,2718,CS,OC
9897,276490,SC,183.500,14914,5008,CS,SC
9898,203020,BC,183.500,14915,2718,EC,BC
9899,420960,BC,183.500,14916,1432,CS,BC
9900,320845,SC,183.500,14918,1,IE,SC
9901,348191,MBC,183.500,14919,2739,AD,MBC
9902,370882,BC,183.500,14920,1211,SC,BC
9903,499056,BCM,183.500,14922,2603,CS,OC
9904,277237,BC,183.500,14923,2736,CS,OC
9905,242004,BC,183.500,14924,1317,AD,OC
9906,220166,BC,183.500,14925,2718,CS,OC
9907,310036,BCM,183.500,14927,1211,CS,BCM
9908,397238,MBC,183.500,14934,1432,AM,MBC
9909,211003,BC,183.500,14936,2718,EC,BC
9910,227551,BC,183.500,14937,2718,AD,OC
9911,397584,BC,183.500,14938,2718,CJ,OC
9912,380585,OC,183.500,14939,1216,CS,OC
9913,369851,MBC,183.500,14940,4974,CS,MBC
9914,448777,MBC,183.500,14942,1211,CS,MBC
9915,297779,MBC,183.500,14943,3011,EC,OC
9916,359616,MBC,183.500,14944,2702,AD,OC
9917,486433,BC,183.500,14945,1211,CS,BC
9918,427307,BCM,183.500,14946,4,PR,BCM
9919,295118,BC,183.500,14947,2739,ME,OC
9920,448869,BC,183.500,14949,1399,MZ,BC
9921,338364,BC,183.500,14950,2615,EE,BC
9922,432452,BC,183.500,14951,1113,EC,OC
9923,341238,MBC,183.500,14954,2702,EC,OC
9924,309585,BC,183.500,14957,1432,CS,BC
9925,440766,BC,183.500,14958,2764,EC,BC
9926,217865,BC,183.500,14960,2736,CS,OC
9927,441203,MBC,183.500,14961,2751,AD,OC
9928,294213,BC,183.500,14962,2712,EE,BC
9929,280868,BC,183.500,14963,5008,ME,BC
9930,444991,BC,183.500,14964,4962,CS,OC
9931,343200,BC,183.500,14965,4960,CS,OC
9932,339374,BC,183.500,14966,2718,CS,OC
9933,398264,BC,183.500,14968,2718,EC,BC
9934,388080,BC,183.500,14969,1211,EC,BC
9935,305759,BCM,183.500,14970,2615,EC,BCM
9936,255125,MBC,183.500,14971,2739,CS,MBC
9937,257933,BC,183.500,14972,1211,EC,BC
9938,257953,BC,183.500,14973,2006,MY,OC
9939,305103,BC,183.500,14974,1432,EC,BC
9940,394242,MBC,183.500,14975,2005,PR,OC
9941,487747,BC,183.500,14976,2739,AD,BC
9942,211764,MBC,183.500,14977,2739,AM,MBC
9943,236713,BC,183.500,14979,2712,AE,BC
9944,233846,MBC,183.500,14980,1399,AM,MBC
9945,471757,BC,183.500,14984,2707,BT,OC
9946,320841,BC,183.500,14985,2025,EC,BC
9947,381517,SC,183.500,14986,2,FS,SC
9948,485719,MBC,183.500,14987,2005,ME,MBC
9949,219157,BC,183.500,14990,2750,EC,OC
9950,358446,BC,183.500,14992,2,PM,OC
9951,416476,MBC,183.500,14997,2006,MS,MBC
9952,267855,MBC,183.500,14998,2622,CS,OC
9953,355990,MBC,183.500,15002,2025,EV,OC
9954,308279,BC,183.500,15005,2739,AD,BC
9955,228814,MBC,183.500,15007,1399,AM,MBC
9956,350430,BC,183.500,15008,4,AU,BC
9957,214736,MBC,183.500,15010,2007,CH,MBC
9958,396342,BC,183.500,15011,2718,CS,OC
9959,415432,MBC,183.500,15013,2750,EC,OC
9960,330709,BC,183.500,15015,5008,CN,OC
9961,218393,BC,183.500,15016,5901,IT,BC
9962,500691,BCM,183.500,15017,5008,EY,BCM
9963,336247,MBC,183.500,15018,1419,IT,OC
9964,251282,BC,183.500,15021,2764,EC,BC
9965,203190,OC,183.500,15022,2025,EE,OC
9966,445330,BC,183.500,15023,2719,CS,OC
9967,450875,BC,183.500,15027,2007,CE,BC
9968,439914,BC,183.500,15028,2764,CS,BC
9969,231033,MBC,183.500,15030,2719,EC,OC
9970,253155,BC,183.500,15033,2718,CS,OC
9971,292287,BC,183.500,15034,2739,AD,BC
9972,238658,BCM,183.500,15035,1432,EC,BCM
9973,241442,BC,183.500,15036,2739,AD,BC
9974,393539,MBC,183.500,15037,2710,CS,OC
9975,393009,BC,183.500,15040,2718,CS,OC
9976,367079,BC,183.500,15042,2005,ME,BC
9977,396480,BC,183.500,15044,1211,EC,BC
9978,298970,BC,183.500,15045,2718,EC,BC
9979,444487,MBC,183.500,15046,3801,CS,OC
9980,431245,SC,183.500,15047,2615,EC,SC
9981,409975,BC,183.500,15050,1216,AL,OC
9982,359060,BC,183.500,15053,2718,CS,OC
9983,250059,MBC,183.500,15054,2005,CE,OC
9984,366402,MBC,183.500,15055,1450,CS,MBC
9985,489489,BC,183.500,15058,2718,AD,OC
9986,220722,BC,183.500,15061,2764,EV,OC
9987,263160,BC,183.500,15063,2702,CS,OC
9988,361811,MBC,183.500,15064,1216,IT,OC
9989,411233,MBC,183.500,15065,4974,EC,MBC
9990,252695,BC,183.500,15066,1211,EC,BC
9991,370011,MBC,183.500,15068,1304,CS,OC
9992,291928,BC,183.500,15069,2718,CS,OC
9993,272239,BC,183.500,15070,4974,EC,BC
9994,274947,SC,183.500,15071,2739,CS,SC
9995,255474,BC,183.500,15073,2739,AD,BC
9996,396420,BC,183.500,15074,5008,ME,BC
9997,492455,MBC,183.500,15075,2025,EC,MBC
9998,375999,BC,183.500,15076,1211,EC,BC
9999,365016,MBC,183.500,15078,1399,ME,MBC
10000,410273,SC,183.500,15081,1399,CS,SC
10001,385845,OC,183.500,15082,1211,AD,OC
10002,320709,MBC,183.500,15083,1211,CS,MBC
10003,204569,BC,183.500,15085,1238,AD,OC
10004,321812,BCM,183.500,15086,2739,AM,BCM
10005,351301,BC,183.500,15087,2709,EC,OC
10006,274544,OC,183.500,15088,4678,CS,OC
10007,390126,MBC,183.500,15090,2615,AM,MBC
10008,455732,BC,183.500,15091,2712,MZ,OC
10009,397338,MBC,183.500,15092,5008,EU,MBC
10010,420905,BC,183.500,15093,2709,CS,OC
10011,455321,BC,183.500,15095,1419,EC,OC
10012,242498,BC,183.500,15098,3819,EC,OC
10013,218028,SC,183.500,15099,4,RA,SC
10014,367280,MBC,183.500,15102,2718,EC,MBC
10015,200630,MBC,183.500,15103,1399,AM,MBC
10016,318828,MBC,183.500,15105,1113,CS,OC
10017,317611,BC,183.500,15106,1,XC,BC
10018,377104,BC,183.500,15107,1211,CS,BC
10019,250281,BC,183.500,15108,1210,CS,OC
10020,323092,MBC,183.500,15109,2712,CS,MBC
10021,445388,BC,183.500,15110,2712,ME,OC
10022,211330,BC,183.500,15112,2,IB,BC
10023,359623,BC,183.500,15113,1216,CS,OC
10024,443913,BC,183.500,15114,4974,EC,BC
10025,363934,MBC,183.500,15116,2739,AM,MBC
10026,202491,MBC,183.500,15117,1432,CS,MBC
10027,337638,BC,183.500,15119,2718,CS,OC
10028,371610,BC,183.500,15120,2718,CS,OC
10029,260831,BC,183.500,15121,2718,CS,OC
10030,336646,MBC,183.500,15123,2736,CS,OC
10031,446581,BC,183.500,15128,1211,EC,BC
10032,386708,MBC,183.500,15129,1317,CS,OC
10033,459451,BC,183.500,15130,2618,CS,OC
10034,281960,BC,183.500,15131,5986,EC,OC
10035,231675,BC,183.500,15132,5901,EC,BC
10036,438466,BC,183.500,15133,1137,CS,OC
10037,229253,BC,183.500,15134,1450,CS,BC
10038,340264,BC,183.500,15138,1211,AD,OC
10039,385205,OC,183.500,15140,2702,CS,OC
10040,479411,OC,183.500,15141,1126,AD,OC
10041,275183,MBC,183.500,15142,2764,CS,MBC
10042,243063,MBC,183.500,15143,4,AU,MBC
10043,297148,MBC,183.500,15144,1317,CB,OC
10044,232521,BC,183.500,15145,2628,BM,OC
10045,338844,BC,183.500,15146,1,PT,OC
10046,428123,BC,183.500,15148,2764,CS,BC
10047,305799,MBC,183.500,15150,1399,IT,MBC
10048,416323,BC,183.500,15151,3011,CS,OC
10049,321768,BC,183.500,15153,2006,MS,BC
10050,361649,MBC,183.500,15155,2709,CS,OC
10051,433913,MBC,183.500,15156,2025,CS,MBC
10052,451509,BC,183.500,15158,1432,EC,BC
10053,367757,BC,183.500,15159,1211,CS,BC
10054,459397,BC,183.500,15161,2764,CS,BC
10055,401967,BC,183.500,15162,2712,EE,BC
10056,284722,BC,183.500,15163,2739,EE,BC
10057,397948,MBC,183.500,15164,2,FS,MBC
10058,449898,BC,183.500,15167,2007,CH,BC
10059,236467,BC,183.500,15168,1419,CS,OC
10060,220378,BC,183.500,15169,1211,AL,BC
10061,311529,BC,183.500,15171,2710,SC,BC
10062,309100,MBC,183.500,15172,2718,CS,OC
10063,496314,MBC,183.500,15173,5,EE,OC
10064,483549,OC,183.500,15174,2622,AD,OC
10065,335497,BC,183.500,15175,1211,CH,OC
10066,301837,BC,183.500,15177,1304,CS,OC
10067,432545,BC,183.500,15179,2615,EE,BC
10068,295547,BC,183.500,15181,2764,SC,OC
10069,286882,MBC,183.500,15183,2739,CS,MBC
10070,376367,BC,183.500,15186,2729,AE,OC
10071,297580,BC,183.500,15188,1211,EC,BC
10072,281271,BC,183.500,15189,4955,AD,OC
10073,445112,MBC,183.500,15190,1399,AD,MBC
10074,429775,SC,183.500,15191,1399,EC,SC
10075,396560,MBC,183.500,15197,5008,EY,MBC
10076,330822,SC,183.500,15199,1399,CS,SC
10077,356184,BC,183.500,15201,1304,CS,OC
10078,223123,BC,183.500,15204,5901,EC,BC
10079,204157,MBC,183.500,15211,2739,AM,MBC
10080,385719,BC,183.500,15212,2622,AD,OC
10081,468448,BC,183.500,15214,1211,CS,BC
10082,203895,BCM,183.500,15215,1432,CS,BCM
10083,264196,BC,183.500,15216,2711,CS,OC
10084,211281,BC,183.500,15217,1211,AD,OC
10085,207791,BC,183.500,15218,1216,EC,OC
10086,313364,MBC,183.500,15219,1211,CS,MBC
10087,444805,BC,183.500,15221,2,IS,BC
10088,481160,OC,183.500,15222,1126,AD,OC
10089,219588,BC,183.500,15226,3011,BT,OC
10090,390661,BC,183.500,15229,1216,CS,OC
10091,336141,MBC,183.500,15230,1,IE,MBC
10092,465114,BCM,183.500,15231,1211,BT,OC
10093,317768,MBC,183.500,15232,2603,CS,OC
10094,465199,BC,183.500,15233,2739,SC,BC
10095,358813,MBC,183.500,15235,2006,AS,OC
10096,341364,BC,183.500,15236,2615,CE,OC
10097,213645,BCM,183.500,15238,5008,MG,BCM
10098,359800,BC,183.500,15239,2,FS,BC
10099,338365,BC,183.500,15240,4974,CS,BC
10100,223434,MBC,183.500,15242,2653,AD,OC
10101,301549,BC,183.500,15245,2718,CB,OC
10102,481425,MBC,183.500,15247,2329,AD,OC
10103,458215,BC,183.500,15248,2710,CS,OC
10104,236527,BC,183.500,15251,2764,CS,BC
10105,444911,BC,183.500,15252,4,PR,BC
10106,481175,OC,183.500,15253,1126,AD,OC
10107,212780,BC,183.500,15254,2764,AD,OC
10108,239598,SC,183.500,15255,1399,CS,SC
10109,226878,BCM,183.500,15257,2712,EI,BCM
10110,273634,BC,183.500,15261,4,PR,BC
10111,275459,BC,183.500,15263,1211,EC,BC
10112,207364,MBC,183.500,15264,2615,EE,MBC
10113,355906,MBC,183.500,15268,1399,MZ,MBC
10114,327325,BC,183.500,15270,2719,EC,OC
10115,284699,BC,183.500,15272,2718,CS,OC
10116,211462,BC,183.500,15273,1211,SC,BC
10117,494730,SC,183.500,15275,1,MA,SC
10118,262587,BC,183.500,15276,2702,CS,OC
10119,240744,BC,183.500,15277,2710,SC,BC
10120,436714,MBC,183.500,15278,2,PP,OC
10121,405778,BCM,183.500,15281,1432,EC,BCM
10122,240247,SC,183.500,15282,5,AM,OC
10123,263334,BC,183.500,15283,1450,CS,BC
10124,474381,MBC,183.500,15284,2615,AM,MBC
10125,489136,SC,183.420,15285,1126,CS,OC
10126,244299,BCM,183.333,15288,2718,EC,BCM
10127,490915,BC,183.250,15289,1126,CS,OC
10128,348014,BC,183.000,15290,1,XM,BC
10129,376226,BC,183.000,15292,1211,EC,BC
10130,438626,BC,183.000,15294,2005,CE,OC
10131,250295,SC,183.000,15295,2005,CE,OC
10132,449154,BC,183.000,15296,2764,EC,BC
10133,235379,BC,183.000,15297,2736,CS,OC
10134,230528,BC,183.000,15298,2718,EC,BC
10135,393914,BC,183.000,15299,2739,SC,BC
10136,209584,MBC,183.000,15301,1399,AM,MBC
10137,271309,MBC,183.000,15304,2615,AM,MBC
10138,251660,BC,183.000,15307,2764,EV,OC
10139,391016,BC,183.000,15308,1211,EC,BC
10140,378998,BC,183.000,15309,1399,ME,BC
10141,413230,BC,183.000,15311,2718,EC,BC
10142,330582,SC,183.000,15313,1399,CS,SC
10143,389426,SC,183.000,15316,2025,EC,SC
10144,288196,BC,183.000,15317,2622,CS,OC
10145,299511,BC,183.000,15318,2718,CS,OC
10146,347197,MBC,183.000,15321,1321,PA,OC
10147,244293,BC,183.000,15326,2718,AD,OC
10148,211227,MBC,183.000,15327,2711,EC,OC
10149,353881,BC,183.000,15330,2702,AD,OC
10150,233693,BC,183.000,15332,1432,EC,BC
10151,368037,OC,183.000,15333,1419,EC,OC
10152,229009,BC,183.000,15334,1419,CS,OC
10153,305368,MBC,183.000,15335,1520,AM,OC
10154,312130,BC,183.000,15336,1432,CS,BC
10155,288852,BC,183.000,15338,1211,IT,OC
10156,251878,BC,183.000,15340,2712,ME,OC
10157,253744,BC,183.000,15341,2706,AD,OC
10158,455533,MBC,183.000,15343,2739,AD,MBC
10159,214954,MBC,183.000,15344,2739,AM,MBC
10160,324433,BC,183.000,15345,3,BP,OC
10161,222798,BC,183.000,15346,2764,EC,BC
10162,300564,MBC,183.000,15347,3826,AD,OC
10163,230717,BC,183.000,15349,1504,AD,OC
10164,299160,BC,183.000,15352,2750,CS,OC
10165,395578,BC,183.000,15353,2764,EC,BC
10166,377463,BC,183.000,15356,4960,EC,OC
10167,359105,MBC,183.000,15357,2764,EC,MBC
10168,239192,BC,183.000,15359,1304,CS,OC
10169,227504,BC,183.000,15360,1219,CS,OC
10170,419968,BC,183.000,15364,2718,AD,OC
10171,214276,BC,183.000,15366,2750,AM,BC
10172,424678,MBC,183.000,15370,2005,EI,MBC
10173,263014,BC,183.000,15371,2608,CS,OC
10174,438244,BCM,183.000,15372,1211,AL,BCM
10175,276513,BC,183.000,15373,2723,EC,OC
10176,362559,BCM,183.000,15376,2712,CS,BCM
10177,273342,MBC,183.000,15377,1419,MZ,OC
10178,415267,MBC,183.000,15378,2005,IB,OC
10179,405464,MBC,183.000,15379,1432,EC,MBC
10180,262188,MBC,183.000,15380,2377,EE,MBC
10181,365388,BC,183.000,15381,2622,EC,OC
10182,423824,BC,183.000,15383,4955,CS,OC
10183,449251,BCM,183.000,15385,1211,EC,BCM
10184,262938,BC,183.000,15386,1432,CS,BC
10185,348532,OC,183.000,15387,1211,IT,OC
10186,336999,MBC,183.000,15388,2712,CS,MBC
10187,250388,BC,183.000,15389,1,PT,OC
10188,433884,BC,183.000,15392,2718,CS,OC
10189,401545,OC,183.000,15394,1219,BT,OC
10190,302763,BC,183.000,15395,2618,AD,OC
10191,370328,MBC,183.000,15396,2739,AM,MBC
10192,439748,BC,183.000,15397,2712,EE,BC
10193,296686,BC,183.000,15398,4960,EC,OC
10194,378299,BC,183.000,15399,3011,EC,OC
10195,201881,BCM,183.000,15400,2005,IB,OC
10196,312119,BC,183.000,15401,1432,CS,BC
10197,258907,BCM,183.000,15402,5,EC,OC
10198,423765,BC,183.000,15404,2764,AD,OC
10199,353981,SC,183.000,15405,2739,CS,SC
10200,406238,BC,183.000,15406,2718,IT,OC
10201,209502,SC,183.000,15408,1399,EC,SC
10202,447150,MBC,183.000,15410,2634,IT,OC
10203,300447,SCA,183.000,15411,2,IB,SCA
10204,285832,BC,183.000,15412,5008,MG,BC
10205,413264,OC,183.000,15414,2718,IT,OC
10206,462846,MBC,183.000,15415,2750,CB,OC
10207,354927,BC,183.000,15418,2622,AD,OC
10208,382826,OC,183.000,15420,2704,AM,OC
10209,284115,BC,183.000,15422,1304,CS,OC
10210,202672,BC,183.000,15423,5008,CN,OC
10211,348734,OC,183.000,15425,1419,AD,OC
10212,238336,SC,183.000,15426,2006,ME,SC
10213,352963,MBC,183.000,15427A,2702,EC,OC
10214,298712,MBC,183.000,15428,1211,AL,MBC
10215,401920,BC,183.000,15429,5901,EC,BC
10216,364472,BC,183.000,15430,2764,AD,OC
10217,357118,BC,183.000,15431,1432,EC,BC
10218,272150,MBC,183.000,15432,4974,EC,MBC
10219,392013,MBC,183.000,15433,1432,CS,MBC
10220,340303,BC,183.000,15438,2613,CI,OC
10221,354121,BC,183.000,15439,2006,MT,BC
10222,293179,BC,183.000,15440,1211,SC,BC
10223,262813,MBC,183.000,15443,1211,CS,MBC
10224,366540,MBC,183.000,15444,1216,CS,OC
10225,201721,BCM,183.000,15445,1304,CS,OC
10226,240997,BC,183.000,15446,2739,AD,BC
10227,402381,BC,183.000,15447,5910,CS,OC
10228,417101,BC,183.000,15448,2718,CS,OC
10229,410209,BC,183.000,15449,1,GI,BC
10230,262728,MBC,183.000,15450,5008,EY,MBC
10231,222273,OC,183.000,15452,2709,EC,OC
10232,373784,BC,183.000,15455,2718,EC,BC
10233,262535,BCM,183.000,15456,1432,CS,BCM
10234,466097,MBC,183.000,15457,2718,CS,OC
10235,373195,MBC,183.000,15458,1211,EE,OC
10236,286883,BC,183.000,15459,5008,CN,OC
10237,309361,BC,183.000,15460,1317,EC,OC
10238,424691,BC,183.000,15461,1317,CS,OC
10239,408436,BC,183.000,15462,2711,CS,OC
10240,346735,BCM,183.000,15463,2608,SC,OC
10241,426542,BCM,183.000,15464,1304,CS,OC
10242,239829,OC,183.000,15465,2750,CS,OC
10243,338636,OC,183.000,15467,1219,EC,OC
10244,297560,BC,183.000,15468,5008,ME,BC
10245,279356,BC,183.000,15469,1211,SC,BC
10246,272160,MBC,183.000,15470,2718,CS,OC
10247,405698,BC,183.000,15471,1432,AM,BC
10248,341327,MBC,183.000,15472,2005,EI,MBC
10249,451917,BC,183.000,15473,2750,CS,OC
10250,354786,BC,183.000,15474,1211,CS,BC
10251,333111,BC,183.000,15476,1216,EC,OC
10252,276231,BC,183.000,15477,4,AU,BC
10253,272075,MBC,183.000,15478,1211,EC,MBC
10254,307126,BC,183.000,15479,1211,IT,OC
10255,269597,MBC,183.000,15482,2723,AD,OC
10256,212306,BC,183.000,15484,1304,EC,OC
10257,345332,BCM,183.000,15485,2,FS,BCM
10258,439662,BC,183.000,15486,2622,CS,OC
10259,270982,BC,183.000,15487,1026,CS,OC
10260,259706,BC,183.000,15489,2712,BT,BC
10261,316330,BC,183.000,15490,1304,CS,OC
10262,301034,BC,183.000,15491,4971,SC,OC
10263,330295,BC,183.000,15492,5901,EE,OC
10264,394944,BC,183.000,15493,1211,IT,OC
10265,283363,BC,183.000,15494,1304,EC,OC
10266,402458,BC,183.000,15496,2718,CS,OC
10267,287790,MBC,183.000,15497,1211,EC,MBC
10268,234792,SC,183.000,15498,1450,AD,OC
10269,258415,BC,183.000,15500,1211,AD,OC
10270,489113,MBC,183.000,15501,2718,CS,OC
10271,384832,BC,183.000,15502,2750,AM,BC
10272,353378,MBC,183.000,15503,1111,CS,OC
10273,363663,MBC,183.000,15504,2764,EC,MBC
10274,205623,BC,183.000,15505,4,AU,BC
10275,221640,BC,183.000,15506,1304,EC,OC
10276,235541,BC,183.000,15507,2739,SC,BC
10277,259569,MBC,183.000,15509,1422,AD,OC
10278,215563,BC,183.000,15510,2007,MF,BC
10279,424344,MBC,183.000,15511,1399,IT,MBC
10280,387871,BC,183.000,15512,1,MN,BC
10281,366229,BC,183.000,15513,1211,AD,OC
10282,421839,BC,183.000,15516,2750,EC,OC
10283,317716,OC,183.000,15517,1304,IT,OC
10284,434358,BC,183.000,15518,2025,AD,BC
10285,485555,BC,183.000,15521,2615,EE,BC
10286,339042,BC,183.000,15524,1,MN,BC
10287,235486,BC,183.000,15525,2764,CS,BC
10288,370812,BC,183.000,15526,5901,EC,BC
10289,347287,BC,183.000,15527,2615,EE,BC
10290,311808,BC,183.000,15529,3011,PC,OC
10291,360279,MBC,183.000,15530,1211,AL,MBC
10292,384542,MBC,183.000,15532,1211,CS,MBC
10293,359321,BC,183.000,15533,2718,CS,OC
10294,444459,MBC,183.000,15534,1211,EC,MBC
10295,418420,MBC,183.000,15535,2718,AD,OC
10296,349456,BC,183.000,15536,2764,EC,BC
10297,229124,SC,183.000,15537,2739,EC,SC
10298,221442,MBC,183.000,15539,5008,MF,OC
10299,222453,BC,183.000,15540,2764,AM,BC
10300,451300,MBC,183.000,15541,1408,EE,OC
10301,303305,BC,183.000,15543,2603,SC,OC
10302,396980,BC,183.000,15544,1211,AD,OC
10303,352397,BC,183.000,15546,2005,ME,BC
10304,497600,SC,183.000,15547,2007,EE,SC
10305,229276,MBC,183.000,15549,2764,CS,MBC
10306,298847,BC,183.000,15552,1432,AM,BC
10307,342870,BCM,183.000,15553,1211,CS,BCM
10308,321234,MBC,183.000,15554,1432,CS,MBC
10309,336900,BC,183.000,15555,2706,CS,OC
10310,252106,BC,183.000,15556,1216,EC,OC
10311,353933,MBC,183.000,15557,2377,EE,MBC
10312,203400,BC,183.000,15558,2764,IT,OC
10313,444329,BC,183.000,15560,1,GI,BC
10314,349874,BC,183.000,15561,3701,AD,OC
10315,471045,MBC,183.000,15562,2615,EE,MBC
10316,415662,MBC,183.000,15563,2723,EE,OC
10317,293702,BC,183.000,15564,2702,AD,OC
10318,437533,BCM,183.000,15566,4962,AD,OC
10319,300726,BC,183.000,15567,4960,CS,OC
10320,324643,BC,183.000,15569,5008,ME,BC
10321,313820,SC,183.000,15572,2007,CM,SC
10322,292461,BC,183.000,15573,2710,AD,OC
10323,343641,BC,183.000,15574,5901,IT,BC
10324,334093,MBC,183.000,15575,1211,CS,MBC
10325,424553,BC,183.000,15577,2718,CS,OC
10326,287644,BC,183.000,15578,2615,EE,BC
10327,384136,BC,183.000,15579,2711,EC,OC
10328,250204,BCM,183.000,15580,1211,IT,OC
10329,290771,BC,183.000,15581,1,MI,BC
10330,303009,BC,183.000,15582,1219,CS,OC
10331,419137,BC,183.000,15583,5008,ME,BC
10332,238012,BC,183.000,15584,1211,CB,OC
10333,400469,BC,183.000,15585,2710,CS,OC
10334,254320,BC,183.000,15586,2622,EC,OC
10335,201679,BCM,183.000,15587,1211,EC,BCM
10336,384138,BC,183.000,15588,2025,EV,OC
10337,275701,BC,183.000,15590,3830,EE,OC
10338,249814,MBC,183.000,15594,3464,CS,OC
10339,355572,MBC,183.000,15595,5008,CW,MBC
10340,299753,BC,183.000,15596,1211,AD,OC
10341,389895,BC,183.000,15597,2718,CS,OC
10342,231404,BC,183.000,15598,1419,CS,OC
10343,252023,BC,183.000,15599,2712,MZ,OC
10344,293463,BC,183.000,15601,2739,SC,BC
10345,212231,MBC,183.000,15602,1211,CS,MBC
10346,202062,OC,183.000,15603,2007,CN,OC
10347,295033,MBC,183.000,15605,5986,CS,OC
10348,332419,MBC,183.000,15607,5901,CS,MBC
10349,283349,BC,183.000,15608,4955,IT,OC
10350,397986,BC,183.000,15611,1219,CS,OC
10351,347666,BC,183.000,15612,2709,EC,OC
10352,398440,MBC,183.000,15613,2764,AM,MBC
10353,251379,BC,183.000,15614,1317,CS,OC
10354,291139,BC,183.000,15615,2007,MF,BC
10355,234070,OC,183.000,15616,2718,SC,OC
10356,214666,BC,183.000,15617,2622,CS,OC
10357,343550,OC,183.000,15619,1419,EC,OC
10358,463698,MBC,183.000,15621,2739,AD,MBC
10359,434823,BC,183.000,15622,4,PR,BC
10360,274034,MBC,183.000,15624,2739,EC,MBC
10361,225841,BC,183.000,15625,1211,AD,OC
10362,321087,BC,183.000,15626,1216,EC,OC
10363,398544,BC,183.000,15627,1113,CS,OC
10364,418887,MBC,183.000,15628,2007,CH,MBC
10365,322163,MBC,183.000,15629,1,MN,MBC
10366,401484,MBC,183.000,15630,2711,EC,OC
10367,217295,MBC,183.000,15631,5008,EL,MBC
10368,222713,SC,183.000,15633,1399,AM,SC
10369,349602,MBC,183.000,15634,1211,CH,OC
10370,249976,BC,183.000,15635,2377,ME,BC
10371,442933,BC,183.000,15638,4,PR,BC
10372,307709,BC,183.000,15639,1432,EC,BC
10373,243726,BC,183.000,15640,2718,EC,BC
10374,232730,BC,183.000,15642,2764,EC,BC
10375,256127,MBC,183.000,15643,1211,AD,MBC
10376,453793,MBC,183.000,15645,2005,ME,MBC
10377,417930,OC,183.000,15647,2764,EE,OC
10378,200131,MBC,183.000,15648,1216,CS,OC
10379,416664,BC,183.000,15650,1211,EC,BC
10380,297729,BC,183.000,15652,2718,AD,OC
10381,403527,BC,183.000,15653,2712,EI,BC
10382,295505,BC,183.000,15654,1504,CS,OC
10383,233320,BC,183.000,15655,2377,ME,BC
10384,395215,BC,183.000,15657,4981,CS,OC
10385,352573,BC,183.000,15658,1304,AM,OC
10386,381108,BC,183.000,15659,5910,CS,OC
10387,208767,BC,183.000,15660,2718,CS,OC
10388,285640,BCM,183.000,15661,2615,EE,BCM
10389,421324,BCM,183.000,15662,5008,CE,BCM
10390,298862,SC,183.000,15663,2007,AT,SC
10391,232239,SC,183.000,15664,2006,EY,SC
10392,222376,BCM,183.000,15666,2710,EC,OC
10393,227999,BC,183.000,15668,5901,IT,BC
10394,384649,SC,183.000,15669,2377,CS,SC
10395,447078,BC,183.000,15670,2719,AD,OC
10396,369811,BC,183.000,15671,2709,EC,OC
10397,272760,BC,183.000,15673,1211,AD,BC
10398,295916,BC,183.000,15677,2712,EE,BC
10399,211106,BC,183.000,15678,1450,CS,BC
10400,386459,MBC,183.000,15679,1,GI,MBC
10401,348874,BC,183.000,15680,2025,CS,BC
10402,387376,MBC,183.000,15681,1216,EC,OC
10403,419239,BC,183.000,15682,2702,EC,OC
10404,276647,SC,183.000,15683,2007,EM,SC
10405,374877,BC,183.000,15685,2377,ME,BC
10406,466087,OC,183.000,15686,1126,AD,OC
10407,205861,BC,183.000,15687,5008,CN,OC
10408,346983,MBC,183.000,15688,2712,MZ,OC
10409,308382,BC,183.000,15690,2764,IT,OC
10410,288183,BC,183.000,15693,2718,CS,OC
10411,477221,BC,183.000,15694,2005,ME,BC
10412,264312,BC,183.000,15697,2005,CE,BC
10413,229322,OC,183.000,15698,4962,CS,OC
10414,345502,SC,183.000,15699,2025,AD,SC
10415,265971,MBC,183.000,15700,1211,SC,MBC
10416,439244,BC,183.000,15703,2622,CS,OC
10417,324332,BC,183.000,15707,2769,FD,OC
10418,207150,MBC,183.000,15708,2739,AD,MBC
10419,484327,BC,183.000,15709,2329,AD,OC
10420,259709,BC,183.000,15712,2718,CS,OC
10421,256584,BC,183.000,15713,4,PR,BC
10422,238975,BC,183.000,15714,2718,CS,OC
10423,321534,BC,183.000,15716,2005,IB,OC
10424,315552,BCM,183.000,15717,2,PP,OC
10425,321610,BC,183.000,15718,2718,EC,BC
10426,233852,BC,183.000,15719,2718,CS,OC
10427,369899,MBC,183.000,15720A,1,MA,MBC
10428,396597,BC,183.000,15721,1211,EC,BC
10429,476000,MBC,183.000,15722,2007,CH,MBC
10430,263542,BC,183.000,15723,1304,EC,OC
10431,413348,BC,183.000,15724,1211,AL,BC
10432,211171,MBC,183.000,15725,5008,EL,MBC
10433,270113,BC,183.000,15726,1419,AM,OC
10434,322856,BC,183.000,15729,2702,CS,OC
10435,452413,BC,183.000,15731,2719,EC,OC
10436,263302,BC,183.000,15735,2739,CO,BC
10437,487735,SC,183.000,15736,2,CL,SC
10438,384137,BC,183.000,15738,2718,CS,OC
10439,414226,BC,183.000,15739,2718,CS,OC
10440,368772,BC,183.000,15744,2739,SC,BC
10441,418835,BC,183.000,15745,1399,BM,BC
10442,334398,MBC,183.000,15746,2718,AD,OC
10443,445407,MBC,183.000,15748,1450,CS,MBC
10444,226632,OC,183.000,15749,2718,CS,OC
10445,359408,BC,183.000,15750,1432,EC,BC
10446,277202,SC,183.000,15751,1399,CS,SC
10447,251665,BC,183.000,15752,3,BP,OC
10448,353060,BC,183.000,15753,2764,AD,OC
10449,244798,MBC,183.000,15755,2764,CS,MBC
10450,436680,BC,183.000,15756,2377,ME,BC
10451,307898,BC,183.000,15757,1304,CS,OC
10452,245024,BC,183.000,15759,2718,AD,OC
10453,419618,BC,183.000,15761,1211,AL,BC
10454,337709,MBC,183.000,15762,1304,EC,OC
10455,446684,BC,183.000,15765,2357,AD,OC
10456,429606,BC,183.000,15766,2711,EC,OC
10457,374798,MBC,183.000,15768,2764,EC,MBC
10458,447709,SC,183.000,15769,2005,EE,SC
10459,435080,BC,183.000,15770,2764,EV,OC
10460,341731,BC,183.000,15771,2709,EC,BC
10461,315833,MBC,183.000,15772,2377,EE,MBC
10462,229852,SC,183.000,15773,2005,ME,SC
10463,366190,BC,183.000,15774,2712,BT,BC
10464,349652,SC,183.000,15777,2,IB,SC
10465,496672,MBC,183.000,15778,4955,IT,OC
10466,395618,MBC,183.000,15779,2718,CS,OC
10467,281958,BC,183.000,15780,1304,CS,OC
10468,434869,BC,183.000,15782,2613,AD,OC
10469,239690,BC,183.000,15783,4020,CS,OC
10470,326417,BC,183.000,15784,2712,ME,OC
10471,353261,BC,183.000,15785,2764,AD,OC
10472,207873,MBC,183.000,15786,2005,ME,MBC
10473,427527,MBC,183.000,15788,5008,CW,MBC
10474,310501,SC,183.000,15791,2005,EE,SC
10475,260528,BC,183.000,15794,1211,CS,BC
10476,358085,BC,183.000,15796,2718,EC,BC
10477,263808,BC,183.000,15797,5986,CS,OC
10478,476072,BC,183.000,15798,1211,CS,BC
10479,444981,MBC,183.000,15799,5986,CS,OC
10480,229347,SC,183.000,15801,2006,EY,SC
10481,393274,MBC,183.000,15802,2653,AD,OC
10482,419747,BC,183.000,15804,2007,CH,BC
10483,351909,BC,183.000,15806,2764,IT,OC
10484,201609,BC,183.000,15807,2764,CS,BC
10485,398823,BC,183.000,15808,1211,IT,OC
10486,405015,BC,183.000,15810,2603,CS,OC
10487,479037,BC,183.000,15812,2764,EC,BC
10488,367890,BC,183.000,15814,2764,AD,OC
10489,257636,BCM,183.000,15817,2007,CE,BCM
10490,413430,BC,183.000,15818,2613,CS,OC
10491,206251,BC,183.000,15819,1211,SC,BC
10492,436766,MBC,183.000,15820,2718,CS,MBC
10493,289326,BC,183.000,15821,2712,EI,BC
10494,281139,BC,183.000,15822,1211,CS,BC
10495,213165,BC,183.000,15823,2702,EC,OC
10496,325286,BC,183.000,15824,1211,CS,BC
10497,468645,BC,183.000,15825,2329,AD,OC
10498,398991,MBC,183.000,15827,2739,AD,MBC
10499,335564,BC,183.000,15829,1399,BM,BC
10500,262208,BC,183.000,15830,2025,EC,BC
10501,306100,BC,183.000,15831,1211,CS,BC
10502,286711,BC,183.000,15838,2377,ME,BC
10503,277804,BC,183.000,15839,1216,AD,OC
10504,268479,BC,183.000,15840,1432,EC,BC
10505,207297,BCM,183.000,15841,1111,CS,OC
10506,220028,MBC,183.000,15842,2007,CE,MBC
10507,264801,BC,183.000,15843,1211,CS,BC
10508,206727,BC,183.000,15845,1419,CS,OC
10509,385399,MBC,183.000,15847,2005,ME,MBC
10510,462876,OC,183.000,15848,1126,AD,OC
10511,345960,BC,183.000,15850,2710,AD,OC
10512,269551,BC,183.000,15851,2005,CE,BC
10513,269408,MBC,183.000,15853,4974,EC,MBC
10514,420984,BC,183.000,15856,2702,IT,OC
10515,303341,BC,183.000,15859,2656,CS,OC
10516,269248,BC,183.000,15863,1450,AD,OC
10517,217819,BC,183.000,15864,1113,CS,OC
10518,237704,MBC,183.000,15865,3826,ME,OC
10519,294821,BC,183.000,15866,1211,EE,OC
10520,297468,BC,183.000,15867,1432,CS,BC
10521,266927,BC,183.000,15869A,1211,CS,BC
10522,328454,BC,183.000,15870,4,PR,BC
10523,248598,MBC,183.000,15871,2711,EC,OC
10524,254059,MBC,183.000,15872,2739,EC,MBC
10525,338216,BC,183.000,15873,1211,SC,BC
10526,260007,BC,183.000,15875,1516,CS,OC
10527,479444,OC,183.000,15878,1126,AD,OC
10528,212696,SC,183.000,15879,1399,EC,SC
10529,458360,BC,183.000,15881,2718,CS,BC
10530,423786,MBC,183.000,15882,2006,BY,MBC
10531,431812,BC,183.000,15883,5008,MG,BC
10532,382790,MBC,183.000,15884,5008,EU,MBC
10533,236164,BC,183.000,15888,1432,EC,BC
10534,468261,BC,183.000,15892,1111,CS,OC
10535,384463,BC,183.000,15893,2718,CS,BC
10536,476549,MBC,183.000,15894,1414,CS,OC
10537,491660,BC,183.000,15897,2745,ME,OC
10538,206651,BC,183.000,15898,1432,SC,OC
10539,246858,BC,183.000,15899,5986,CS,OC
10540,273241,BC,183.000,15900,2736,CS,OC
10541,236325,BC,183.000,15902,2764,AD,BC
10542,298887,BC,183.000,15905,1,MN,BC
10543,310377,MBC,183.000,15907,1110,EC,OC
10544,290725,BC,183.000,15910,2718,EC,BC
10545,238535,BC,183.000,15912,2706,EC,OC
10546,453930,BC,183.000,15913,4670,CE,OC
10547,331110,BC,183.000,15916,2764,AD,BC
10548,426446,BC,183.000,15917,2618,AD,OC
10549,324980,MBC,183.000,15918,1110,AM,OC
10550,459210,BC,183.000,15919,2764,CS,BC
10551,468208,MBC,183.000,15920,2329,AD,OC
10552,285749,BCM,183.000,15921,1304,AM,OC
10553,349792,SC,183.000,15922,5901,CS,SC
10554,245682,BC,183.000,15924,1113,CS,OC
10555,228268,SC,183.000,15926,2007,AT,SC
10556,250373,BCM,183.000,15928,2710,EE,OC
10557,204409,BC,183.000,15929,2710,CS,OC
10558,315064,BC,183.000,15930,1432,EC,BC
10559,200765,BC,183.000,15931,2764,CS,BC
10560,213143,BC,183.000,15933,2702,CS,OC
10561,399722,BC,183.000,15935,1432,EC,BC
10562,479918,MBC,183.000,15936,2622,CS,OC
10563,407741,MBC,183.000,15937,2764,EC,MBC
10564,260253,BC,183.000,15938,2710,EC,OC
10565,346053,MBC,183.000,15939,5,CH,OC
10566,206533,BC,183.000,15940,1,GI,BC
10567,266139,BC,183.000,15941,2377,CE,OC
10568,278044,MBC,183.000,15942,2718,CS,MBC
10569,492136,BC,183.000,15944,4974,CS,BC
10570,205832,MBC,183.000,15946,1432,AD,OC
10571,260670,BC,183.000,15947,1211,AL,BC
10572,238464,BC,183.000,15949,1432,EC,BC
10573,435789,MBC,183.000,15953,1304,CS,OC
10574,300044,SC,183.000,15954,5008,CM,SC
10575,338374,BC,183.000,15955,2007,CH,BC
10576,344522,BC,183.000,15956,1450,CS,BC
10577,295395,MBC,183.000,15957,2025,AD,MBC
10578,270388,OC,183.000,15958,2710,EC,OC
10579,203553,MBC,183.000,15959,1432,CS,MBC
10580,387247,MBC,183.000,15960,2603,ME,OC
10581,419532,MBC,183.000,15961,2704,AD,OC
10582,255650,MBC,183.000,15962,2702,AD,OC
10583,242599,BC,183.000,15964,2006,PR,BC
10584,405474,BCM,183.000,15965,1216,AL,OC
10585,473535,BC,183.000,15966,2718,CS,BC
10586,377059,MBC,183.000,15967,1,PT,OC
10587,321128,BC,183.000,15968,2764,EC,BC
10588,497954,OC,183.000,15971,2622,CS,OC
10589,374149,BC,183.000,15973,3701,CS,OC
10590,459023,OC,183.000,15974,1211,EE,OC
10591,402410,BC,183.000,15975,1399,BM,BC
10592,339062,BC,183.000,15976,5986,CS,OC
10593,275354,BC,183.000,15977,2718,CS,BC
10594,266059,BC,183.000,15978,1419,AD,OC
10595,465513,BCM,183.000,15979,2007,MF,BCM
10596,202441,BC,183.000,15980,2377,CE,BC
10597,286246,MBC,183.000,15983,2377,ME,MBC
10598,436921,MBC,183.000,15984,2739,EE,MBC
10599,370756,BCM,183.000,15986,3819,CS,OC
10600,447937,BC,183.000,15987,2739,EE,BC
10601,396426,MBC,183.000,15988,2718,CS,MBC
10602,308241,BC,183.000,15989,2750,CS,OC
10603,310183,BC,183.000,15990,2718,EC,BC
10604,398405,BC,183.000,15992,2718,CS,BC
10605,259934,SC,183.000,15995,2377,CS,SC
10606,278687,BC,183.000,15997,2005,CE,BC
10607,223656,OC,183.000,15998,1,PT,OC
10608,394304,BC,183.000,15999,2006,MS,BC
10609,370491,BC,183.000,16000,2764,IT,OC
10610,351714,BC,183.000,16004,1219,CS,OC
10611,481199,OC,183.000,16005,1126,AD,OC
10612,307938,BC,183.000,16006,1216,AL,OC
10613,377910,BC,183.000,16009,4,PR,BC
10614,214706,BC,183.000,16011,2007,CH,BC
10615,423551,BC,183.000,16012,4960,EE,OC
10616,267831,SC,183.000,16014,2718,IT,OC
10617,481215,OC,183.000,16015,1126,AD,OC
10618,239355,MBC,183.000,16016,2,PP,OC
10619,323818,BC,183.000,16017,2718,SC,OC
10620,224082,SC,183.000,16021,5008,CG,SC
10621,237440,BC,183.000,16022,5008,ME,BC
10622,342636,MBC,183.000,16023,2718,CS,MBC
10623,331834,BC,183.000,16024A,1432,CS,BC
10624,436174,BC,183.000,16026,5986,CS,OC
10625,218418,BC,183.000,16027,2764,IT,OC
10626,201729,BC,183.000,16028,2740,AD,OC
10627,386705,BC,183.000,16029,1211,IT,OC
10628,300670,SC,183.000,16031,4,AU,SC
10629,338359,SC,183.000,16032,1,GI,SC
10630,466995,BC,183.000,16033,2718,EC,BC
10631,229426,BC,183.000,16035,1304,EC,OC
10632,215731,BCM,183.000,16036,1216,EC,OC
10633,244888,BC,183.000,16037,1422,AD,OC
10634,481186,BC,183.000,16040,1211,IT,OC
10635,292202,MBC,183.000,16041,2005,CE,MBC
10636,386024,BC,182.667,16043,1210,CS,OC
10637,273218,BCM,182.500,16046,4974,EC,BCM
10638,424421,BC,182.500,16047,2718,EC,BC
10639,221439,BC,182.500,16050,1304,EC,OC
10640,479672,SC,182.500,16051,2329,AD,OC
10641,259589,BC,182.500,16053,1211,AD,BC
10642,316131,MBC,182.500,16054,2025,AD,MBC
10643,368421,BC,182.500,16055,1432,CS,BC
10644,368604,BC,182.500,16057,1211,AD,BC
10645,421906,BC,182.500,16058,2718,EC,BC
10646,222184,MBC,182.500,16059,1211,CS,MBC
10647,495075,SC,182.500,16060,2750,ME,OC
10648,285173,BC,182.500,16062,1211,AD,BC
10649,254064,MBC,182.500,16064,2739,AD,MBC
10650,347512,BC,182.500,16065,2751,CS,OC
10651,398397,BC,182.500,16067,2718,CS,BC
10652,323012,SC,182.500,16070,1399,SC,SC
10653,419336,BC,182.500,16072,2764,AD,BC
10654,320610,BC,182.500,16073,4944,EC,OC
10655,281781,MBC,182.500,16074,1419,AM,OC
10656,371140,BC,182.500,16076,2739,CB,OC
10657,312496,BC,182.500,16077,2025,CS,BC
10658,365098,BC,182.500,16078,1211,BT,OC
10659,239659,BC,182.500,16079,5901,EE,OC
10660,328908,BC,182.500,16081,2718,CS,BC
10661,439777,BC,182.500,16082,1,PT,OC
10662,264400,BC,182.500,16083,2702,EE,OC
10663,307792,BC,182.500,16085,2025,CS,BC
10664,327279,MBC,182.500,16086,2718,AM,MBC
10665,300918,BC,182.500,16087,1432,CS,BC
10666,458125,BC,182.500,16088,2630,EC,OC
10667,332774,SC,182.500,16089,5008,EM,SC
10668,421628,BC,182.500,16090,2329,AM,OC
10669,466175,BC,182.500,16091,5,IT,OC
10670,242449,BC,182.500,16092,2706,CS,OC
10671,292108,MBC,182.500,16094,1211,EC,MBC
10672,242515,MBC,182.500,16095,1399,IT,MBC
10673,461781,MBC,182.500,16096,2764,IT,OC
10674,335550,MBC,182.500,16098,1432,BT,OC
10675,347639,BC,182.500,16099,2702,EC,OC
10676,229909,BC,182.500,16100,1304,CS,OC
10677,258696,BCM,182.500,16101,5901,CE,OC
10678,205375,BC,182.500,16102,2718,CS,BC
10679,402292,BCM,182.500,16103,2718,CS,BCM
10680,264127,SC,182.500,16104,1219,AD,OC
10681,300218,MBC,182.500,16105,1450,AD,OC
10682,290433,BC,182.500,16106,1211,EE,OC
10683,359845,MBC,182.500,16107,2718,CS,MBC
10684,345049,SC,182.500,16109,2377,EC,SC
10685,481233,OC,182.500,16110,1126,CS,OC
10686,410133,MBC,182.500,16113,2709,EC,MBC
10687,249167,BC,182.500,16114,2764,AD,BC
10688,440627,MBC,182.500,16117,1408,AL,OC
10689,398384,BCM,182.500,16118,1211,SC,BCM
10690,429760,BC,182.500,16123,2739,ME,OC
10691,311452,MBC,182.500,16124,2005,ME,MBC
10692,324320,BC,182.500,16125,2718,SC,OC
10693,293321,BC,182.500,16126,1211,IT,OC
10694,478902,MBC,182.500,16128,2005,ME,MBC
10695,368832,BC,182.500,16132,5901,CE,OC
10696,281208,BC,182.500,16133,2711,CS,OC
10697,203756,MBC,182.500,16134,1211,IT,OC
10698,433030,BC,182.500,16135,1211,CS,BC
10699,363185,BC,182.500,16136,2718,AD,OC
10700,304286,OC,182.500,16137,2377,DA,OC
10701,317761,BC,182.500,16139,5008,CE,BC
10702,465364,MBC,182.500,16141,1408,EE,OC
10703,387711,BCM,182.500,16142,4,RP,OC
10704,209581,BC,182.500,16143,2710,CS,OC
10705,206797,SC,182.500,16144,2025,EC,SC
10706,342467,MBC,182.500,16145,2618,CS,OC
10707,376976,MBC,182.500,16148,2025,EC,MBC
10708,271339,MBC,182.500,16149,2764,AD,MBC
10709,209608,BC,182.500,16150,2377,ME,BC
10710,339876,SC,182.500,16151,2025,EC,SC
10711,500904,MBC,182.500,16152,2718,CS,MBC
10712,437870,MBC,182.500,16155,2709,CS,OC
10713,442570,BC,182.500,16156,2711,CS,OC
10714,354869,MBC,182.500,16157,2617,AD,OC
10715,271832,MBC,182.500,16158,2603,CS,OC
10716,384887,BC,182.500,16159,2702,CS,OC
10717,339614,BC,182.500,16160,2005,IB,OC
10718,380284,BC,182.500,16163,2764,EV,OC
10719,321348,BC,182.500,16164,2750,EC,OC
10720,431602,MBC,182.500,16165,1211,EC,MBC
10721,375321,OC,182.500,16166,1211,IT,OC
10722,438144,SC,182.500,16167,2615,EC,SC
10723,269042,MBC,182.500,16168,2025,EC,MBC
10724,465768,BC,182.500,16170,2718,AM,BC
10725,404182,BC,182.500,16172,3011,CS,OC
10726,271879,BC,182.500,16173,4678,CS,OC
10727,413766,MBC,182.500,16174,2710,CS,OC
10728,407835,OC,182.500,16175,2702,AD,OC
10729,252443,BC,182.500,16176,2718,AD,OC
10730,379228,MBC,182.500,16177,2006,IY,MBC
10731,254677,BC,182.500,16179,2710,CS,OC
10732,434032,MBC,182.500,16180,1211,AD,MBC
10733,349052,BC,182.500,16182,2025,AD,BC
10734,488789,MBC,182.500,16183,1399,AD,MBC
10735,315726,BC,182.500,16184,1432,CS,BC
10736,236806,BC,182.500,16185,2764,EC,BC
10737,338533,BC,182.500,16187,2723,BM,OC
10738,394811,BC,182.500,16188,4974,EE,OC
10739,364886,BC,182.500,16189,2750,CS,OC
10740,420237,MBC,182.500,16190,3801,EC,OC
10741,319026,BC,182.500,16191,3830,AM,OC
10742,435925,MBC,182.500,16192,1419,AD,OC
10743,357679,SC,182.500,16193,1399,EC,SC
10744,452129,MBC,182.500,16194,2377,EE,MBC
10745,318797,BC,182.500,16195,1216,SC,OC
10746,375018,BC,182.500,16196,2739,CB,OC
10747,375027,OC,182.500,16197,2718,SC,OC
10748,212502,BC,182.500,16199,1211,CS,BC
10749,333863,BC,182.500,16200,2025,CS,BC
10750,294357,BC,182.500,16202,1432,ME,OC
10751,237230,BC,182.500,16203,2764,EC,BC
10752,371198,MBC,182.500,16204,1432,AD,OC
10753,348007,MBC,182.500,16205,1111,CS,OC
10754,402536,BC,182.500,16206,2764,SC,BC
10755,287640,BC,182.500,16207,1317,EC,OC
10756,265314,BC,182.500,16208,1432,AD,OC
10757,340827,OC,182.500,16209,2702,CS,OC
10758,435880,BC,182.500,16210,2622,CS,OC
10759,332132,BC,182.500,16211,2718,EC,BC
10760,218617,BC,182.500,16212,5910,EC,OC
10761,431257,BC,182.500,16213,1317,EC,OC
10762,430442,BC,182.500,16215,2712,MZ,OC
10763,263354,BC,182.500,16218,2718,AD,OC
10764,461257,BC,182.500,16219,2764,SC,BC
10765,361249,MBC,182.500,16221,1,PT,OC
10766,280117,BCM,182.500,16222,1113,CS,OC
10767,416538,BCM,182.500,16223,2006,MT,BCM
10768,245444,BC,182.500,16224,1432,CS,BC
10769,285596,BC,182.500,16225,2718,CS,BC
10770,245432,BC,182.500,16226,2718,CS,BC
10771,232849,BC,182.500,16227,2708,EC,OC
10772,467376,OC,182.500,16229,2007,CL,OC
10773,353906,BC,182.500,16231,4971,AD,OC
10774,429495,BC,182.500,16232,1211,AD,BC
10775,270627,BC,182.500,16234,2736,EE,OC
10776,262159,BC,182.500,16235,2706,SC,OC
10777,285921,BC,182.500,16237,4962,CS,OC
10778,239185,BC,182.500,16238,2718,EC,BC
10779,436824,BC,182.500,16239,2764,AD,BC
10780,407203,BC,182.500,16240,1211,IT,OC
10781,386168,MBC,182.500,16241,2005,ME,MBC
10782,366110,BC,182.500,16243,1432,CS,BC
10783,320990,MBC,182.500,16245,2736,EC,OC
10784,205772,BC,182.500,16247,1113,CS,OC
10785,351773,BC,182.500,16248,2702,EC,OC
10786,263559,BC,182.500,16250,2709,CS,OC
10787,328868,BC,182.500,16251,2005,ME,BC
10788,457888,BC,182.500,16253,2718,EC,BC
10789,272775,BC,182.500,16254,1,MN,BC
10790,204683,BC,182.500,16255,2764,AD,BC
10791,429784,MBC,182.500,16256,2622,AD,OC
10792,204278,SC,182.500,16257,1399,CS,SC
10793,409916,BC,182.500,16258,2764,EC,BC
10794,389351,BC,182.500,16259,2764,EC,BC
10795,252105,SC,182.500,16260,2006,CE,SC
10796,314228,BC,182.500,16262,1216,AD,OC
10797,246857,OC,182.500,16264,2718,SC,OC
10798,388129,MBC,182.500,16265,1211,EC,MBC
10799,352671,BC,182.500,16267,2718,EC,BC
10800,373280,BC,182.500,16268,2718,EC,BC
10801,352295,BC,182.500,16270,2718,CS,BC
10802,424577,MBC,182.500,16271,2702,AD,OC
10803,364439,BC,182.500,16272,2718,AD,OC
10804,430015,SC,182.500,16273,1,MI,SC
10805,301187,BC,182.500,16275,1211,AD,BC
10806,332056,BC,182.500,16276,1432,CS,BC
10807,221048,BC,182.500,16277,1304,CS,OC
10808,402341,BC,182.500,16278,2006,AS,OC
10809,344023,BC,182.500,16279,3011,EC,OC
10810,278809,SC,182.500,16281,1399,EC,SC
10811,248285,BC,182.500,16282,1432,CS,BC
10812,299106,BC,182.500,16283,4974,CS,BC
10813,244066,MBC,182.500,16285,2377,RI,MBC
10814,355261,SC,182.500,16286,1399,EC,SC
10815,463463,OC,182.500,16287,1126,AD,OC
10816,252907,BC,182.500,16288,2718,CS,BC
10817,204975,BC,182.500,16289,1211,EE,OC
10818,498364,MBC,182.500,16290,1126,EC,OC
10819,293670,MBC,182.500,16292,1432,SC,OC
10820,350170,MBC,182.500,16293,1216,AL,OC
10821,393775,BC,182.500,16294,4974,CS,BC
10822,306923,SC,182.500,16295,5008,EM,SC
10823,460888,MBC,182.500,16296,2718,EC,MBC
10824,426111,MBC,182.500,16300,2718,EC,MBC
10825,265142,BC,182.500,16301,1211,AD,BC
10826,498706,BC,182.500,16302,4974,EC,BC
10827,294695,MBC,182.500,16304,2025,CS,MBC
10828,461884,BC,182.500,16306,2712,ME,OC
10829,281659,BC,182.500,16307,1216,EC,OC
10830,228603,BC,182.500,16309,2739,CB,OC
10831,305887,BC,182.500,16310,2601,IT,OC
10832,351171,BC,182.500,16311,2603,CS,OC
10833,303851,BC,182.500,16313,2610,BT,OC
10834,340938,BC,182.500,16316,1422,CS,OC
10835,379631,BC,182.500,16317,2718,SC,OC
10836,228264,BC,182.500,16319,1211,IT,OC
10837,214025,BC,182.500,16320,3011,CS,OC
10838,280905,MBC,182.500,16321,2764,EC,MBC
10839,329930,BC,182.500,16322,5008,MG,BC
10840,348946,BC,182.500,16324,2702,EC,OC
10841,384308,SC,182.500,16325,3805,CS,OC
10842,380148,BCM,182.500,16326,2025,EC,BCM
10843,332065,BC,182.500,16330,2725,AD,OC
10844,283530,MBC,182.500,16331,1450,CS,MBC
10845,268536,BC,182.500,16333,2718,AD,OC
10846,224297,BC,182.500,16337,2615,EE,BC
10847,316780,BC,182.500,16339,3806,CS,OC
10848,285026,BC,182.500,16340,5008,CE,BC
10849,470347,BC,182.500,16341,1113,EC,OC
10850,259316,BC,182.500,16342,1304,EC,OC
10851,405753,BC,182.500,16343,4971,CS,OC
10852,309923,BC,182.500,16344,2718,CS,BC
10853,313219,BC,182.500,16347,5986,AD,OC
10854,435968,MBC,182.500,16349,1211,IT,OC
10855,473652,BC,182.500,16350,2711,EC,OC
10856,218325,SC,182.500,16354,1399,EC,SC
10857,433456,BC,182.500,16355,2005,ME,BC
10858,208456,BC,182.500,16356,2764,AD,BC
10859,268881,BC,182.500,16357,1432,EC,BC
10860,434242,MBC,182.500,16358,1408,CS,OC
10861,407403,MBC,182.500,16359,2710,CS,OC
10862,285902,SC,182.500,16360,5901,EE,OC
10863,369684,BC,182.500,16362,2739,ME,OC
10864,347243,MBC,182.500,16363,2709,CS,OC
10865,352036,BC,182.500,16364,3011,CS,OC
10866,210808,MBC,182.500,16366,2718,EC,MBC
10867,371239,BC,182.500,16368,1,XC,BC
10868,264594,BCM,182.500,16370,1399,ME,BCM
10869,224133,OC,182.500,16371,4955,CS,OC
10870,204991,SC,182.500,16372,2712,AD,SC
10871,380058,MBC,182.500,16374,1216,EC,OC
10872,465477,BC,182.500,16375,4974,EC,BC
10873,231651,BC,182.500,16378,2718,CS,BC
10874,356902,BC,182.500,16379,2005,CE,BC
10875,311479,BCM,182.500,16382,2329,AD,OC
10876,249766,MBC,182.500,16385,1,MN,MBC
10877,452693,MBC,182.500,16386,1219,CS,OC
10878,335710,MBC,182.500,16388,2615,EE,MBC
10879,266243,BC,182.500,16390,2718,EC,BC
10880,252908,MBC,182.500,16393,2718,EC,MBC
10881,449074,BC,182.500,16394,1211,BT,OC
10882,302512,MBC,182.500,16396,2377,CE,MBC
10883,359648,BC,182.500,16397,2764,CS,BC
10884,276814,BC,182.500,16399,1,GI,BC
10885,478598,MBC,182.500,16400,2764,CS,MBC
10886,223618,OC,182.500,16401,1219,ME,OC
10887,419244,BC,182.500,16402,1211,AD,BC
10888,452763,MBC,182.500,16403,2007,ME,MBC
10889,366389,BC,182.500,16404,2712,MZ,BC
10890,344744,BC,182.500,16405,2710,CS,OC
10891,291534,BC,182.500,16407,2603,CS,OC
10892,439357,BC,182.500,16408,3920,CS,OC
10893,228912,BC,182.500,16409,2711,CS,OC
10894,323230,BC,182.500,16410,1211,AL,BC
10895,477773,BC,182.500,16411,2702,AD,OC
10896,288823,BC,182.500,16412,1432,CS,BC
10897,291362,OC,182.500,16413,3819,EC,OC
10898,376901,MBC,182.500,16418,2718,EC,MBC
10899,346935,MBC,182.500,16419,3807,CS,OC
10900,351368,MBC,182.500,16420,1408,CS,OC
10901,396160,BC,182.500,16421,1432,CS,BC
10902,368778,MBC,182.500,16422,2718,CS,MBC
10903,430062,BC,182.500,16423,1413,CS,OC
10904,362538,MBC,182.500,16425,2369,CS,OC
10905,369868,OC,182.500,16426,1137,CS,OC
10906,362061,BC,182.500,16427,2718,CS,BC
10907,405553,BC,182.500,16428,2718,EC,BC
10908,465126,MBC,182.500,16429,1419,CE,OC
10909,360229,MBC,182.500,16430,1211,EC,MBC
10910,310953,BC,182.500,16431,2615,MT,OC
10911,200717,BCM,182.500,16432,2005,EI,BCM
10912,239280,BCM,182.500,16434,4020,CS,OC
10913,456259,BC,182.500,16437,2710,EC,OC
10914,222735,SC,182.500,16439,5008,CM,SC
10915,436734,BC,182.500,16440,2718,CS,BC
10916,417816,BC,182.500,16441,2702,CS,OC
10917,294259,OC,182.500,16443,4962,AD,OC
10918,363415,MBC,182.500,16445,2764,CS,MBC
10919,330883,BC,182.500,16446,1424,AD,OC
10920,259375,SC,182.500,16448,2708,FD,OC
10921,202510,BC,182.500,16449,3819,CS,OC
10922,250693,MBC,182.500,16451,2719,CS,OC
10923,269105,BC,182.500,16452,1113,ME,OC
10924,226718,BC,182.500,16453,1211,AD,BC
10925,365020,MBC,182.500,16454,1419,CS,OC
10926,430130,BC,182.500,16455,2764,CS,BC
10927,427882,SC,182.500,16456,5008,EE,SC
10928,253572,BC,182.500,16457,1219,EC,OC
10929,286814,OC,182.500,16462,1211,EE,OC
10930,284965,BC,182.500,16464,2736,CS,OC
10931,331043,BC,182.500,16468,1432,CS,BC
10932,411979,BC,182.500,16469,1317,EC,OC
10933,235188,BC,182.500,16470,1219,AD,OC
10934,444863,BC,182.500,16472,2718,CS,BC
10935,232322,BCM,182.500,16474,2706,EC,OC
10936,308381,SC,182.500,16475,1399,CS,SC
10937,433087,BC,182.500,16476,4672,AD,OC
10938,443215,BC,182.500,16477,1432,CS,BC
10939,343054,BC,182.500,16478,1219,EC,OC
10940,396406,MBC,182.500,16479,1399,CE,MBC
10941,221633,BC,182.500,16480,1304,AM,OC
10942,383444,BC,182.500,16481,4,PR,BC
10943,314365,BC,182.500,16484,2718,AD,OC
10944,325293,BCM,182.500,16485,4971,SC,OC
10945,232813,BC,182.500,16486,1432,CS,BC
10946,412430,BCM,182.500,16487,1432,AD,OC
10947,372936,BC,182.500,16488,2739,CB,BC
10948,419388,MBC,182.500,16489,2653,CS,OC
10949,445132,BC,182.500,16491,1399,ME,BC
10950,408032,BCM,182.500,16492,1432,AD,OC
10951,372471,MBC,182.500,16493,2006,IY,MBC
10952,329629,MBC,182.500,16496,2710,EC,OC
10953,278583,BCM,182.500,16497,1432,CO,OC
10954,297913,BC,182.500,16498,2718,CS,BC
10955,384482,BC,182.500,16500,1419,EC,OC
10956,220253,BC,182.500,16508,2711,CS,OC
10957,347135,BC,182.500,16509,1432,AM,BC
10958,206873,BC,182.500,16511,2764,IT,OC
10959,391861,BCM,182.500,16512,5901,CS,BCM
10960,497351,BC,182.500,16516,1,GI,BC
10961,382712,BC,182.500,16517,2710,EC,OC
10962,274708,BC,182.500,16518,2764,SC,BC
10963,424056,BC,182.500,16519,2622,CS,OC
10964,210825,BC,182.500,16520,2764,SC,BC
10965,228991,MBC,182.500,16521,1216,CS,OC
10966,369849,BC,182.500,16522,2711,EC,OC
10967,498062,BC,182.500,16524,2718,SC,OC
10968,229519,OC,182.500,16525,1219,AD,OC
10969,261695,BCM,182.500,16527,5901,EE,OC
10970,343901,BC,182.500,16528,1211,AL,BC
10971,437011,BC,182.500,16529,1219,AD,OC
10972,355188,BC,182.500,16531,2764,EC,BC
10973,381700,MBC,182.500,16532,1210,CS,OC
10974,409099,BC,182.500,16533,5901,EE,OC
10975,205374,SC,182.500,16535,2005,ME,SC
10976,390505,BC,182.500,16536,1211,CS,BC
10977,221410,MBC,182.500,16538,2007,CE,MBC
10978,372510,BC,182.500,16539,1211,IT,OC
10979,248132,BC,182.500,16540,2718,CS,BC
10980,443739,BC,182.500,16541,2615,EE,BC
10981,253960,BC,182.500,16543,1419,EC,OC
10982,209696,MBC,182.500,16545,1216,CS,OC
10983,283318,BCM,182.500,16547,5910,CS,OC
10984,376929,MBC,182.500,16549,1211,EC,MBC
10985,360261,MBC,182.500,16550,2750,EC,OC
10986,463109,MBC,182.500,16551,2005,EI,MBC
10987,293020,SCA,182.500,16557,2006,IM,SCA
10988,219998,BC,182.500,16560,1111,CS,OC
10989,247991,OC,182.500,16563,4962,CS,OC
10990,208175,BC,182.500,16564,2764,EC,BC
10991,239680,BC,182.500,16565,1219,EC,OC
10992,381128,BC,182.500,16567,2764,SC,BC
10993,429442,SC,182.500,16568,4,PR,SC
10994,335709,SC,182.500,16569,1,IE,SC
10995,490558,SC,182.500,16570,2377,AD,SC
10996,415878,BC,182.500,16571,5008,ME,BC
10997,255002,MBC,182.500,16572,4974,CS,MBC
10998,209797,BC,182.500,16573,1113,CS,OC
10999,206648,BC,182.500,16574,1399,ME,BC
11000,202265,BC,182.500,16576,1211,CS,BC
11001,445137,MBC,182.500,16578,1211,CS,MBC
11002,293781,MBC,182.500,16579,2005,CE,MBC
11003,297947,BC,182.500,16580,2711,CS,OC
11004,264153,BC,182.500,16581,5910,CS,OC
11005,420660,BC,182.500,16582,1211,EE,OC
11006,317707,BC,182.500,16583,1211,AL,BC
11007,278219,BCM,182.500,16584,1424,AM,OC
11008,228968,BC,182.500,16585,2718,CS,BC
11009,446614,BC,182.500,16587,2712,BT,BC
11010,206882,MBC,182.500,16588,2712,MZ,MBC
11011,247006,BC,182.500,16590,2736,CS,OC
11012,388817,BC,182.500,16591,1112,AM,OC
11013,269705,MBC,182.500,16592,4960,CS,OC
11014,238810,MBC,182.500,16593,5008,CW,MBC
11015,400498,BC,182.500,16594,2710,EC,OC
11016,465249,MBC,182.500,16595,1432,EC,MBC
11017,397205,MBC,182.500,16596,1450,AD,OC
11018,301575,SC,182.500,16597,1,IE,SC
11019,205350,BC,182.500,16599,2718,AM,BC
11020,484783,BC,182.500,16600,1432,CO,OC
11021,458381,MBC,182.500,16601,2005,ME,MBC
11022,232142,MBC,182.500,16602,1211,EC,MBC
11023,204477,BC,182.500,16603,2,IS,BC
11024,353035,MBC,182.500,16606,1419,EI,OC
11025,216942,BC,182.500,16607,1432,EC,BC
11026,242238,MBC,182.500,16612,1211,AL,MBC
11027,258103,BC,182.500,16613,2718,CS,BC
11028,343337,SC,182.500,16614,1399,EC,SC
11029,230937,BC,182.500,16615,1422,CS,OC
11030,270238,MBC,182.500,16618,2710,AD,OC
11031,377826,BC,182.500,16620,2718,CS,BC
11032,333131,MBC,182.500,16621,2005,CE,MBC
11033,426592,BC,182.500,16622,4020,EC,OC
11034,307290,SC,182.500,16623,2615,EC,SC
11035,489656,BC,182.500,16624,2673,EC,OC
11036,396226,BC,182.500,16625,2007,CE,BC
11037,231090,BC,182.500,16627,1211,AD,BC
11038,418729,BC,182.500,16628,1211,ME,OC
11039,250964,BC,182.500,16629,2718,AD,OC
11040,205303,MBC,182.500,16631,1304,CS,OC
11041,285183,BC,182.500,16632,2712,ME,OC
11042,348602,BC,182.500,16633,1216,EC,OC
11043,221450,BC,182.500,16636,1211,EC,BC
11044,430610,MBC,182.500,16640,2006,BY,MBC
11045,290821,BC,182.500,16642,1211,EC,BC
11046,291230,BC,182.500,16643,2764,EC,BC
11047,253877,BC,182.500,16645,5986,CS,OC
11048,456793,SCA,182.500,16646,4,AE,SCA
11049,312858,MBC,182.500,16648,2739,AD,MBC
11050,408611,MBC,182.500,16649,1110,IT,OC
11051,486186,MBC,182.500,16650,2745,CS,OC
11052,445510,SCA,182.500,16651,2006,IM,SCA
11053,490817,BC,182.500,16652,2622,CS,OC
11054,242870,OC,182.500,16654,1211,EE,OC
11055,424408,OC,182.500,16655,1432,EV,OC
11056,350551,BC,182.500,16659,2711,EC,OC
11057,322334,MBC,182.500,16660,2005,CE,MBC
11058,468672,SCA,182.500,16662,2329,AD,OC
11059,384560,SC,182.500,16663,2615,CS,SC
11060,241528,BC,182.500,16666,2615,EE,BC
11061,369607,BC,182.500,16667,2718,CS,BC
11062,229454,BC,182.500,16668,1432,SC,OC
11063,208440,OC,182.500,16670,1219,CS,OC
11064,396411,BCM,182.500,16671,1450,EC,BCM
11065,410852,BC,182.500,16674,1304,AM,OC
11066,231287,BC,182.500,16677,1432,SC,OC
11067,350958,MBC,182.500,16678,5901,EE,OC
11068,371527,SC,182.500,16679,5008,EC,SC
11069,327753,BC,182.500,16686,1450,AD,OC
11070,267997,BC,182.500,16687,1211,CS,BC
11071,268109,BC,182.500,16688,2712,ME,OC
11072,421978,BC,182.500,16689,2712,EI,BC
11073,286575,MBC,182.500,16690,2718,CS,MBC
11074,206116,MBC,182.500,16691,2764,AD,MBC
11075,216635,BC,182.500,16692,2711,CS,OC
11076,434829,MBC,182.500,16693,2712,AD,MBC
11077,263611,BC,182.500,16694,1216,CS,OC
11078,394403,BC,182.500,16695,2764,AD,BC
11079,235332,SC,182.500,16697,2007,EM,SC
11080,284385,MBC,182.500,16698,5901,IT,MBC
11081,458099,BC,182.500,16699,1211,SC,BC
11082,312060,MBC,182.500,16700,1432,CS,MBC
11083,211659,BC,182.500,16701,2718,CS,BC
11084,499005,BC,182.500,16702,4670,AD,OC
11085,244510,MBC,182.500,16705,1399,AD,MBC
11086,403981,MBC,182.500,16706,2718,CS,MBC
11087,263983,MBC,182.500,16707,2710,CS,OC
11088,308326,MBC,182.500,16708,2718,CS,MBC
11089,276923,BC,182.500,16709,4974,EC,BC
11090,422653,MBC,182.500,16710,2712,AD,MBC
11091,378791,MBC,182.500,16711,1013,SC,OC
11092,258562,BC,182.500,16713,1110,AM,OC
11093,341332,BC,182.500,16714,2622,CS,OC
11094,253317,MBC,182.500,16715,1211,EC,MBC
11095,257635,BCM,182.500,16716,4,AU,BCM
11096,217740,BC,182.500,16717,1450,EC,BC
11097,390385,MBC,182.500,16718,2006,BY,MBC
11098,221736,BC,182.500,16720,5901,IT,BC
11099,290789,SC,182.500,16722,1399,CS,SC
11100,481224,OC,182.500,16723,1126,AD,OC
11101,483104,SCA,182.500,16725,2776,SC,OC
11102,408983,MBC,182.500,16727,1211,AL,MBC
11103,300577,MBC,182.500,16728,1432,CS,MBC
11104,405531,BCM,182.500,16731,1432,CO,OC
11105,381521,BC,182.500,16732,2718,AD,OC
11106,417713,BC,182.500,16736,1317,EC,OC
11107,260369,MBC,182.500,16737,1,GI,MBC
11108,221424,MBC,182.500,16739,1128,CS,OC
11109,445197,BC,182.500,16743,1211,IT,OC
11110,340952,SC,182.500,16744,2007,EE,SC
11111,267968,BC,182.500,16744A,2006,MS,BC
11112,261186,BC,182.500,16745,1216,AD,OC
11113,414923,MBC,182.500,16746,2611,EC,OC
11114,249924,MBC,182.500,16747,1,MN,MBC
11115,346737,BC,182.500,16748,2718,CS,BC
11116,309881,BC,182.500,16749,1450,CS,BC
11117,397460,BC,182.500,16750,2718,CS,BC
11118,417645,BC,182.500,16751,1504,EE,OC
11119,215025,SCA,182.500,16752,4,IM,SCA
11120,269631,SC,182.500,16755,5008,EC,SC
11121,344037,MBC,182.500,16756,2764,EC,MBC
11122,303225,MBC,182.500,16758,2615,ME,OC
11123,241738,BC,182.500,16760,1211,EC,BC
11124,372940,BC,182.500,16761,2764,IT,OC
11125,273027,MBC,182.500,16764,3795,AD,OC
11126,361994,SC,182.500,16765,1399,CS,SC
11127,211029,MBC,182.500,16766,2710,CS,OC
11128,348322,MBC,182.500,16769,2708,EC,OC
11129,245412,BC,182.500,16771,2764,CS,BC
11130,244677,MBC,182.500,16772,2712,BT,MBC
11131,426734,SC,182.500,16774,4974,EC,SC
11132,253308,SCA,182.500,16775,4,EM,SCA
11133,479286,BC,182.500,16776,2377,ME,BC
11134,336970,BCM,182.500,16777,2,PM,OC
11135,282447,BC,182.500,16778,1211,AD,BC
11136,349214,BC,182.500,16779,2005,CE,BC
11137,381516,BCM,182.500,16781,1424,AD,OC
11138,250234,MBC,182.500,16782A,2006,BY,MBC
11139,260997,BC,182.500,16785,1,PT,OC
11140,233636,MBC,182.500,16788,2739,AD,MBC
11141,204576,BC,182.500,16790,2711,CS,OC
11142,385015,BC,182.500,16791,2718,CS,BC
11143,290284,BC,182.500,16792,2712,EI,BC
11144,312576,BCM,182.500,16793,5986,CS,OC
11145,222820,BC,182.500,16794,2718,AD,OC
11146,321376,BC,182.500,16795,1,PT,OC
11147,265886,BCM,182.500,16797,2764,EC,BCM
11148,435282,BC,182.500,16798,1419,AM,OC
11149,405939,BC,182.500,16799,2718,EC,BC
11150,266510,ST,182.500,16800,5008,CS,ST
11151,354960,BC,182.500,16802,5901,ME,OC
11152,265068,BC,182.500,16804,5008,ME,BC
11153,290135,MBC,182.500,16805,1516,CS,OC
11154,477804,MBC,182.500,16807,2329,AD,OC
11155,249918,BC,182.500,16810,2712,EI,BC
11156,247248,BC,182.500,16812,1216,AD,OC
11157,309410,BC,182.500,16813,2025,CS,BC
11158,277131,MBC,182.500,16815,1211,IT,OC
11159,438011,SC,182.500,16818,2712,IT,SC
11160,289094,SC,182.500,16819,1399,AM,SC
11161,237820,MBC,182.500,16820,1399,AD,MBC
11162,429525,MBC,182.500,16821,1432,EV,OC
11163,222822,BC,182.500,16823,1211,CS,BC
11164,442243,MBC,182.500,16826,2711,AD,OC
11165,331674,BCM,182.500,16828,1,MI,BCM
11166,346505,MBC,182.500,16830,2718,CS,MBC
11167,368376,BC,182.500,16831,1219,EC,OC
11168,484809,BC,182.500,16834,1317,EC,OC
11169,260614,BC,182.500,16835,1432,EC,BC
11170,434236,MBC,182.500,16837,1211,IT,OC
11171,273754,BC,182.500,16838,1432,EC,BC
11172,337399,BC,182.500,16840,2764,AD,BC
11173,408807,BC,182.500,16842,2007,CL,OC
11174,359681,BC,182.500,16843,2656,IT,OC
11175,200280,OC,182.500,16845,4962,CS,OC
11176,381408,SCA,182.380,16846A,2615,CS,SCA
11177,200815,SC,182.333,16848,2377,CS,SC
11178,490487,BC,182.250,16849,2615,EE,BC
11179,222174,BC,182.000,16852,2750,CS,OC
11180,345156,BC,182.000,16854,2764,CS,BC
11181,357077,BC,182.000,16855,2718,IT,OC
11182,463735,BC,182.000,16856,2710,EC,OC
11183,332793,BC,182.000,16858,1211,IT,OC
11184,381540,MBC,182.000,16859,2764,EC,MBC
11185,255357,BC,182.000,16860,2706,CS,OC
11186,345490,BC,182.000,16861,3830,ME,OC
11187,359901,BC,182.000,16862,2709,EC,BC
11188,355239,MBC,182.000,16863,2349,EC,OC
11189,355333,BC,182.000,16865,3011,AM,OC
11190,408815,BC,182.000,16867,2711,CS,OC
11191,275554,MBC,182.000,16868,1,GI,MBC
11192,297737,BC,182.000,16869,5008,ME,BC
11193,268842,BC,182.000,16872,5008,MF,OC
11194,426267,BC,182.000,16873,2764,AD,BC
11195,385188,SC,182.000,16874,5901,CS,SC
11196,208405,BC,182.000,16875,2718,CS,BC
11197,251040,BCM,182.000,16876,1211,IT,OC
11198,256318,BC,182.000,16878,2739,CB,BC
11199,211309,BC,182.000,16879,1211,AD,BC
11200,225583,BC,182.000,16880,2702,EC,OC
11201,202114,BC,182.000,16881,1211,CS,BC
11202,259135,OC,182.000,16882,1317,EC,OC
11203,304462,MBC,182.000,16883,2603,CS,OC
11204,285308,BC,182.000,16884,2702,EC,OC
11205,366812,SC,182.000,16885,2,FS,SC
11206,401072,MBC,182.000,16886,2710,CS,OC
11207,404979,MBC,182.000,16887,2622,AD,OC
11208,253214,MBC,182.000,16888,2702,EC,OC
11209,205694,BC,182.000,16889,2706,CS,OC
11210,308536,BC,182.000,16890,2709,EC,BC
11211,324810,SC,182.000,16891,2005,IT,SC
11212,369898,BC,182.000,16892,2603,EC,OC
11213,233361,BC,182.000,16894,2711,CS,OC
11214,247052,BC,182.000,16896,2764,AD,BC
11215,383874,MBC,182.000,16897,1,IE,MBC
11216,205160,BCM,182.000,16898,2377,ME,BCM
11217,358391,BC,182.000,16899,2736,EC,OC
11218,297329,BC,182.000,16900,2718,CS,BC
11219,320173,BC,182.000,16902,5912,CS,OC
11220,349265,MBC,182.000,16904,2613,SC,OC
11221,411709,BC,182.000,16906,5901,IT,BC
11222,262743,MBC,182.000,16907,3011,AM,OC
11223,311527,BC,182.000,16908,2615,CE,OC
11224,225756,MBC,182.000,16909,1504,SC,OC
11225,384119,BC,182.000,16910,2711,CS,OC
11226,213821,BC,182.000,16911,2706,AM,OC
11227,427171,MBC,182.000,16912,2618,AM,OC
11228,350270,BC,182.000,16914,2718,CS,BC
11229,464954,MBC,182.000,16915,5008,ME,MBC
11230,344982,BC,182.000,16916,1317,AL,OC
11231,255962,BC,182.000,16919,2718,AD,OC
11232,412594,SC,182.000,16922,1399,CS,SC
11233,497862,MBC,182.000,16923,2750,EC,OC
11234,348044,MBC,182.000,16924,2718,EC,MBC
11235,478764,MBC,182.000,16925,5008,CW,MBC
11236,336321,BC,182.000,16926,2711,CS,OC
11237,403961,BC,182.000,16927,1219,CS,OC
11238,206446,BC,182.000,16928,2764,SC,BC
11239,201520,BC,182.000,16930,1219,EC,OC
11240,324735,BC,182.000,16931,1450,IT,OC
11241,385658,BC,182.000,16934,2006,PN,OC
11242,283420,MBC,182.000,16935,1211,EC,MBC
11243,315428,BC,182.000,16936,2709,IT,OC
11244,295470,MBC,182.000,16937,1432,EC,MBC
11245,366218,MBC,182.000,16938,2764,CS,MBC
11246,360203,MBC,182.000,16939,2739,CB,MBC
11247,220556,BC,182.000,16941,1450,CS,BC
11248,472584,SC,182.000,16942,4,AU,SC
11249,376887,BC,182.000,16945,1432,EC,BC
11250,332907,MBC,182.000,16946,2007,CE,MBC
11251,201671,BC,182.000,16948,2718,CS,BC
11252,261988,MBC,182.000,16949,2764,CS,MBC
11253,324894,BC,182.000,16950,1111,CS,OC
11254,234464,BC,182.000,16951,2750,CS,OC
11255,317039,MBC,182.000,16952,2710,EE,OC
11256,378497,MBC,182.000,16954,2005,CE,MBC
11257,215227,BCM,182.000,16955,1113,CS,OC
11258,419621,BC,182.000,16957,2025,AD,BC
11259,393324,MBC,182.000,16958,4955,CS,OC
11260,348509,BC,182.000,16959,2702,CS,OC
11261,351167,BC,182.000,16961,2006,PN,OC
11262,317808,MBC,182.000,16962,1432,SC,MBC
11263,362105,BCM,182.000,16965,3804,AD,OC
11264,281303,SC,182.000,16966,1113,CS,OC
11265,370131,BC,182.000,16967,3011,CS,OC
11266,427417,BC,182.000,16968,1211,AD,BC
11267,213665,MBC,182.000,16969,1216,CS,OC
11268,221606,SC,182.000,16971,1399,AD,SC
11269,351063,BC,182.000,16972,2710,EC,OC
11270,290800,BC,182.000,16973,2702,CS,OC
11271,266702,MBC,182.000,16974,1210,AL,OC
11272,330609,BC,182.000,16975,4,PR,BC
11273,417616,MBC,182.000,16977,1450,CS,MBC
11274,292973,BC,182.000,16981,1211,AD,BC
11275,212520,MBC,182.000,16982,1399,AD,MBC
11276,364255,BCM,182.000,16983,1211,AD,BCM
11277,419178,SC,182.000,16984,2007,AT,SC
11278,460111,MBC,182.000,16985,2005,ME,MBC
11279,311624,MBC,182.000,16989,1219,CS,OC
11280,444747,BC,182.000,16991,2739,CO,BC
11281,272549,BC,182.000,16992,1219,EC,OC
11282,361960,BC,182.000,16993,2718,AD,OC
11283,395235,MBC,182.000,16994,1216,CS,OC
11284,284312,BC,182.000,16995,3011,EC,OC
11285,485438,MBC,182.000,16996,3807,CS,OC
11286,253016,BC,182.000,16997,4,RP,OC
11287,252235,BC,182.000,17000,1211,CS,BC
11288,324398,BC,182.000,17001,2718,EC,BC
11289,292671,BC,182.000,17002,2702,EC,OC
11290,366778,BC,182.000,17004,2739,CB,BC
11291,256447,BC,182.000,17006,2,PP,OC
11292,352408,MBC,182.000,17007,1211,EC,MBC
11293,242960,BC,182.000,17008,1211,EE,OC
11294,394273,BC,182.000,17009,2603,EC,OC
11295,305170,SC,182.000,17010,2377,CS,SC
11296,262305,BC,182.000,17011,2764,AD,BC
11297,208519,OC,182.000,17012,2702,EC,OC
11298,435148,BC,182.000,17013,2718,CS,BC
11299,217889,BC,182.000,17014,2718,CS,BC
11300,368710,MBC,182.000,17015,1211,EC,MBC
11301,340782,BC,182.000,17016,2707,EC,OC
11302,435177,MBC,182.000,17018,1211,IT,OC
11303,322765,BC,182.000,17019,2736,AD,OC
11304,271556,BC,182.000,17020,2764,AM,BC
11305,249651,BC,182.000,17022,1,MI,BC
11306,412955,BC,182.000,17023,2,FS,BC
11307,443423,OC,182.000,17024,2706,EC,OC
11308,211872,BC,182.000,17025,1304,EC,OC
11309,384946,MBC,182.000,17026,2006,MT,MBC
11310,246717,BC,182.000,17027,4917,CB,OC
11311,479808,SC,182.000,17029,2377,CS,SC
11312,414047,MBC,182.000,17030,2751,AD,OC
11313,261080,BC,182.000,17032,2718,CS,BC
11314,256957,BC,182.000,17033,4971,EC,OC
11315,237803,BC,182.000,17034,2006,AS,OC
11316,202278,OC,182.000,17038,1211,CB,OC
11317,346335,SC,182.000,17039,2739,CS,SC
11318,368991,MBC,182.000,17040,4974,EC,MBC
11319,362619,BC,182.000,17041,1211,AL,BC
11320,273894,BC,182.000,17043,5910,EC,OC
11321,327754,BC,182.000,17044,1211,IT,OC
11322,261241,BC,182.000,17050,2718,CS,BC
11323,305711,BC,182.000,17051,1211,CS,BC
11324,289266,BC,182.000,17052,1,MN,BC
11325,236903,MBC,182.000,17054,1399,IT,MBC
11326,394746,BC,182.000,17055,5901,CE,OC
11327,392758,BC,182.000,17056,2603,EC,OC
11328,263149,BC,182.000,17057,1422,CS,OC
11329,467320,BC,182.000,17058,2776,SC,OC
11330,388336,BC,182.000,17060,2615,CE,OC
11331,385986,MBC,182.000,17061,2718,EC,MBC
11332,279849,BC,182.000,17062,5986,CS,OC
11333,373476,MBC,182.000,17063,2711,AL,OC
11334,259073,BC,182.000,17064,2005,IB,OC
11335,260286,BC,182.000,17065,1211,IT,OC
11336,412485,BC,182.000,17067,2723,BM,OC
11337,351517,MBC,182.000,17068,2007,ME,MBC
11338,496133,BC,182.000,17069,2622,CS,OC
11339,336350,MBC,182.000,17070,4974,EC,MBC
11340,368074,BC,182.000,17071,2718,EC,BC
11341,419584,SC,182.000,17072,2005,EE,SC
11342,346646,SC,182.000,17073,2025,EC,SC
11343,204181,MBC,182.000,17074,1211,AD,MBC
11344,234438,BC,182.000,17075,1216,AL,OC
11345,244756,BC,182.000,17077,1304,SC,OC
11346,316917,MBC,182.000,17078,2377,IC,MBC
11347,487201,MBC,182.000,17079,1211,EC,MBC
11348,445272,BC,182.000,17080,2764,CS,BC
11349,334930,BC,182.000,17081,2739,CO,BC
11350,305011,BC,182.000,17084,2710,CS,OC
11351,346359,BC,182.000,17085,2764,IT,OC
11352,252292,BC,182.000,17086,4960,EC,OC
11353,237810,MBC,182.000,17087,1303,AD,OC
11354,217413,MBC,182.000,17088,1432,CS,MBC
11355,339639,BCM,182.000,17089,4974,EE,OC
11356,408404,BC,182.000,17090,4,PR,BC
11357,349823,SC,182.000,17091,1,IE,SC
11358,289897,BC,182.000,17092,1432,CS,BC
11359,261133,MBC,182.000,17093,5901,EE,OC
11360,377429,MBC,182.000,17094,4,AU,MBC
11361,309057,SC,182.000,17095,1311,AO,OC
11362,405986,BC,182.000,17096,2718,CS,BC
11363,233977,BC,182.000,17100,1216,EC,OC
11364,285772,BC,182.000,17101,1399,ME,BC
11365,289774,BC,182.000,17103,4974,EC,BC
11366,333050,BC,182.000,17104,5008,ID,OC
11367,452134,BC,182.000,17106,2710,IT,OC
11368,266154,MBC,182.000,17107,1211,EC,MBC
11369,216973,MBC,182.000,17108,1216,AL,OC
11370,459365,SC,182.000,17111,1,MA,SC
11371,340431,BC,182.000,17113,3011,EC,OC
11372,329209,MBC,182.000,17114,2739,CS,MBC
11373,243403,BC,182.000,17115,1111,IT,OC
11374,216692,MBC,182.000,17116,2710,CS,MBC
11375,218545,MBC,182.000,17118,1211,AD,MBC
11376,335639,MBC,182.000,17119,2750,EV,OC
11377,395848,BC,182.000,17120,1113,CA,OC
11378,466251,BC,182.000,17121,2718,AD,OC
11379,315149,BC,182.000,17123,2750,AM,BC
11380,283908,BC,182.000,17124,2718,AD,OC
11381,444004,BC,182.000,17125,2603,CS,OC
11382,333786,MBC,182.000,17127,2603,CS,OC
11383,268496,BCM,182.000,17129,1317,CS,OC
11384,323814,BC,182.000,17130,4974,EC,BC
11385,334987,BC,182.000,17131,2603,CS,BC
11386,293513,MBC,182.000,17132,2764,EC,MBC
11387,366604,BC,182.000,17133,2764,IT,OC
11388,238508,BC,182.000,17134,1211,IT,OC
11389,337002,BC,182.000,17135,1211,EC,BC
11390,216294,OC,182.000,17137,2603,EC,OC
11391,316526,BC,182.000,17138,2750,AD,OC
11392,242422,BC,182.000,17139,2025,CS,BC
11393,384030,BCM,182.000,17145,5910,CS,OC
11394,337620,MBC,182.000,17147,1211,AD,MBC
11395,431833,BC,182.000,17148,1399,ME,BC
11396,488914,BC,182.000,17149,2706,AD,OC
11397,264860,BC,182.000,17150,1211,CS,BC
11398,246444,BC,182.000,17152,4960,CS,OC
11399,216298,MBC,182.000,17153,1399,IT,MBC
11400,437968,BC,182.000,17154,2718,CS,BC
11401,286287,BC,182.000,17155,1432,AM,BC
11402,222254,BC,182.000,17157,1219,CS,OC
11403,366173,SC,182.000,17159,2712,CS,SC
11404,243982,BC,182.000,17160,2,FS,BC
11405,467238,BCM,182.000,17163,2751,CB,OC
11406,230133,BC,182.000,17165,5901,EE,OC
11407,427745,BC,182.000,17167,2377,ME,BC
11408,376907,BC,182.000,17168,1211,AD,BC
11409,304275,BC,182.000,17169,4676,AD,OC
11410,452968,BC,182.000,17170,1211,CS,BC
11411,400015,BC,182.000,17174,1516,CS,OC
11412,200338,BC,182.000,17179,1219,CS,OC
11413,409462,BCM,182.000,17180,2710,SC,BCM
11414,445645,MBC,182.000,17181,2709,IT,OC
11415,307211,BC,182.000,17187,5010,AM,OC
11416,328386,OC,182.000,17188,1304,IT,OC
11417,329429,MBC,182.000,17189,2718,EC,MBC
11418,226358,MBC,182.000,17190,1211,BT,OC
11419,213619,BC,182.000,17191,2710,EC,OC
11420,227843,BCM,182.000,17193,1304,CS,OC
11421,201647,OC,182.000,17194,1216,AD,OC
11422,418058,MBC,182.000,17196,2377,ME,MBC
11423,461560,BC,182.000,17197,3464,CS,OC
11424,255956,BC,182.000,17199,5910,EC,OC
11425,298566,OC,182.000,17200,5008,MF,OC
11426,403362,MBC,182.000,17201,2025,AD,MBC
11427,251454,BC,182.000,17202,2702,AD,OC
11428,336926,MBC,182.000,17204,3011,CS,OC
11429,220569,SC,182.000,17205,2007,IM,SC
11430,273014,BC,182.000,17206,2750,AM,BC
11431,383471,BC,182.000,17207,2718,CS,BC
11432,208271,BC,182.000,17208,1432,EC,BC
11433,216525,MBC,182.000,17211,5008,CW,MBC
11434,390755,MBC,182.000,17212,2025,AD,MBC
11435,474495,BC,182.000,17213,2739,CO,BC
11436,370103,BC,182.000,17214,4974,EC,BC
11437,244422,BC,182.000,17215,2718,CS,BC
11438,442647,BC,182.000,17216,2739,EE,BC
11439,226682,BC,182.000,17217,1432,EC,BC
11440,259745,BC,182.000,17218,2622,AM,OC
11441,388758,MBC,182.000,17220,1211,CS,MBC
11442,409503,BCM,182.000,17221,1216,CS,OC
11443,217343,BCM,182.000,17223,2,PP,OC
11444,251560,BC,182.000,17224,2764,IT,OC
11445,378507,SC,182.000,17225,2615,EC,SC
11446,227263,SC,182.000,17227,1399,CS,SC
11447,440695,BC,182.000,17228,2718,IT,OC
11448,378527,BC,182.000,17229,2712,MZ,BC
11449,468461,MBC,182.000,17230,2329,AD,OC
11450,365028,BCM,182.000,17231,1432,AD,OC
11451,475969,BC,182.000,17232,2329,AD,OC
11452,354759,MBC,182.000,17233,2718,CS,MBC
11453,305068,SCA,182.000,17234,1399,AD,SCA
11454,212378,BCM,182.000,17235,2377,ME,BCM
11455,336157,BC,182.000,17236,4962,EC,OC
11456,413996,BCM,182.000,17237,4974,EC,BCM
11457,326979,MBC,182.000,17239,3826,EC,OC
11458,281685,BC,182.000,17240,1432,SC,BC
11459,267902,SC,182.000,17241,5008,EE,SC
11460,208102,BC,182.000,17243,1211,EC,BC
11461,416955,BC,182.000,17244,1219,EC,OC
11462,241516,BCM,182.000,17245,1211,IT,OC
11463,327212,SC,182.000,17246,2025,CS,SC
11464,302995,BC,182.000,17247,3807,CS,OC
11465,255115,MBC,182.000,17248,2377,EE,MBC
11466,366512,BC,182.000,17250,2702,EC,OC
11467,254607,BC,182.000,17252,2377,CE,BC
11468,407705,BC,182.000,17253,2718,EC,BC
11469,249017,BC,182.000,17254,1304,CS,OC
11470,319981,BCM,182.000,17255,2709,CF,OC
11471,424466,BC,182.000,17257,2718,IT,OC
11472,410332,BC,182.000,17258,1,XC,BC
11473,363516,BC,182.000,17259,1432,CS,BC
11474,425437,BC,182.000,17260,1516,CS,OC
11475,371710,BC,182.000,17261,1450,IT,OC
11476,200460,BC,182.000,17263,2764,CS,BC
11477,339691,MBC,182.000,17265,2712,IT,MBC
11478,440540,OC,182.000,17267,2718,IT,OC
11479,409618,BC,182.000,17268,1211,EC,BC
11480,298040,BC,182.000,17269,2705,AD,OC
11481,320305,MBC,182.000,17271,2764,CS,MBC
11482,397073,BC,182.000,17272,1211,IT,OC
11483,211159,BC,182.000,17273,2718,IT,OC
11484,211754,BC,182.000,17275,2718,CS,BC
11485,270949,OC,182.000,17276,4,RP,OC
11486,399294,MBC,182.000,17278,2006,MS,MBC
11487,274772,MBC,182.000,17280,2718,CS,MBC
11488,368064,MBC,182.000,17281,3807,EC,OC
11489,463020,BC,182.000,17285,2025,EC,BC
11490,445341,BC,182.000,17287,3701,EC,OC
11491,318459,BC,182.000,17288,1216,SC,OC
11492,418236,SC,182.000,17289,1399,AM,SC
11493,336560,BC,182.000,17290,1211,CS,BC
11494,366012,BC,182.000,17291,1304,EC,OC
11495,465647,BC,182.000,17292,1211,CS,BC
11496,366055,BC,182.000,17294,1211,IT,OC
11497,348295,BC,182.000,17296,2708,CS,OC
11498,445761,SC,182.000,17301,3804,IT,OC
11499,436138,BC,182.000,17302,2710,CS,BC
11500,366621,SC,182.000,17305,2006,RA,SC
11501,254279,BC,182.000,17306,2764,EV,OC
11502,206480,MBC,182.000,17308A,1211,CS,MBC
11503,322176,BC,182.000,17311,1211,IT,OC
11504,398580,BC,182.000,17312,3011,BT,OC
11505,261063,MBC,182.000,17313,4678,IT,OC
11506,488540,BC,182.000,17315,2622,CS,OC
11507,387676,BCM,182.000,17317,1211,CS,BCM
11508,385009,SC,182.000,17320,1399,EC,SC
11509,237043,MBC,182.000,17321,1304,AD,OC
11510,202656,BC,182.000,17322,5986,CS,OC
11511,332089,BC,182.000,17324,2723,AD,OC
11512,415468,MBC,182.000,17325,2712,BT,MBC
11513,458012,BC,182.000,17326,1304,EC,OC
11514,449871,OC,182.000,17328,1216,CS,OC
11515,295929,BC,182.000,17330,1211,AE,OC
11516,434153,MBC,182.000,17333,2005,CE,MBC
11517,222310,BC,182.000,17335,3819,CS,OC
11518,202019,BC,182.000,17336,3819,CS,OC
11519,331908,BC,182.000,17338,1304,CS,OC
11520,275736,BC,182.000,17339,5986,CS,OC
11521,401021,BC,182.000,17341,2005,ME,BC
11522,328574,BC,182.000,17342,3011,EC,OC
11523,460836,BC,182.000,17344,2702,EC,OC
11524,324957,BC,182.000,17345,1211,IT,OC
11525,297349,BC,182.000,17346,5986,CS,OC
11526,297862,BC,182.000,17350,2702,CS,OC
11527,274716,BC,182.000,17351,2711,EC,OC
11528,426614,BC,182.000,17352,2712,EI,BC
11529,313058,BC,182.000,17353,1432,EC,BC
11530,373032,SC,182.000,17354,1412,AD,OC
11531,473912,BC,182.000,17355,2723,CS,OC
11532,210245,BC,182.000,17356,2377,ME,BC
11533,369481,BC,182.000,17358,2764,IT,OC
11534,276245,BC,182.000,17359,2706,CS,OC
11535,228946,BC,182.000,17360,1432,AD,OC
11536,351124,BC,182.000,17361,1216,CS,OC
11537,448949,OC,182.000,17362,1219,EE,OC
11538,478693,BC,182.000,17366,1211,CS,BC
11539,247273,MBC,182.000,17367,1408,EC,OC
11540,491791,SCA,182.000,17368,2613,AD,OC
11541,281430,BC,182.000,17371,1219,EC,OC
11542,366516,MBC,182.000,17372,2377,EE,MBC
11543,338254,BC,182.000,17373,2718,CS,BC
11544,400001,MBC,182.000,17374,2710,SC,MBC
11545,216806,SC,182.000,17375,2,IS,SC
11546,216380,BC,182.000,17377,2,FS,BC
11547,247493,BC,182.000,17380,2718,AD,OC
11548,467334,BC,182.000,17383,1211,EC,BC
11549,226528,BC,182.000,17384,2736,CS,OC
11550,263795,BC,182.000,17385,1211,EC,BC
11551,426583,BC,182.000,17386,2711,EC,OC
11552,485848,BC,182.000,17387,2710,AD,OC
11553,333116,MBC,182.000,17388,1432,EC,MBC
11554,313882,BC,182.000,17390,2,PM,OC
11555,209123,BC,182.000,17391,2718,EC,BC
11556,262250,BC,182.000,17392,2702,EC,OC
11557,451455,BC,182.000,17394,1432,EC,BC
11558,352318,SC,182.000,17395,2006,CE,SC
11559,224213,BCM,182.000,17396,1211,EC,BCM
11560,462304,BC,182.000,17399,2764,EC,BC
11561,454190,BC,182.000,17401,2718,SC,OC
11562,448419,BC,182.000,17402,2718,CS,BC
11563,437728,BC,182.000,17404,1211,CS,BC
11564,202400,BC,182.000,17406,5986,CS,OC
11565,429938,MBC,182.000,17407,2736,CS,OC
11566,276846,BC,182.000,17408,2005,ME,BC
11567,252978,BC,182.000,17409,2007,CE,BC
11568,326481,MBC,182.000,17412,1211,EC,MBC
11569,203333,BC,182.000,17414,1216,CS,OC
11570,245274,MBC,182.000,17415,4,PR,MBC
11571,245028,BC,182.000,17416,2718,CS,BC
11572,420672,SC,182.000,17417,1399,AD,SC
11573,385881,BC,182.000,17420,2702,CS,OC
11574,279112,BC,182.000,17422,2718,AD,OC
11575,495919,BC,182.000,17424,2622,CS,OC
11576,356416,MBC,182.000,17425,1432,CS,MBC
11577,331023,BC,182.000,17426,1304,AM,OC
11578,245402,OC,182.000,17427,2719,AD,OC
11579,352944,MBC,182.000,17428,1211,CH,OC
11580,420645,BC,182.000,17429,2764,EE,OC
11581,224240,MBC,182.000,17431,2739,CO,MBC
11582,396095,BC,182.000,17432,2702,EC,OC
11583,348278,BC,182.000,17433,2005,CE,BC
11584,342686,BC,182.000,17434,2707,CS,OC
11585,361714,BC,182.000,17435,2718,SC,OC
11586,381704,BC,182.000,17438,5008,CN,OC
11587,490375,OC,182.000,17439,2711,CS,OC
11588,232832,BC,182.000,17441,2711,CS,OC
11589,246941,BC,182.000,17443,2712,EI,BC
11590,425775,BC,182.000,17444,5986,SC,OC
11591,444046,BC,182.000,17446,2750,EC,OC
11592,411702,MBC,182.000,17447,2025,AD,MBC
11593,234104,BC,182.000,17448,2718,AM,BC
11594,280755,BC,182.000,17450,1211,CS,BC
11595,350493,BC,182.000,17451,2764,IT,OC
11596,354124,MBC,182.000,17452,2718,CS,MBC
11597,437793,MBC,182.000,17453,1211,EC,MBC
11598,205658,BC,182.000,17454,5008,MF,OC
11599,336444,MBC,182.000,17455,2710,EC,OC
11600,243854,MBC,182.000,17457,1211,EC,MBC
11601,419360,MBC,182.000,17458,2709,CF,OC
11602,283759,BC,182.000,17460,1216,SC,OC
11603,366495,BC,182.000,17461,2764,EC,BC
11604,311775,BCM,182.000,17462,1211,EC,BCM
11605,294574,SC,182.000,17463,5901,CS,SC
11606,242509,BC,182.000,17464,2377,ME,BC
11607,300051,BC,182.000,17465,1216,AD,OC
11608,293904,BC,182.000,17466,1,MI,BC
11609,368334,BC,182.000,17467,2718,CS,BC
11610,302857,MBC,182.000,17468,2712,AD,MBC
11611,201893,BC,182.000,17472,1211,AD,BC
11612,417682,BC,182.000,17474,2006,MY,OC
11613,404164,BCM,182.000,17475,2739,AD,BCM
11614,426031,MBC,182.000,17476,2005,CE,MBC
11615,442969,MBC,182.000,17477,1306,CS,OC
11616,338812,BC,182.000,17478,2706,CS,OC
11617,222823,BC,182.000,17479,5901,EE,OC
11618,467561,OC,182.000,17480,1126,AD,OC
11619,364321,BC,182.000,17481,2025,AD,BC
11620,295575,BC,182.000,17482,3011,AM,OC
11621,481262,OC,182.000,17486,1126,EC,OC
11622,295179,MBC,182.000,17487,1432,CS,MBC
11623,278075,MBC,182.000,17488,1432,CS,MBC
11624,463623,BC,182.000,17489,2711,CS,OC
11625,416499,BC,182.000,17492,1,PT,BC
11626,377544,MBC,182.000,17494,1399,EE,MBC
11627,279369,BC,182.000,17495,2025,CS,BC
11628,390534,BC,182.000,17497,5986,CS,OC
11629,357371,MBC,182.000,17498,2702,EC,OC
11630,471406,MBC,182.000,17499,2025,EC,MBC
11631,278607,BC,182.000,17500,2718,AD,OC
11632,380780,BC,182.000,17500A,2007,CL,BC
11633,415620,MBC,182.000,17502,2025,AD,MBC
11634,445967,BC,182.000,17503,4974,EC,BC
11635,304714,MBC,182.000,17504,1399,BM,MBC
11636,327258,MBC,182.000,17507,2739,EC,MBC
11637,251898,MBC,182.000,17508,1219,CS,OC
11638,394750,BC,182.000,17509,2764,CB,OC
11639,264434,BC,182.000,17510,4960,CS,OC
11640,416201,BC,182.000,17511,2702,CS,OC
11641,490036,MBC,182.000,17512,2745,EC,OC
11642,205097,SC,182.000,17513,1399,CS,SC
11643,412041,BC,182.000,17516,2723,AD,OC
11644,344845,BC,182.000,17517,4,PR,BC
11645,367214,MBC,182.000,17518,2006,MT,MBC
11646,216614,BC,182.000,17519,1432,AD,OC
11647,347654,BC,182.000,17520,1219,EC,OC
11648,357718,BC,182.000,17521,2739,CO,BC
11649,422428,MBC,182.000,17522,5008,CW,MBC
11650,366046,BCM,182.000,17524,1304,CS,OC
11651,344844,MBC,182.000,17525,4,AU,MBC
11652,225672,MBC,182.000,17527,1211,EC,MBC
11653,235096,BC,182.000,17529,5901,EE,OC
11654,479823,MBC,182.000,17530,2710,ME,OC
11655,222894,BC,182.000,17535,2718,MZ,OC
11656,320318,BC,182.000,17537,1422,CY,OC
11657,203314,MBC,182.000,17539,2750,BT,OC
11658,228630,BC,182.000,17540,1432,AD,OC
11659,327901,BCM,182.000,17541,1432,SC,BCM
11660,494633,MBC,182.000,17543,2,IB,MBC
11661,419903,BC,182.000,17544,2709,CS,OC
11662,218036,MBC,182.000,17545,1399,ME,MBC
11663,481243,OC,182.000,17546,1126,AD,OC
11664,208053,MBC,182.000,17547,2710,CS,MBC
11665,467069,BC,182.000,17548,2656,CS,OC
11666,383121,MBC,182.000,17549,1432,AD,OC
11667,282335,MBC,182.000,17550,3465,CS,OC
11668,391352,BC,182.000,17551,2764,CS,BC
11669,404558,MBC,182.000,17555,1516,EC,OC
11670,279534,SC,182.000,17556,2007,EM,SC
11671,366562,MBC,182.000,17557,2718,CS,MBC
11672,359552,BC,182.000,17558,4974,EC,BC
11673,256242,MBC,182.000,17559,2764,EC,MBC
11674,266071,BC,182.000,17560,2712,BT,BC
11675,384564,MBC,182.000,17562,5901,EC,MBC
11676,287231,BC,182.000,17564,1211,IT,OC
11677,328217,OC,182.000,17565,1211,CB,OC
11678,215328,MBC,182.000,17566,1211,AD,MBC
11679,402552,BC,182.000,17567,1304,AD,OC
11680,290225,MBC,182.000,17568,1432,EC,MBC
11681,210460,BC,182.000,17572,2007,CL,BC
11682,286409,BC,182.000,17575,2718,EC,BC
11683,382284,BC,182.000,17576,2718,CS,BC
11684,432521,BCM,182.000,17577,5008,ME,BCM
11685,417877,BC,182.000,17578,1111,CS,OC
11686,315621,BC,182.000,17579,2005,PR,OC
11687,249777,BC,182.000,17582,2764,EC,BC
11688,435382,BC,182.000,17585,2005,CE,BC
11689,483345,MBC,182.000,17586,2329,AD,OC
11690,273523,BCM,182.000,17587,1211,CS,BCM
11691,321524,OC,182.000,17589,1450,IT,OC
11692,285773,BC,182.000,17590,2736,AD,OC
11693,374309,BCM,182.000,17591,2,FS,BCM
11694,296865,MBC,182.000,17593,3804,IT,OC
11695,480393,BC,182.000,17594,2,PP,OC
11696,323077,SC,182.000,17597,5901,CS,SC
11697,210391,OC,182.000,17599,2702,CS,OC
11698,238086,BC,182.000,17601,2,IS,BC
11699,200201,BC,182.000,17603,1,XC,BC
11700,397502,BCM,182.000,17604,3011,AM,OC
11701,299488,BC,182.000,17606,5901,EE,OC
11702,442512,MBC,182.000,17607,2718,AD,OC
11703,262546,SC,182.000,17608,1399,CS,SC
11704,427386,BCM,182.000,17609,5921,CS,OC
11705,395439,MBC,182.000,17612,2710,CS,MBC
11706,360301,MBC,182.000,17613,1419,AM,OC
11707,210397,OC,182.000,17614,4,RP,OC
11708,247623,BCM,182.000,17616,2706,CS,OC
11709,310236,OC,182.000,17617,1211,BT,OC
11710,268647,BC,182.000,17618,1414,CS,OC
11711,374280,BC,182.000,17619,1211,IT,OC
11712,338407,MBC,182.000,17620,1399,IT,MBC
11713,376262,SC,182.000,17623,1399,ME,SC
11714,341809,BC,182.000,17624,2718,AD,OC
11715,336963,BC,182.000,17625,2764,CS,BC
11716,266098,BC,182.000,17626,4954,AD,OC
11717,457545,BC,182.000,17633,1,XM,BC
11718,344720,BCM,182.000,17639,1432,EC,BCM
11719,268506,BC,182.000,17640,2723,AM,OC
11720,254515,BC,182.000,17641,2712,CE,OC
11721,479465,OC,182.000,17642,1126,AD,OC
11722,468220,MBC,182.000,17644,1422,AD,OC
11723,390039,MBC,182.000,17645,2007,MF,MBC
11724,430718,MBC,182.000,17646,5842,AD,OC
11725,461037,MBC,182.000,17649,1211,IT,OC
11726,316168,MBC,182.000,17651,2710,CS,MBC
11727,289586,MBC,182.000,17652,1211,IT,OC
11728,426309,BC,182.000,17652A,2718,CS,BC
11729,353232,SC,182.000,17653,2615,EC,SC
11730,426992,BC,182.000,17654,2025,CS,BC
11731,371833,BC,182.000,17655,1211,IT,OC
11732,389657,BC,182.000,17658,2622,CS,OC
11733,334314,BC,182.000,17661,2007,MF,BC
11734,407675,BC,182.000,17662,2718,AD,OC
11735,280891,BC,182.000,17666,1432,EC,BC
11736,488844,MBC,182.000,17668A,2,IB,MBC
11737,230193,OC,182.000,17669,2702,EC,OC
11738,296733,BCM,182.000,17671,1450,CS,BCM
11739,216191,BC,182.000,17673,4,PR,BC
11740,243352,MBC,182.000,17676,2377,EE,MBC
11741,367246,BCM,182.000,17678,2739,AD,BCM
11742,356864,MBC,182.000,17680,2718,CS,MBC
11743,245137,MBC,182.000,17681,2739,EE,MBC
11744,370798,MBC,182.000,17683,1,MI,MBC
11745,429283,MBC,182.000,17684,2709,EC,MBC
11746,430313,BC,182.000,17685,1304,AD,OC
11747,380982,SC,182.000,17686,2708,AE,OC
11748,490732,OC,182.000,17687,1216,AL,OC
11749,299195,BC,182.000,17688,1211,EC,BC
11750,452116,BC,182.000,17690,1211,SC,BC
11751,300565,MBC,182.000,17691,2712,IT,MBC
11752,230001,BC,182.000,17695,2712,ME,OC
11753,441307,MBC,182.000,17697,1432,EC,MBC
11754,400656,BC,182.000,17698,5902,EE,OC
11755,442014,MBC,182.000,17699,2712,EE,MBC
11756,295477,BC,182.000,17703,1431,EC,OC
11757,439026,BC,182.000,17704,2718,CS,BC
11758,482842,MBC,182.000,17705,2750,ME,MBC
11759,482360,BC,181.890,17706,1126,AD,OC
11760,428437,BC,181.667,17708,2006,AS,OC
11761,476774,BC,181.530,17711,2718,CS,BC
11762,204863,BC,181.500,17712,2007,MF,BC
11763,413497,BC,181.500,17713,1399,ME,BC
11764,445531,BC,181.500,17714,2712,BT,BC
11765,242980,BC,181.500,17715,2710,CS,BC
11766,203552,MBC,181.500,17716,4962,CS,OC
11767,225847,MBC,181.500,17717,1219,EC,OC
11768,470319,BC,181.500,17718,2764,EV,OC
11769,452067,MBC,181.500,17719,2,IB,MBC
11770,383806,BC,181.500,17720,2718,AD,OC
11771,345218,BC,181.500,17721,2615,ME,OC
11772,260862,BC,181.500,17725,2718,SC,OC
11773,289015,BC,181.500,17727,5008,MF,OC
11774,250119,BC,181.500,17728,4023,EC,OC
11775,226062,MBC,181.500,17729,2005,CE,MBC
11776,325686,MBC,181.500,17730,2702,EC,OC
11777,438007,MBC,181.500,17731,5901,EC,MBC
11778,289264,BC,181.500,17733,1432,EC,BC
11779,443556,BCM,181.500,17734,4962,CS,OC
11780,455032,BC,181.500,17736,3803,CS,OC
11781,239642,MBC,181.500,17739,5008,CW,MBC
11782,347036,BC,181.500,17741,1120,CS,OC
11783,332663,BC,181.500,17742,2764,IT,OC
11784,410319,MBC,181.500,17743,2739,SC,MBC
11785,378734,OC,181.500,17745,2764,IT,OC
11786,435467,MBC,181.500,17746,1219,CS,OC
11787,367588,MBC,181.500,17748,4,PR,MBC
11788,278911,BCM,181.500,17750,2712,CS,BCM
11789,371454,ST,181.500,17752,2006,IM,ST
11790,343367,BC,181.500,17753,2706,CS,OC
11791,202254,MBC,181.500,17754,2712,AE,MBC
11792,256502,BC,181.500,17757,2739,CB,BC
11793,482174,MBC,181.500,17758,1216,CS,OC
11794,218238,BC,181.500,17759,1432,EC,BC
11795,270132,MBC,181.500,17760,1211,EC,MBC
11796,436222,MBC,181.500,17761,2712,EI,MBC
11797,330568,BC,181.500,17762,2,IS,BC
11798,423171,MBC,181.500,17763,2710,EC,OC
11799,427579,MBC,181.500,17763A,2377,EE,MBC
11800,217076,BC,181.500,17765,2702,EC,OC
11801,426962,BC,181.500,17766,2608,CS,OC
11802,372880,BCM,181.500,17767,1408,CS,OC
11803,374597,BC,181.500,17768,1399,BM,BC
11804,372649,BC,181.500,17769,3830,AD,OC
11805,279361,BCM,181.500,17772,1211,AD,BCM
11806,403437,MBC,181.500,17773,2750,EC,OC
11807,298022,BC,181.500,17774,2750,AD,OC
11808,280844,BC,181.500,17777,5010,EC,OC
11809,375436,OC,181.500,17779,2706,CS,OC
11810,246048,BC,181.500,17780,4959,EC,OC
11811,275188,BC,181.500,17784,5986,CS,OC
11812,332344,BC,181.500,17785,1,MN,BC
11813,405493,BCM,181.500,17786,2607,AD,OC
11814,330255,BC,181.500,17789,2764,CS,BC
11815,361789,BC,181.500,17790,1219,CS,OC
11816,246781,BC,181.500,17791,1450,AD,OC
11817,355298,BC,181.500,17792,2739,CO,BC
11818,229232,BC,181.500,17793,2739,CO,BC
11819,390120,BC,181.500,17794,5901,IT,BC
11820,285569,BC,181.500,17796,2702,AD,OC
11821,320667,MBC,181.500,17797,2377,ME,MBC
11822,410576,BC,181.500,17798,1317,CS,OC
11823,384266,BC,181.500,17799,2007,CE,BC
11824,370607,BC,181.500,17800,3011,CS,OC
11825,271004,MBC,181.500,17802,2005,ME,MBC
11826,205192,BC,181.500,17804,2702,CS,OC
11827,384415,BCM,181.500,17806,1216,EC,OC
11828,309328,BCM,181.500,17808,1211,SC,BCM
11829,376453,MBC,181.500,17809,1211,EC,MBC
11830,341037,MBC,181.500,17810,1211,AD,MBC
11831,329782,BC,181.500,17811,2736,CS,OC
11832,458505,BC,181.500,17813,5008,MG,BC
11833,210398,MBC,181.500,17814,1211,SC,MBC
11834,313541,BC,181.500,17816,3011,EC,OC
11835,219035,MBC,181.500,17819,2007,CE,MBC
11836,349173,BC,181.500,17821,1211,IT,OC
11837,259695,BC,181.500,17822,2,IS,BC
11838,361625,BCM,181.500,17823,4931,CS,OC
11839,238015,SC,181.500,17824,2377,CS,SC
11840,271195,BC,181.500,17825,5010,AM,OC
11841,485498,MBC,181.500,17826,5901,IT,MBC
11842,293250,BC,181.500,17828,1432,EC,BC
11843,276141,BC,181.500,17829,4670,AM,OC
11844,386435,MBC,181.500,17830,2707,CS,OC
11845,415158,MBC,181.500,17831,2711,EC,OC
11846,277132,BC,181.500,17833,4960,CE,OC
11847,271281,MBC,181.500,17834,2706,CS,OC
11848,274998,BC,181.500,17835,2718,CS,BC
11849,309366,BCM,181.500,17836,2712,AD,BCM
11850,292707,SC,181.500,17837,1399,CS,SC
11851,354251,BC,181.500,17838,4962,CS,OC
11852,347966,BC,181.500,17839,3011,AM,OC
11853,215166,BC,181.500,17843,2764,AM,BC
11854,457794,MBC,181.500,17844,2718,AD,OC
11855,307088,BC,181.500,17845,2736,CS,OC
11856,267153,BC,181.500,17846,5910,EC,OC
11857,423407,SC,181.500,17847,5008,CG,SC
11858,431233,BC,181.500,17848,2622,EC,OC
11859,343536,BC,181.500,17849,2736,CS,OC
11860,369498,BC,181.500,17850,1450,CS,BC
11861,208434,BC,181.500,17851,2764,SC,BC
11862,317365,BCM,181.500,17852,2007,CH,BCM
11863,449083,BC,181.500,17853,2005,ME,BC
11864,325722,OC,181.500,17854,1211,AE,OC
11865,423918,MBC,181.500,17855,2603,CS,MBC
11866,351203,MBC,181.500,17856,2377,ME,MBC
11867,312951,BC,181.500,17858,5901,EE,OC
11868,285831,BC,181.500,17859,2764,IT,OC
11869,333264,BC,181.500,17861,1399,ME,BC
11870,313751,MBC,181.500,17862,2618,EC,OC
11871,330296,BC,181.500,17863,1304,EC,BC
11872,281382,BC,181.500,17864,1304,SC,OC
11873,335228,BC,181.500,17866,1,MN,BC
11874,440713,BC,181.500,17867,2329,AD,OC
11875,286992,BCM,181.500,17868,2712,AE,BCM
11876,258437,BC,181.500,17872,2025,EE,OC
11877,269361,MBC,181.500,17873,2377,ME,MBC
11878,334392,BC,181.500,17874,5921,CS,OC
11879,441404,MBC,181.500,17875,2712,ME,OC
11880,420951,BC,181.500,17876,2764,IT,OC
11881,296314,BC,181.500,17877,1311,AD,OC
11882,276574,BC,181.500,17879,2710,SC,BC
11883,454013,MBC,181.500,17880,2710,EC,OC
11884,464295,MBC,181.500,17886,5901,EE,OC
11885,211821,BC,181.500,17887,2764,CS,BC
11886,233720,SC,181.500,17888,1,GI,SC
11887,260304,BC,181.500,17889,1211,AL,BC
11888,459368,BC,181.500,17890,5008,CN,OC
11889,385373,BC,181.500,17891,2739,EE,BC
11890,213755,BC,181.500,17892,2718,SC,OC
11891,242582,BC,181.500,17894,2719,CS,OC
11892,418056,BC,181.500,17895,1432,CS,BC
11893,357790,BC,181.500,17896,2711,CS,OC
11894,435609,MBC,181.500,17899,1211,EC,MBC
11895,269345,BC,181.500,17904,2710,EC,OC
11896,285780,MBC,181.500,17905,1304,CS,OC
11897,454760,BC,181.500,17906,2603,EC,OC
11898,200270,MBC,181.500,17907,2764,CS,MBC
11899,239024,BCM,181.500,17909,2718,CS,BCM
11900,356060,BC,181.500,17910,1211,EC,BC
11901,306890,SCA,181.500,17912,2005,CE,SCA
11902,298734,BC,181.500,17915,1432,AD,OC
11903,214670,BC,181.500,17917,2764,AD,BC
11904,288609,BC,181.500,17918,1432,AD,OC
11905,306835,BC,181.500,17919,4974,EC,BC
11906,309189,BC,181.500,17920,5008,ID,OC
11907,366780,MBC,181.500,17921,1118,IT,OC
11908,336464,MBC,181.500,17922,1304,CS,OC
11909,224118,MBC,181.500,17923,2711,EC,OC
11910,459361,BC,181.500,17924,1516,CS,OC
11911,275952,OC,181.500,17925,1211,IT,OC
11912,377032,MBC,181.500,17927,2005,CE,MBC
11913,234236,BC,181.500,17928,4,RP,OC
11914,292852,SCA,181.500,17929,2005,EC,SCA
11915,213820,MBC,181.500,17930,3011,AM,OC
11916,399496,MBC,181.500,17934,4,PR,MBC
11917,402781,MBC,181.500,17935,2615,CE,OC
11918,276998,BC,181.500,17937,2706,EC,OC
11919,385251,MBC,181.500,17941,2718,AD,OC
11920,325189,BC,181.500,17943,3011,CS,OC
11921,375090,BC,181.500,17944,2377,ME,BC
11922,479165,MBC,181.500,17945,2709,CF,OC
11923,272159,BC,181.500,17946,1420,CS,OC
11924,445267,MBC,181.500,17948,2710,EC,OC
11925,353893,MBC,181.500,17950,4974,EC,MBC
11926,452411,BC,181.500,17951,3019,EC,OC
11927,465749,BC,181.500,17952,2718,IT,OC
11928,212113,OC,181.500,17953,1216,EC,OC
11929,379775,BC,181.500,17954,1211,CS,BC
11930,254986,BC,181.500,17956,5986,CS,OC
11931,364808,BC,181.500,17957,2007,CE,BC
11932,331272,BC,181.500,17962,1219,CS,OC
11933,205973,MBC,181.500,17963,4,AU,MBC
11934,278194,BC,181.500,17967,2377,CE,BC
11935,332778,BC,181.500,17968,2712,EI,BC
11936,285034,BC,181.500,17969,2621,IT,OC
11937,407816,BC,181.500,17971,1432,CO,OC
11938,411528,MBC,181.500,17972,2025,CS,MBC
11939,437860,BC,181.500,17973,2006,PR,BC
11940,200655,MBC,181.500,17974,1211,AL,MBC
11941,307220,MBC,181.500,17977,1211,EC,MBC
11942,458995,MBC,181.500,17980,2702,AD,OC
11943,367456,OC,181.500,17981,2,PM,OC
11944,458561,BCM,181.500,17983,2740,EC,OC
11945,474188,BC,181.500,17984,1211,CS,BC
11946,395024,MBC,181.500,17985,1211,EC,MBC
11947,289934,BC,181.500,17986,4960,EC,OC
11948,321612,MBC,181.500,17987,2712,AD,MBC
11949,228069,BC,181.500,17988,1399,BM,BC
11950,431758,BC,181.500,17992,2718,SC,OC
11951,321728,BC,181.500,17993,1211,EC,BC
11952,403463,BCM,181.500,17994,2329,CS,OC
11953,222009,BC,181.500,17995,1432,SC,BC
11954,443696,MBC,181.500,17999,2006,MY,OC
11955,277726,BC,181.500,18000,1422,AD,OC
11956,413321,BC,181.500,18001,2736,AD,OC
11957,308267,MBC,181.500,18002,1211,EC,MBC
11958,228928,MBC,181.500,18004,2739,AM,MBC
11959,240085,BC,181.500,18005,2718,EC,BC
11960,318862,BC,181.500,18007,2718,AD,OC
11961,323182,MBC,181.500,18008,2710,AD,OC
11962,499057,BC,181.500,18008A,2702,CS,OC
11963,332428,BC,181.500,18009,1399,ME,BC
11964,208816,BC,181.500,18011,2764,IT,OC
11965,430303,BC,181.500,18012,2739,CO,BC
11966,304228,BC,181.500,18013,2673,IT,OC
11967,311312,BC,181.500,18015,2709,EC,BC
11968,301509,BC,181.500,18017,1211,IT,OC
11969,225335,BC,181.500,18018,1211,IT,OC
11970,221399,BCM,181.500,18019,2718,EC,BCM
11971,254277,BC,181.500,18021,5901,EE,OC
11972,235809,BC,181.500,18022,2718,IT,OC
11973,278037,BC,181.500,18024,2764,IT,OC
11974,342546,SC,181.500,18025,4,AU,SC
11975,235600,BC,181.500,18026,2712,EI,BC
11976,414651,BC,181.500,18027,1432,EC,BC
11977,346492,MBC,181.500,18028,2710,AD,OC
11978,254818,BC,181.500,18029,4974,EE,OC
11979,357463,BC,181.500,18031,1216,EC,OC
11980,337877,BC,181.500,18034,2750,CS,OC
11981,330710,BC,181.500,18035,2718,IT,OC
11982,329750,BC,181.500,18037,2764,SC,BC
11983,410917,OC,181.500,18038,1431,CS,OC
11984,370282,MBC,181.500,18039,1211,AL,MBC
11985,359816,MBC,181.500,18041,1013,EC,OC
11986,406612,BC,181.500,18042,2718,IT,OC
11987,449912,BC,181.500,18043,2611,BM,OC
11988,224102,BC,181.500,18044,5901,IT,BC
11989,285272,BC,181.500,18045,1211,CS,BC
11990,319765,BC,181.500,18046,2764,IT,OC
11991,216923,BC,181.500,18047,2719,CS,OC
11992,281120,BC,181.500,18050,3011,EE,OC
11993,271298,MBC,181.500,18051,1450,CS,MBC
11994,492788,BC,181.500,18053,1399,BM,BC
11995,350494,BC,181.500,18054,1216,EC,OC
11996,368315,OC,181.500,18055,1112,CS,OC
11997,233441,BC,181.500,18056,4960,AD,OC
11998,332409,BC,181.500,18057,1219,EC,OC
11999,437229,SC,181.500,18059,1399,EC,SC
12000,324780,MBC,181.500,18060,2615,ME,OC
12001,234023,BC,181.500,18061,2719,CS,OC
12002,397091,BC,181.500,18062,1304,CS,OC
12003,226031,BC,181.500,18063,1113,CS,OC
12004,302128,BC,181.500,18064,5901,IT,BC
12005,430362,MBC,181.500,18066,1211,AD,MBC
12006,280234,BC,181.500,18067,2764,AD,BC
12007,361367,BC,181.500,18068,1120,AD,OC
12008,218644,BC,181.500,18069,1216,EC,OC
12009,216556,BC,181.500,18073,4974,EC,BC
12010,318662,BC,181.500,18076,1211,IT,BC
12011,309723,SC,181.500,18077,1304,AM,OC
12012,336264,BC,181.500,18079,2710,IT,OC
12013,353629,BC,181.500,18080,1317,CS,OC
12014,316607,BCM,181.500,18081,2618,AD,OC
12015,222968,BC,181.500,18083,1211,CS,BC
12016,235729,BC,181.500,18084,1432,EC,BC
12017,214501,MBC,181.500,18085,2005,ME,MBC
12018,331336,SC,181.500,18086,1399,CS,SC
12019,459694,BC,181.500,18090,2718,AD,OC
12020,334891,MBC,181.500,18091,1216,CS,OC
12021,292563,BC,181.500,18093,2718,AD,OC
12022,367016,BC,181.500,18094,2718,AD,OC
12023,417915,BC,181.500,18095,3465,CS,OC
12024,431420,BC,181.500,18096,2736,EC,OC
12025,239091,BC,181.500,18098,4960,AD,OC
12026,269212,MBC,181.500,18100,2006,MT,MBC
12027,356813,MBC,181.500,18102,2377,RI,MBC
12028,382192,BC,181.500,18103,2718,EC,BC
12029,362140,MBC,181.500,18104,4,AU,MBC
12030,242497,SC,181.500,18105,2006,EY,SC
12031,331255,MBC,181.500,18107,2709,EC,MBC
12032,459766,BC,181.500,18108,2718,CS,BC
12033,287860,BC,181.500,18111,2718,EC,BC
12034,235238,MBC,181.500,18114,2618,CS,OC
12035,410363,MBC,181.500,18115,3011,EV,OC
12036,211991,BC,181.500,18116,1432,CO,OC
12037,262015,MBC,181.500,18122,2005,ME,MBC
12038,428452,MBC,181.500,18123,2777,EC,OC
12039,456982,BC,181.500,18124,1432,EC,BC
12040,206254,BC,181.500,18125,1211,EC,BC
12041,452847,BC,181.500,18128,2739,CB,BC
12042,463053,OC,181.500,18131,1126,AD,OC
12043,364660,SC,181.500,18134,4,AU,SC
12044,392379,BC,181.500,18135,2764,AD,BC
12045,385090,BC,181.500,18136,1304,CS,OC
12046,379466,BC,181.500,18137,1,XC,BC
12047,464384,OC,181.500,18138,1126,AD,OC
12048,374702,BC,181.500,18139,2718,CS,BC
12049,286771,MBC,181.500,18140,1211,AD,MBC
12050,348569,BC,181.500,18141,1304,CS,OC
12051,319764,BC,181.500,18143,2718,AD,OC
12052,261182,SC,181.500,18144,1399,CS,SC
12053,487962,BC,181.500,18145,1304,EC,BC
12054,327282,OC,181.500,18146,2710,AD,OC
12055,392056,BC,181.500,18148,1216,CS,OC
12056,244008,BC,181.500,18150,2718,AD,OC
12057,288110,BC,181.500,18152,5008,ID,OC
12058,320243,BC,181.500,18153,1216,CS,OC
12059,392798,MBC,181.500,18154,1219,CS,OC
12060,440601,MBC,181.500,18156,1432,CS,MBC
12061,215779,BC,181.500,18157,1211,EC,BC
12062,397445,MBC,181.500,18158,1399,EE,MBC
12063,406461,SC,181.500,18160,2377,AD,SC
12064,356441,SC,181.500,18161,2618,EC,OC
12065,297994,BC,181.500,18164,2706,CS,OC
12066,266125,BCM,181.500,18165,2718,CS,BCM
12067,412335,MBC,181.500,18166,1304,CS,OC
12068,263846,MBC,181.500,18170,2622,CS,OC
12069,288505,MBC,181.500,18171,2736,BM,OC
12070,465466,BC,181.500,18173,1,XM,BC
12071,337819,BC,181.500,18174,1317,CS,OC
12072,209136,BC,181.500,18176,2702,CS,OC
12073,361278,BC,181.500,18177,2764,IT,OC
12074,258611,BC,181.500,18178,2718,AD,OC
12075,427896,BC,181.500,18179,2750,ME,BC
12076,290036,MBC,181.500,18181,1211,AD,MBC
12077,355197,BCM,181.500,18183,2740,CS,OC
12078,322353,BCM,181.500,18184,2702,AD,OC
12079,244679,OC,181.500,18190,1432,AD,OC
12080,216846,BC,181.500,18191,1450,IT,OC
12081,428487,BC,181.500,18193,2739,CB,BC
12082,317641,SC,181.500,18198,1304,AD,OC
12083,455370,BC,181.500,18200,4944,CS,OC
12084,251510,BC,181.500,18204,5986,CS,OC
12085,308932,MBC,181.500,18205,1211,IT,MBC
12086,225937,BC,181.500,18206,2025,CS,BC
12087,355390,MBC,181.500,18207,2702,EC,OC
12088,452817,MBC,181.500,18209,1432,AD,OC
12089,408375,BC,181.500,18212,2739,CB,BC
12090,452322,MBC,181.500,18213,2739,SC,MBC
12091,214335,BC,181.500,18214,2764,SC,BC
12092,377249,MBC,181.500,18215,1399,IT,MBC
12093,282367,OC,181.500,18217,1419,ME,OC
12094,255916,MBC,181.500,18218,2618,CE,OC
12095,452753,MBC,181.500,18219,4974,EC,MBC
12096,442960,MBC,181.500,18220,2718,ME,OC
12097,283560,MBC,181.500,18221,2739,SC,MBC
12098,364508,BC,181.500,18222,1216,AD,OC
12099,451918,SC,181.500,18223,1,BY,SC
12100,441356,BCM,181.500,18226,2718,CE,OC
12101,356260,BC,181.500,18227,4974,EC,BC
12102,415708,BC,181.500,18228,3760,IT,OC
12103,332799,MBC,181.500,18228A,5008,EU,MBC
12104,271170,OC,181.500,18229,1211,BT,OC
12105,211139,BC,181.500,18230,2751,RM,OC
12106,417466,BC,181.500,18233,2710,EC,OC
12107,215884,OC,181.500,18235,1211,CB,OC
12108,382003,BCM,181.500,18237,1317,CS,OC
12109,220739,BC,181.500,18238,2603,CS,BC
12110,337543,MBC,181.500,18241,2006,IY,MBC
12111,343938,BC,181.500,18242,2025,CS,BC
12112,361052,MBC,181.500,18246,1399,IT,MBC
12113,287352,BC,181.500,18248,1432,AD,OC
12114,347983,MBC,181.500,18249,2739,EC,MBC
12115,267611,MBC,181.500,18252,5008,EU,MBC
12116,476239,BC,181.500,18255,1442,AD,OC
12117,286689,SC,181.500,18256,2005,IT,SC
12118,289541,BC,181.500,18257,2764,IT,OC
12119,245134,BC,181.500,18258,2739,EE,BC
12120,207544,BC,181.500,18259,2711,EC,OC
12121,334846,BC,181.500,18260,2718,EC,BC
12122,422299,OC,181.500,18261,1516,CS,OC
12123,245448,SC,181.500,18262,2,CL,SC
12124,463596,BC,181.500,18263,2622,CS,OC
12125,341434,BC,181.500,18264,3011,CS,OC
12126,360584,BC,181.500,18265,1399,ME,BC
12127,435929,BC,181.500,18266,1432,SC,BC
12128,430515,BC,181.500,18269,2710,AD,OC
12129,443410,BC,181.500,18270,1304,CS,BC
12130,229434,BC,181.500,18271,1211,CB,OC
12131,207493,BC,181.500,18273,2718,SC,OC
12132,333544,BC,181.500,18275,1211,IT,BC
12133,455190,BC,181.500,18276,2709,CF,OC
12134,398768,SC,181.500,18279,2615,AM,SC
12135,437138,BC,181.500,18280,2712,MZ,BC
12136,352403,MBC,181.500,18284,1113,CS,OC
12137,278341,MBC,181.500,18285,1399,IT,MBC
12138,449962,BC,181.500,18286,1,XC,BC
12139,264934,BC,181.500,18288,2006,MS,BC
12140,291869,BC,181.500,18289,1413,IT,OC
12141,202419,BC,181.500,18290,1216,AD,OC
12142,405788,MBC,181.500,18291,1113,CA,OC
12143,262183,MBC,181.500,18295,1304,CS,MBC
12144,476674,OC,181.500,18296,1424,RM,OC
12145,430826,SC,181.500,18299,1399,CS,SC
12146,280447,MBC,181.500,18300,1432,CS,MBC
12147,404997,BC,181.500,18301,2702,EC,OC
12148,338612,BC,181.500,18304,2718,IT,OC
12149,364560,SC,181.500,18305,1,IE,SC
12150,264243,BC,181.500,18306,4974,EC,BC
12151,364465,MBC,181.500,18308,3830,EC,OC
12152,366034,BC,181.500,18310,2025,EE,OC
12153,377480,BC,181.500,18312,1309,EC,OC
12154,233691,BC,181.500,18316,1211,CS,BC
12155,329869,MBC,181.500,18317,1432,CS,MBC
12156,331352,MBC,181.500,18319,1211,CS,MBC
12157,218205,BC,181.500,18320,5008,CN,OC
12158,292160,BC,181.500,18322,2702,CS,OC
12159,231417,BC,181.500,18326,4974,EE,OC
12160,220380,MBC,181.500,18327,2,IS,MBC
12161,364099,BC,181.500,18330,2710,CS,BC
12162,346197,BC,181.500,18333,4955,AD,OC
12163,369976,BCM,181.500,18339,1424,CB,OC
12164,323116,BC,181.500,18340,1211,IT,BC
12165,206543,BC,181.500,18341,2712,MZ,BC
12166,434019,MBC,181.500,18342,2739,AM,MBC
12167,433169,MBC,181.500,18343,1211,CS,MBC
12168,464970,MBC,181.500,18345,2718,CS,MBC
12169,316368,OC,181.500,18346,1219,CS,OC
12170,297461,BC,181.500,18347,1307,AM,OC
12171,314840,SC,181.500,18348,2007,EL,SC
12172,230831,BC,181.500,18349,1219,EC,OC
12173,305464,MBC,181.500,18352,2764,EC,MBC
12174,431961,BC,181.500,18353,2006,PR,BC
12175,225973,MBC,181.500,18354,2005,CE,MBC
12176,301111,SC,181.500,18356,1,GI,SC
12177,201320,BC,181.500,18358,1219,CS,OC
12178,413784,BC,181.500,18359,1,XC,BC
12179,398639,OC,181.500,18360,1432,EV,OC
12180,309024,MBC,181.500,18361,5008,MF,OC
12181,269074,BC,181.500,18362,5008,CN,OC
12182,486181,BC,181.500,18363,5901,EE,OC
12183,226361,BC,181.500,18364,2,PP,OC
12184,460123,BC,181.500,18366,2615,MT,OC
12185,422668,BC,181.500,18367,2718,CS,BC
12186,273208,BC,181.500,18368,1304,CS,BC
12187,237211,BC,181.500,18369,5901,ME,OC
12188,359777,BC,181.500,18370,2718,IT,OC
12189,421935,BC,181.500,18371,1219,EC,OC
12190,294889,BC,181.500,18372,1211,CS,BC
12191,283702,BC,181.500,18373,1211,IT,BC
12192,332790,MBC,181.500,18374,1317,CS,OC
12193,332413,MBC,181.500,18376,2710,EC,OC
12194,317329,BC,181.500,18377,2764,EC,BC
12195,251301,BC,181.500,18378,4960,CS,OC
12196,263515,BC,181.500,18380,2718,IT,OC
12197,201610,BC,181.500,18381,2710,CS,BC
12198,244300,BC,181.500,18382,2712,CE,OC
12199,435926,BC,181.500,18383,2718,CS,BC
12200,301295,SC,181.500,18384,5008,IM,SC
12201,366806,SC,181.500,18385,2,TX,OC
12202,411784,BC,181.500,18387,2739,CB,BC
12203,232169,MBC,181.500,18388,1219,CS,OC
12204,286337,BC,181.500,18390,1304,EC,BC
12205,284296,BC,181.500,18391,1304,AD,OC
12206,431930,MBC,181.500,18392,3807,EC,OC
12207,259841,MBC,181.500,18393,2710,IT,OC
12208,340924,BC,181.500,18394,1216,CS,OC
12209,340268,BC,181.500,18396,1432,AD,OC
12210,208797,SC,181.500,18397,1450,EC,SC
12211,445057,BCM,181.500,18398,2349,CS,OC
12212,202986,MBC,181.500,18401,1399,EE,MBC
12213,265046,BC,181.500,18402,2025,AD,BC
12214,281840,BC,181.500,18403,2718,EC,BC
12215,284067,BC,181.500,18405,1,XM,BC
12216,373985,BC,181.500,18406,2622,AD,OC
12217,392640,OC,181.500,18407,1219,IT,OC
12218,481293,OC,181.500,18409,1126,EC,OC
12219,338031,BC,181.500,18410,2005,CE,BC
12220,410355,SC,181.500,18411,1113,EC,OC
12221,369556,MBC,181.500,18412,1432,AM,MBC
12222,355200,BC,181.500,18414,2718,AD,OC
12223,318474,BC,181.500,18417,1111,CS,OC
12224,435047,BC,181.500,18418,2710,CS,BC
12225,271624,BC,181.500,18419,2718,AD,OC
12226,223253,MBC,181.500,18420,4,AU,MBC
12227,230905,MBC,181.500,18421,5901,IT,MBC
12228,237765,BCM,181.500,18422,4974,EE,OC
12229,442972,BC,181.500,18423A,1219,BT,OC
12230,358459,BC,181.500,18424,5910,IT,OC
12231,361156,BC,181.500,18425,2718,AD,OC
12232,359072,MBC,181.500,18426,2718,CS,MBC
12233,391160,SCA,181.500,18427,1399,CS,SCA
12234,211302,OC,181.500,18428,1309,CS,OC
12235,465018,BC,181.500,18430,2005,ME,BC
12236,210437,MBC,181.500,18433,2613,CS,OC
12237,384618,BC,181.500,18434,1211,CS,BC
12238,387292,MBC,181.500,18435,2615,ME,OC
12239,412454,MBC,181.500,18436,2702,AD,OC
12240,324554,SC,181.500,18437,2709,EC,SC
12241,474623,BC,181.500,18438,1211,BM,OC
12242,250918,MBC,181.500,18439,1419,EC,OC
12243,440163,SC,181.500,18440,2007,EL,SC
12244,324097,MBC,181.500,18441,2621,AD,OC
12245,389971,SC,181.500,18448,1432,CS,SC
12246,395562,BC,181.500,18449,1211,AD,BC
12247,432226,MBC,181.500,18451,2764,CS,MBC
12248,352904,MBC,181.500,18453,2764,CS,MBC
12249,211849,BC,181.500,18454,2764,EE,OC
12250,304942,BC,181.500,18458,1450,AD,BC
12251,418157,BC,181.500,18463,2764,EV,OC
12252,308379,BC,181.500,18465,1317,EC,OC
12253,392204,BCM,181.500,18466,1211,CS,BCM
12254,254208,BC,181.500,18469,2718,SC,OC
12255,291586,MBC,181.500,18470,3011,CS,MBC
12256,360225,BC,181.500,18473,2718,CS,BC
12257,408745,SC,181.500,18475,2,IS,SC
12258,369952,BC,181.500,18476,2719,EC,OC
12259,468636,BC,181.500,18477,1432,EC,BC
12260,445705,BC,181.500,18478,1432,EC,BC
12261,218075,BC,181.500,18479,5901,IT,BC
12262,352085,SC,181.500,18487,1399,CS,SC
12263,296414,BC,181.500,18488,2718,AD,OC
12264,442716,BC,181.500,18489,2653,EC,OC
12265,464087,OC,181.500,18491,1126,CS,OC
12266,389857,BC,181.500,18492,3801,CS,OC
12267,349720,MBC,181.500,18494,5008,MG,MBC
12268,276838,BC,181.500,18495,2710,EC,OC
12269,276356,BC,181.500,18496,2615,MT,OC
12270,352858,MBC,181.500,18499,1211,CS,MBC
12271,249640,BC,181.500,18501,2718,AD,OC
12272,335370,BC,181.500,18503,5901,EE,OC
12273,222628,BC,181.500,18505,2025,CS,BC
12274,385106,BC,181.500,18506,1414,EC,OC
12275,393039,MBC,181.500,18508,1516,CS,OC
12276,364778,BC,181.500,18509,2718,IT,OC
12277,295777,MBC,181.500,18510,2610,IT,OC
12278,404309,BC,181.500,18512,2718,SC,OC
12279,453225,BCM,181.500,18514,2005,IB,OC
12280,454307,BC,181.500,18516,2718,AD,OC
12281,265914,BC,181.500,18519,2718,EE,OC
12282,384730,BC,181.500,18520,2712,ME,OC
12283,313074,MBC,181.500,18523,2702,EC,OC
12284,367251,BC,181.500,18524,2718,EC,BC
12285,250532,BC,181.500,18525,2006,PR,BC
12286,214411,BC,181.500,18527,2718,AD,OC
12287,478735,MBC,181.500,18529,1432,ME,OC
12288,478564,MBC,181.500,18533A,2718,EC,MBC
12289,354522,MBC,181.500,18536,1211,AD,MBC
12290,328930,MBC,181.500,18538,2710,SC,MBC
12291,355021,BC,181.500,18539,1210,CS,OC
12292,217830,MBC,181.500,18540,1211,IT,MBC
12293,376241,MBC,181.500,18541,1317,CS,OC
12294,251281,MBC,181.500,18542,1211,AL,MBC
12295,206801,BC,181.500,18543,2718,CB,OC
12296,216814,MBC,181.500,18546,1432,EC,MBC
12297,431213,SC,181.500,18548,2377,CS,SC
12298,468166,MBC,181.500,18549,1211,EC,MBC
12299,464013,OC,181.500,18550,1126,AD,OC
12300,386396,MBC,181.500,18553,1211,EC,MBC
12301,337590,BC,181.500,18555,2718,AD,OC
12302,210560,BC,181.500,18558,2377,CE,BC
12303,336988,MBC,181.500,18560,2712,AD,MBC
12304,340394,BC,181.500,18561,2718,CS,BC
12305,365189,MBC,181.500,18562,2718,CS,MBC
12306,480839,BC,181.500,18565,2007,MF,BC
12307,204655,BC,181.500,18566,1216,CS,OC
12308,426717,MBC,181.495,18567,5008,ME,MBC
12309,474177,BC,181.333,18570,2025,EC,BC
12310,461808,SC,181.000,18575,1399,CS,SC
12311,398303,BC,181.000,18576,2764,MZ,OC
12312,221123,BC,181.000,18579,2718,CS,BC
12313,262134,SC,181.000,18580,2710,SC,SC
12314,301784,BC,181.000,18581,1211,CS,BC
12315,285099,SC,181.000,18582,2377,CS,SC
12316,373981,BC,181.000,18584,2718,CS,BC
12317,301773,SC,181.000,18588,2025,AD,SC
12318,399892,MBC,181.000,18589,2710,EC,OC
12319,385554,BCM,181.000,18590,1216,CS,OC
12320,352477,BC,181.000,18591,1304,CS,BC
12321,365167,BC,181.000,18592,1211,CS,BC
12322,465318,BC,181.000,18593,5010,EC,OC
12323,339856,MBC,181.000,18594,5901,IT,MBC
12324,465273,BC,181.000,18595,2622,AD,OC
12325,321357,BC,181.000,18596,1216,CS,OC
12326,342048,BC,181.000,18597,1216,CS,OC
12327,334313,BC,181.000,18600,1304,EC,BC
12328,381712,BC,181.000,18601,2718,AD,OC
12329,339919,BC,181.000,18602,2718,EE,OC
12330,301145,BC,181.000,18604,4677,CS,OC
12331,367524,SC,181.000,18605,1399,EA,SC
12332,333657,BC,181.000,18606,5010,EC,OC
12333,413016,BC,181.000,18609,3852,CE,OC
12334,339764,MBC,181.000,18610,1211,SC,MBC
12335,271884,MBC,181.000,18611,1419,CS,OC
12336,286740,BC,181.000,18612,2750,EC,OC
12337,459879,BC,181.000,18613,1216,AD,BC
12338,285882,BC,181.000,18615,2736,IT,OC
12339,421703,MBC,181.000,18616,1432,EC,MBC
12340,201880,MBC,181.000,18617,1216,AD,MBC
12341,389136,MBC,181.000,18618,5901,EE,OC
12342,357003,BCM,181.000,18619,1126,AM,OC
12343,330942,BC,181.000,18620,1317,CH,OC
12344,350340,BC,181.000,18621,2711,EC,OC
12345,360204,BC,181.000,18622,1432,AD,OC
12346,237021,BC,181.000,18623,1211,EC,BC
12347,242298,MBC,181.000,18624,2718,CS,MBC
12348,317649,BC,181.000,18626,2634,AD,OC
12349,355432,BC,181.000,18627,2723,EC,OC
12350,439951,BCM,181.000,18628,2706,SC,OC
12351,417652,SC,181.000,18629,1399,AD,SC
12352,217161,BC,181.000,18630,2006,MT,BC
12353,457707,BC,181.000,18632,2005,CE,BC
12354,350017,BC,181.000,18633,2750,AM,BC
12355,457284,OC,181.000,18634,2749,AM,OC
12356,211025,BC,181.000,18637,5009,CS,OC
12357,418670,BC,181.000,18640,1120,CS,OC
12358,224455,BC,181.000,18641,2718,SC,OC
12359,314962,BC,181.000,18642,5008,ID,OC
12360,389662,BC,181.000,18643,2615,ME,OC
12361,376493,BC,181.000,18644,1432,EC,BC
12362,396341,BC,181.000,18645,2764,IT,OC
12363,288333,MBC,181.000,18646,2710,AD,OC
12364,203495,BCM,181.000,18647,1113,CS,OC
12365,301224,SC,181.000,18648,1399,CS,SC
12366,435616,BC,181.000,18649,2751,SC,OC
12367,231912,BCM,181.000,18651,5008,CN,OC
12368,258731,MBC,181.000,18652,2739,EE,MBC
12369,209822,BC,181.000,18653,4960,CS,OC
12370,226613,MBC,181.000,18655,1211,SC,MBC
12371,253961,BC,181.000,18656,4,PR,BC
12372,332341,ST,181.000,18659,1211,CS,ST
12373,299588,SC,181.000,18660,2706,CS,OC
12374,357461,MBC,181.000,18664,2710,CS,MBC
12375,446044,BCM,181.000,18665,2739,AD,BCM
12376,298962,BC,181.000,18666,4020,AD,OC
12377,344743,BC,181.000,18668,1,XM,BC
12378,249328,BC,181.000,18669,2710,AD,OC
12379,436747,BC,181.000,18671,2711,AL,OC
12380,435017,BC,181.000,18672,2718,CS,BC
12381,326965,MBC,181.000,18673,2710,EC,OC
12382,266869,BC,181.000,18675,2025,EV,OC
12383,461577,MBC,181.000,18676,2005,ME,MBC
12384,368475,BC,181.000,18677,2712,MZ,BC
12385,396065,SC,181.000,18678,5008,EM,SC
12386,225486,BC,181.000,18679,2750,EC,OC
12387,286554,BC,181.000,18682,3011,CS,BC
12388,407858,MBC,181.000,18684,2005,CE,MBC
12389,402808,BC,181.000,18686,2377,CE,BC
12390,459633,BC,181.000,18687,2718,AD,OC
12391,361814,MBC,181.000,18688,2739,SC,MBC
12392,341884,BC,181.000,18689,2718,AD,OC
12393,475648,OC,181.000,18690,1211,CB,OC
12394,340966,BC,181.000,18693,5986,CS,OC
12395,349796,SC,181.000,18695,2025,CS,SC
12396,411423,BC,181.000,18698,2005,CE,BC
12397,346475,BC,181.000,18699,2736,SC,OC
12398,356553,BC,181.000,18700,4670,AM,OC
12399,428425,BC,181.000,18701,2718,CS,BC
12400,377926,MBC,181.000,18702,1432,CS,MBC
12401,491241,MBC,181.000,18703,1,MI,MBC
12402,400865,BC,181.000,18704,1113,CS,OC
12403,415753,BC,181.000,18705,2710,CS,BC
12404,284052,BC,181.000,18706,2005,IB,OC
12405,332044,BC,181.000,18707,2702,CS,OC
12406,314895,MBC,181.000,18708,5008,CW,MBC
12407,401147,SC,181.000,18709,1399,CS,SC
12408,261370,BC,181.000,18712,2736,EC,OC
12409,363409,BC,181.000,18713,2718,AD,OC
12410,380246,MBC,181.000,18714,2764,EC,MBC
12411,273829,MBC,181.000,18715,2025,EE,OC
12412,395509,BC,181.000,18716,1211,SC,BC
12413,366080,MBC,181.000,18717,1211,AL,MBC
12414,328572,BC,181.000,18718,5901,EE,OC
12415,412067,BC,181.000,18721,2702,CS,OC
12416,263374,BC,181.000,18723,2712,BT,BC
12417,351168,BC,181.000,18724,1216,CS,OC
12418,278284,OC,181.000,18725,1211,ME,OC
12419,495142,MBC,181.000,18726,2718,CS,MBC
12420,253305,BCM,181.000,18727,2718,CE,OC
12421,249627,BC,181.000,18728,2718,CS,BC
12422,221182,BC,181.000,18729,2719,CS,OC
12423,338248,SC,181.000,18732,2615,EE,SC
12424,243324,SC,181.000,18733,2712,CS,SC
12425,230621,BC,181.000,18734,2718,EC,BC
12426,206054,MBC,181.000,18735,2615,EE,MBC
12427,268597,OC,181.000,18736,1304,AM,OC
12428,251967,BC,181.000,18737,1111,CS,OC
12429,321545,MBC,181.000,18739,2025,EC,MBC
12430,443139,MBC,181.000,18742,2653,CS,OC
12431,307142,BC,181.000,18743,1432,SC,BC
12432,350954,BC,181.000,18744,5910,CS,OC
12433,392125,BC,181.000,18745,2764,EC,BC
12434,410113,BC,181.000,18746,5901,EE,OC
12435,301398,MBC,181.000,18748,5008,CN,OC
12436,288999,BC,181.000,18750,1311,AO,OC
12437,498876,MBC,181.000,18751,2007,ME,MBC
12438,213329,BC,181.000,18752,1211,CS,BC
12439,398483,SC,181.000,18753,1399,CS,SC
12440,333437,BC,181.000,18756,1111,CS,OC
12441,310056,MBC,181.000,18757,2764,CS,MBC
12442,276027,MBC,181.000,18762,2750,CS,OC
12443,357454,BC,181.000,18763,2329,EC,OC
12444,438459,SCA,181.000,18764,1399,EC,SCA
12445,328072,BC,181.000,18765,1113,EC,OC
12446,299170,MBC,181.000,18766,1432,EC,MBC
12447,397363,OC,181.000,18768,1113,EC,OC
12448,472181,BC,181.000,18771,1304,CS,BC
12449,277717,BC,181.000,18773,1211,CS,BC
12450,351244,BC,181.000,18774,2764,EC,BC
12451,411378,MBC,181.000,18776,2718,MZ,OC
12452,297445,OC,181.000,18777,1216,AL,OC
12453,217715,BCM,181.000,18779,1216,CS,OC
12454,303928,BC,181.000,18780,1216,CS,OC
12455,270813,MBC,181.000,18781,1432,AM,MBC
12456,382615,MBC,181.000,18782,1432,CS,MBC
12457,346276,MBC,181.000,18783,2615,EE,MBC
12458,408697,BC,181.000,18784,2005,ME,BC
12459,255949,BC,181.000,18785,1211,ME,OC
12460,394060,MBC,181.000,18786,2,FS,MBC
12461,413272,SC,181.000,18791,2377,EC,SC
12462,353457,BCM,181.000,18792,1216,EC,OC
12463,328897,SCA,181.000,18794,2006,EM,SCA
12464,294691,MBC,181.000,18795,4024,CS,OC
12465,212230,BC,181.000,18797,2710,CS,BC
12466,265411,BC,181.000,18798,2702,CS,OC
12467,351336,BC,181.000,18799,2702,CS,OC
12468,377386,BCM,181.000,18800,1304,CS,BCM
12469,260427,BC,181.000,18802,1216,EC,OC
12470,381941,BC,181.000,18803,1432,AM,BC
12471,216679,BC,181.000,18804,2,IS,BC
12472,303343,BC,181.000,18805,1304,EE,OC
12473,380822,BC,181.000,18806,2718,CS,BC
12474,229415,BC,181.000,18807,2710,CS,BC
12475,282639,BC,181.000,18808,1211,AD,BC
12476,250885,BC,181.000,18809,2718,AD,OC
12477,290900,BC,181.000,18810,2710,CS,BC
12478,477117,BC,181.000,18811,2622,EC,OC
12479,473946,MBC,181.000,18812,1399,CB,MBC
12480,398846,BC,181.000,18814,1432,AD,OC
12481,258293,BC,181.000,18815,5910,EC,OC
12482,282540,MBC,181.000,18816,2,FS,MBC
12483,327374,MBC,181.000,18817,2736,CS,OC
12484,206496,MBC,181.000,18819,1211,IT,MBC
12485,274573,ST,181.000,18820,2006,CG,ST
12486,409716,BC,181.000,18821,1211,CS,BC
12487,308935,BC,181.000,18822,1432,SC,BC
12488,282884,MBC,181.000,18823,3011,CS,MBC
12489,335556,MBC,181.000,18824,1113,CS,OC
12490,218155,BC,181.000,18825,1216,EC,OC
12491,207479,BC,181.000,18826,2764,IT,OC
12492,297915,BC,181.000,18827,4974,EC,BC
12493,223305,BC,181.000,18828,1432,EC,BC
12494,364887,MBC,181.000,18829,1432,CS,MBC
12495,482141,OC,181.000,18830,1126,EC,OC
12496,498719,BC,181.000,18832A,2718,EC,BC
12497,470721,MBC,181.000,18835,1219,CS,OC
12498,306726,BC,181.000,18837,2702,CS,OC
12499,324719,MBC,181.000,18838,2377,RI,MBC
12500,209471,MBC,181.000,18840,2739,EC,MBC
12501,411230,BC,181.000,18842,2006,MS,BC
12502,349083,MBC,181.000,18843,2608,CS,OC
12503,483352,MBC,181.000,18845,1113,EC,OC
12504,367192,MBC,181.000,18846,2377,ME,MBC
12505,293168,MBC,181.000,18848,1432,EC,MBC
12506,260076,BC,181.000,18851,1405,CS,OC
12507,219854,BC,181.000,18852,2719,CS,OC
12508,202750,BC,181.000,18853,2736,AD,OC
12509,423423,BC,181.000,18854,2618,AD,OC
12510,270897,BC,181.000,18856,1140,EC,OC
12511,433371,BCM,181.000,18860,5008,EU,BCM
12512,360889,BC,181.000,18861,2718,CS,BC
12513,384278,BC,181.000,18864,2620,CE,OC
12514,239780,BC,181.000,18866,2718,CS,BC
12515,206967,MBC,181.000,18868,2718,CS,MBC
12516,376730,BC,181.000,18869,2711,CS,OC
12517,265623,BC,181.000,18871,2377,CE,BC
12518,214030,BC,181.000,18872,1211,CS,BC
12519,457058,MBC,181.000,18875,1399,BM,MBC
12520,324703,BC,181.000,18878,5008,CN,OC
12521,270229,MBC,181.000,18879,1432,AD,OC
12522,435744,SC,181.000,18880,1216,CS,OC
12523,286335,BC,181.000,18881,2718,AD,OC
12524,496301,OC,181.000,18884,4933,CS,OC
12525,255311,BC,181.000,18885,1304,EC,BC
12526,276646,SC,181.000,18886,2377,EC,SC
12527,324387,BC,181.000,18887,2006,MS,BC
12528,452306,OC,181.000,18889,1216,EC,OC
12529,408904,MBC,181.000,18890,2764,CS,MBC
12530,385749,MBC,181.000,18891,1432,CS,MBC
12531,398487,MBC,181.000,18892,1317,EC,OC
12532,215957,MBC,181.000,18893,1219,CS,OC
12533,343052,BC,181.000,18894,2709,CS,OC
12534,252804,MBC,181.000,18895,1432,AD,OC
12535,319462,SC,181.000,18897,2006,BS,SC
12536,361562,BC,181.000,18898,2751,CS,OC
12537,322347,BC,181.000,18899,1412,CS,OC
12538,221492,MBC,181.000,18900,2377,RI,MBC
12539,368175,BCM,181.000,18901,1450,EE,OC
12540,423206,BC,181.000,18902,3807,CS,OC
12541,215814,BC,181.000,18903,1216,SC,BC
12542,395698,MBC,181.000,18906,1432,CS,MBC
12543,241431,BC,181.000,18909,2725,CS,OC
12544,302991,MBC,181.000,18910,1309,CS,OC
12545,263394,SC,181.000,18912,1399,CS,SC
12546,238077,BC,181.000,18913,1432,AD,OC
12547,278701,BC,181.000,18914,2764,EE,OC
12548,267030,BC,181.000,18915,2739,EE,BC
12549,223829,BC,181.000,18916,1432,AD,OC
12550,256883,MBC,181.000,18917,1432,CS,MBC
12551,234304,BC,181.000,18918,2739,EE,BC
12552,308369,BC,181.000,18919,1432,AD,OC
12553,313556,BCM,181.000,18921,5921,CS,OC
12554,439086,BCM,181.000,18922,2712,AD,BCM
12555,418792,BC,181.000,18923,1419,CS,OC
12556,261626,BC,181.000,18926,2607,CS,OC
12557,280799,BC,181.000,18929,1304,SC,OC
12558,228058,BCM,181.000,18930,4,AU,BCM
12559,284259,BC,181.000,18933,3830,AD,OC
12560,228858,MBC,181.000,18935,1399,MZ,MBC
12561,241858,MBC,181.000,18938,2764,CS,MBC
12562,272444,BC,181.000,18940,2764,CB,OC
12563,317738,BC,181.000,18945,2718,AD,OC
12564,243779,BC,181.000,18947,1304,CS,BC
12565,352086,MBC,181.000,18949,1412,EC,OC
12566,207589,OC,181.000,18951,2,LE,OC
12567,338585,MBC,181.000,18955,1211,CS,MBC
12568,275781,BC,181.000,18956,4954,AD,OC
12569,282046,MBC,181.000,18957,1211,CS,MBC
12570,232136,BCM,181.000,18958,2711,CS,OC
12571,260847,MBC,181.000,18959,2711,EC,OC
12572,325467,BC,181.000,18960,1111,CS,OC
12573,229407,MBC,181.000,18961,2739,IT,MBC
12574,374917,BC,181.000,18963,2718,CS,BC
12575,368809,MBC,181.000,18965,2615,MT,OC
12576,421654,BC,181.000,18967,3465,CS,OC
12577,269972,BC,181.000,18968,5008,CN,OC
12578,212401,BC,181.000,18969,2764,IT,OC
12579,488826,MBC,181.000,18970,2025,EC,MBC
12580,384215,BC,181.000,18973,4965,AD,OC
12581,395051,BC,181.000,18974,2764,EE,OC
12582,289369,MBC,181.000,18975,3011,CS,MBC
12583,340739,BC,181.000,18978,2006,MS,BC
12584,213806,SC,181.000,18981,5008,CM,SC
12585,209882,BC,181.000,18982,2006,MS,BC
12586,432460,BC,181.000,18983,2025,AD,BC
12587,278546,MBC,181.000,18984,5901,EE,OC
12588,209855,BC,181.000,18987,2718,AD,OC
12589,371999,BC,181.000,18989,1211,EC,BC
12590,493671,BCM,181.000,18990,4020,AD,OC
12591,378018,OC,181.000,18991,2006,AS,OC
12592,377420,SC,181.000,18993,2739,EC,SC
12593,419966,BC,181.000,18996,2702,CS,OC
12594,395272,MBC,181.000,18997,2710,EC,OC
12595,314360,MBC,181.000,18999,2764,CS,MBC
12596,392696,MBC,181.000,19000,2006,MS,MBC
12597,342153,MBC,181.000,19001,1432,CS,MBC
12598,407793,MBC,181.000,19003,1432,AM,MBC
12599,224892,BC,181.000,19005,2005,ME,BC
12600,348652,BC,181.000,19006,2764,EV,OC
12601,403470,MBC,181.000,19007,2718,CS,MBC
12602,381623,BC,181.000,19008,1211,EC,BC
12603,339460,BCM,181.000,19009,2739,EC,BCM
12604,338544,BC,181.000,19010,2718,AD,OC
12605,261072,BC,181.000,19011,1419,EC,OC
12606,363224,BC,181.000,19012,1113,CS,OC
12607,329207,BC,181.000,19013,2706,CS,OC
12608,482203,BC,181.000,19014,1432,AD,OC
12609,335462,BC,181.000,19016,2718,AD,OC
12610,334702,MBC,181.000,19017,1432,AD,OC
12611,375293,BC,181.000,19018,4992,CS,OC
12612,378177,BC,181.000,19020,2005,ME,BC
12613,248811,BC,181.000,19022,1216,EC,OC
12614,445675,MBC,181.000,19023,2709,EC,MBC
12615,302371,BC,181.000,19026,2710,EC,OC
12616,305313,BC,181.000,19027,1216,CS,OC
12617,375515,MBC,181.000,19028,1211,CS,MBC
12618,351181,MBC,181.000,19029,2764,AD,MBC
12619,282538,BC,181.000,19030,2764,AD,BC
12620,247649,BC,181.000,19031,1419,AM,OC
12621,382185,BC,181.000,19036,1317,EC,OC
12622,362641,BCM,181.000,19037,1216,CS,OC
12623,371240,BC,181.000,19038,2622,EC,OC
12624,332040,MBC,181.000,19040,2653,EC,OC
12625,286991,MBC,181.000,19041,1304,AD,OC
12626,296888,BC,181.000,19043,2750,AD,OC
12627,220625,MBC,181.000,19045,2712,IT,MBC
12628,309202,BC,181.000,19046,2718,EC,BC
12629,354045,SC,181.000,19048,2005,IT,SC
12630,289678,MBC,181.000,19050,1211,EC,MBC
12631,212215,SC,181.000,19055,2377,AD,SC
12632,324711,SC,181.000,19057,2712,AE,SC
12633,266631,MBC,181.000,19058,1450,CS,MBC
12634,231479,BC,181.000,19060,2718,AD,OC
12635,352515,BC,181.000,19062,2709,IT,OC
12636,259696,MBC,181.000,19063,1211,CS,MBC
12637,278574,BC,181.000,19068,5986,CS,OC
12638,408184,BC,181.000,19069,1118,CS,OC
12639,424001,BC,181.000,19072,5907,IT,OC
12640,336535,MBC,181.000,19073,1317,SC,OC
12641,218984,BC,181.000,19081,2718,SC,OC
12642,220522,BC,181.000,19083,4917,AM,OC
12643,345387,BC,181.000,19084,2710,AD,OC
12644,473379,OC,181.000,19087A,1211,AE,OC
12645,416484,BC,181.000,19088,1432,AD,BC
12646,414026,BC,181.000,19089,2706,EC,OC
12647,396525,BC,181.000,19090,2005,ME,BC
12648,229969,BCM,181.000,19092,4944,AD,OC
12649,372380,BC,181.000,19094,2702,EC,OC
12650,328398,MBC,181.000,19095,1432,AM,MBC
12651,328703,BC,181.000,19099,2739,EE,BC
12652,417294,BC,181.000,19100,2702,CS,OC
12653,437710,MBC,181.000,19104,1,MN,MBC
12654,408340,MBC,181.000,19105,2712,AE,MBC
12655,271290,BC,181.000,19107,1408,EC,OC
12656,312896,BCM,181.000,19110,2736,EC,OC
12657,329063,OC,181.000,19111,2025,EE,OC
12658,352256,MBC,181.000,19113,2718,CS,MBC
12659,276823,BC,181.000,19114,1216,SC,BC
12660,263279,BC,181.000,19116,1317,CS,OC
12661,400127,BC,181.000,19117,1211,AD,BC
12662,259559,BC,181.000,19118,2702,CS,OC
12663,441848,BC,181.000,19119,1211,CS,BC
12664,215189,BC,181.000,19120,2764,EC,BC
12665,491232,BC,181.000,19121,4974,EE,OC
12666,232392,BC,181.000,19122,2718,CS,BC
12667,446445,BC,181.000,19123,4974,EE,OC
12668,302986,BC,181.000,19124,1110,AM,OC
12669,333762,MBC,181.000,19127,1432,EC,MBC
12670,332059,MBC,181.000,19128,2764,SC,MBC
12671,378417,BC,181.000,19129,2,IS,BC
12672,475756,SC,181.000,19130,5008,CM,SC
12673,263864,BC,181.000,19131,1304,AM,OC
12674,275358,BC,181.000,19133,2718,CS,BC
12675,271323,BC,181.000,19134,5901,EE,OC
12676,458699,BC,181.000,19135,2718,ME,OC
12677,474671,BC,181.000,19136,1412,AD,OC
12678,467602,BC,181.000,19137,1211,CS,BC
12679,200870,BC,181.000,19141,1211,EC,BC
12680,309605,MBC,181.000,19142,2712,EE,MBC
12681,390861,BC,181.000,19143,1432,AD,BC
12682,222953,BC,181.000,19144,1317,CS,OC
12683,388400,MBC,181.000,19145,5901,EE,OC
12684,328806,BC,181.000,19148,4023,CS,OC
12685,367813,BC,181.000,19150,1419,CS,OC
12686,439658,MBC,181.000,19151,2718,CS,MBC
12687,342790,MBC,181.000,19155,1432,EC,MBC
12688,367368,BC,181.000,19156,2718,AD,OC
12689,345967,BC,181.000,19157,5986,CS,OC
12690,298736,MBC,181.000,19158,2710,CS,MBC
12691,364706,BC,181.000,19159,3011,EC,OC
12692,405153,BC,181.000,19160,2719,CS,OC
12693,324507,BC,181.000,19161,2615,ME,OC
12694,405266,BC,181.000,19162,2764,IT,OC
12695,347047,BC,181.000,19163,1304,EC,BC
12696,236488,BC,181.000,19164,2005,PR,OC
12697,332176,MBC,181.000,19166,2718,CS,MBC
12698,223464,MBC,181.000,19167,1,GI,MBC
12699,244000,BCM,181.000,19168,1317,CS,OC
12700,429930,BC,181.000,19170,2673,CS,OC
12701,273006,BC,181.000,19171,2739,CB,BC
12702,460097,BC,181.000,19172,2603,EC,OC
12703,204980,MBC,181.000,19174,2736,SC,OC
12704,426037,BC,181.000,19177,1211,AD,BC
12705,451847,BCM,181.000,19178,1424,AD,OC
12706,349175,BC,181.000,19180,1211,AD,BC
12707,464044,MBC,181.000,19183,1432,CS,MBC
12708,322688,BC,181.000,19189,2005,IB,OC
12709,270795,MBC,181.000,19190,2615,EE,MBC
12710,408837,MBC,181.000,19191,2025,EE,OC
12711,414847,BC,181.000,19193,1,MN,BC
12712,256018,BC,181.000,19195,1432,AD,BC
12713,419730,MBC,181.000,19196,2609,EC,OC
12714,470081,BC,181.000,19197,2711,EC,OC
12715,263467,MBC,181.000,19198,1118,AD,OC
12716,329187,BC,181.000,19200,1432,AD,BC
12717,351821,SC,181.000,19203,2377,CS,SC
12718,323304,SCA,181.000,19204,2615,AM,SCA
12719,208047,BCM,181.000,19205,2025,EE,OC
12720,274440,MBC,181.000,19207,1432,CS,MBC
12721,376919,BC,181.000,19211,1211,CD,OC
12722,471436,OC,181.000,19213,1211,EE,OC
12723,200534,MBC,181.000,19214,1399,ME,MBC
12724,408640,MBC,181.000,19217,2006,AS,OC
12725,436106,BC,181.000,19218,1450,EC,BC
12726,429753,BC,181.000,19219,2025,CS,BC
12727,395197,BC,181.000,19220,2711,CS,OC
12728,227319,BC,181.000,19221,2764,EC,BC
12729,353621,BC,181.000,19222,2718,AD,OC
12730,204068,MBC,181.000,19223,1211,IT,MBC
12731,390846,BC,181.000,19227,2750,CS,OC
12732,366722,MBC,181.000,19229,2764,CS,MBC
12733,212894,BC,181.000,19230,2005,IB,OC
12734,305176,BC,181.000,19231,5910,EC,OC
12735,373183,BC,181.000,19232,1211,CS,BC
12736,486344,MBC,181.000,19233,5901,IT,MBC
12737,318596,BCM,181.000,19235,2736,AD,OC
12738,209570,OC,181.000,19236,2006,AS,OC
12739,326759,BC,181.000,19237,2706,CS,OC
12740,396637,MBC,181.000,19238,1432,CS,MBC
12741,252516,BC,181.000,19239,2718,IT,OC
12742,432586,BC,181.000,19240,2711,CS,OC
12743,226590,BC,181.000,19241,1304,EC,BC
12744,280928,BC,181.000,19242,5010,EC,OC
12745,275917,BC,181.000,19243,2710,EC,OC
12746,378016,MBC,181.000,19244,1432,EC,MBC
12747,421105,BC,181.000,19249,1211,AD,BC
12748,223332,MBC,181.000,19250,2718,SC,OC
12749,454239,BC,181.000,19251,1216,SC,BC
12750,287340,BC,181.000,19254,2,PP,BC
12751,310352,BCM,181.000,19255,1211,IT,BCM
12752,433613,BC,181.000,19256,2718,CS,BC
12753,277428,BC,181.000,19259,2006,MT,BC
12754,285616,BC,181.000,19261,1216,AD,BC
12755,394639,BC,181.000,19263,1450,IT,OC
12756,471955,BC,181.000,19264,1211,CS,BC
12757,370255,BC,181.000,19265,1211,SC,BC
12758,386481,BC,181.000,19266,4974,EE,OC
12759,305608,MBC,181.000,19268,2709,CF,OC
12760,269930,BC,181.000,19270,1304,EC,BC
12761,287795,MBC,181.000,19271,5008,CE,MBC
12762,406578,BCM,181.000,19272,1113,EC,OC
12763,375056,BC,181.000,19273,1432,EC,BC
12764,320410,BC,181.000,19275,2711,EC,OC
12765,464582,BC,181.000,19276,2764,IT,OC
12766,368103,BC,181.000,19277,2718,SC,OC
12767,383176,SC,181.000,19279,1399,EA,SC
12768,313587,BC,181.000,19280,1399,CE,BC
12769,277396,OC,181.000,19282,1211,RM,OC
12770,349966,MBC,181.000,19285,2739,EE,MBC
12771,238013,SC,181.000,19286,2005,EE,SC
12772,278780,MBC,181.000,19287,2702,EC,OC
12773,485526,OC,181.000,19291,2622,CS,OC
12774,335050,MBC,181.000,19292,2710,CS,MBC
12775,298584,BC,181.000,19293,1432,AD,BC
12776,375939,BC,181.000,19297,1216,CS,OC
12777,352296,BC,181.000,19298,2764,IT,OC
12778,465404,OC,181.000,19299,1126,BM,OC
12779,469328,MBC,181.000,19300,3806,EC,OC
12780,409222,MBC,181.000,19301,2723,SC,OC
12781,227630,BC,181.000,19302,1219,EC,OC
12782,299371,BC,181.000,19304,4974,EE,OC
12783,352530,BC,181.000,19305,1304,CB,OC
12784,202902,BC,181.000,19306,2718,AM,BC
12785,341967,BC,181.000,19307,2615,CE,OC
12786,295170,BC,181.000,19308,2702,CS,OC
12787,365717,SC,181.000,19309,4,PR,SC
12788,469965,BC,181.000,19314,1216,EC,OC
12789,322898,BC,181.000,19315,2615,CE,OC
12790,262795,SC,181.000,19316,2,CH,SC
12791,284793,BC,181.000,19317,5901,EE,OC
12792,233289,BC,181.000,19319,2702,CS,OC
12793,204687,MBC,181.000,19320,1432,AD,MBC
12794,339752,MBC,181.000,19321,2750,EC,OC
12795,467959,MBC,181.000,19322,2329,CS,OC
12796,382861,BC,181.000,19323,2,CR,OC
12797,209531,BC,181.000,19324,2718,EC,BC
12798,427929,MBC,181.000,19326,2711,EC,OC
12799,383207,BC,181.000,19328,4974,EE,OC
12800,381423,BC,181.000,19329,2718,IT,OC
12801,212254,BC,181.000,19330,1211,EC,BC
12802,419444,BC,181.000,19331,2718,AD,OC
12803,303666,BC,181.000,19333,1216,EC,OC
12804,282219,BC,181.000,19335,1317,CS,OC
12805,376781,BC,181.000,19336,2718,SC,OC
12806,324551,BC,181.000,19337,2718,AD,OC
12807,240553,BC,181.000,19342,4962,EC,OC
12808,436782,MBC,181.000,19345,2369,CS,OC
12809,346537,BC,181.000,19346,2702,CS,OC
12810,465465,OC,181.000,19347,1126,EC,OC
12811,466266,OC,181.000,19349,2005,IB,OC
12812,211205,BC,181.000,19350,2005,CE,BC
12813,330095,BC,181.000,19351,2710,EC,OC
12814,383329,MBC,181.000,19352,2718,CS,MBC
12815,445411,MBC,181.000,19355,1419,CS,OC
12816,219048,BC,181.000,19358,2764,EC,BC
12817,237661,MBC,181.000,19360,2006,IY,MBC
12818,463314,BC,181.000,19361,5008,MF,OC
12819,395513,BC,181.000,19362,2764,EE,OC
12820,227710,OC,181.000,19364,1219,IT,OC
12821,366585,MBC,181.000,19365,1211,EC,MBC
12822,351723,BC,181.000,19366,2718,AD,OC
12823,451790,BC,181.000,19368,1422,AD,OC
12824,482157,OC,181.000,19369,1126,EC,OC
12825,260524,BC,181.000,19370,1219,EC,OC
12826,489233,MBC,181.000,19371,2710,AD,MBC
12827,218248,BCM,181.000,19373,1450,EE,OC
12828,262106,BC,181.000,19374,1219,AD,OC
12829,227835,BC,181.000,19375,2709,IT,OC
12830,454801,MBC,181.000,19377,5008,CW,MBC
12831,259699,BC,181.000,19378,1211,EC,BC
12832,440806,BC,181.000,19381,2329,CS,OC
12833,392765,BC,181.000,19382,2750,CS,OC
12834,435125,BCM,181.000,19383,2718,EC,BCM
12835,270489,BC,181.000,19388,1432,AD,BC
12836,387573,MBC,181.000,19390,2709,CF,OC
12837,364248,BC,181.000,19391,1113,EC,OC
12838,211436,MBC,181.000,19393,2739,AM,MBC
12839,428260,BC,181.000,19394,2005,PR,OC
12840,292775,MBC,181.000,19395,1432,CS,MBC
12841,283027,BCM,181.000,19396,5901,IT,BCM
12842,428035,BC,181.000,19397,2718,SC,OC
12843,209568,BC,181.000,19398,2006,MT,BC
12844,478134,BC,181.000,19400,2718,SC,OC
12845,490757,BC,181.000,19401,1211,AE,OC
12846,359258,BC,181.000,19402,2764,EC,BC
12847,488402,BC,181.000,19404,1216,CS,OC
12848,254720,BC,181.000,19405,2620,CS,OC
12849,321240,BC,181.000,19406,2025,EC,BC
12850,287447,BC,181.000,19408,1113,EC,OC
12851,339390,MBC,181.000,19409,2615,CE,OC
12852,385744,MBC,181.000,19410,2005,CE,MBC
12853,393679,MBC,181.000,19412,2708,ME,OC
12854,217629,MBC,181.000,19414,1211,SC,MBC
12855,485706,SC,181.000,19415,5008,CM,SC
12856,445481,MBC,181.000,19416,1211,CH,OC
12857,305235,BC,181.000,19417,2710,AD,BC
12858,475751,BC,181.000,19419,2329,AD,OC
12859,404068,BC,181.000,19420,2752,EC,OC
12860,278891,SC,181.000,19421,1422,AD,OC
12861,229106,BC,181.000,19422,1113,EC,OC
12862,482224,OC,181.000,19423,1126,EC,OC
12863,243881,MBC,181.000,19426,1211,SC,MBC
12864,216473,BC,181.000,19428,2719,EC,OC
12865,462737,MBC,181.000,19429,2710,EE,OC
12866,343090,SC,181.000,19430,2005,ME,SC
12867,457697,MBC,181.000,19431,1232,AD,OC
12868,210319,BC,181.000,19432,2006,MT,BC
12869,382726,MBC,181.000,19433,5008,ME,MBC
12870,309584,MBC,181.000,19434,4,AU,MBC
12871,333012,SC,181.000,19439,2005,IT,SC
12872,371649,BC,181.000,19440,4974,EC,BC
12873,456802,BC,180.735,19442,1211,CS,BC
12874,457956,BC,180.667,19443,2718,AD,OC
12875,201769,BC,180.500,19445,5010,CS,OC
12876,354067,MBC,180.500,19446,2739,CO,MBC
12877,311577,BC,180.500,19447,1216,EC,OC
12878,385555,MBC,180.500,19448,5010,AM,OC
12879,329101,BC,180.500,19450,1422,AD,OC
12880,366146,BC,180.500,19451,2718,AD,OC
12881,257415,MBC,180.500,19454,1432,EC,MBC
12882,306718,MBC,180.500,19455,2710,EC,OC
12883,269989,BC,180.500,19456,2636,AD,OC
12884,350482,BC,180.500,19457,2764,EC,BC
12885,258600,MBC,180.500,19458,2712,IT,MBC
12886,483464,OC,180.500,19459,2622,CS,OC
12887,473801,BC,180.500,19460,2718,AD,OC
12888,262736,BC,180.500,19461,1432,AD,BC
12889,300506,SCA,180.500,19464,2710,AD,SCA
12890,389279,MBC,180.500,19466,2710,EC,MBC
12891,457980,ST,180.500,19469,1399,ME,ST
12892,225603,BC,180.500,19470,1432,AD,BC
12893,391609,BC,180.500,19471,2736,EE,OC
12894,275329,BC,180.500,19474,2710,AD,BC
12895,210198,BC,180.500,19476,1219,CS,OC
12896,220692,MBC,180.500,19477A,1,MN,MBC
12897,397064,SCA,180.500,19479,2007,CM,SCA
12898,291785,OC,180.500,19480,1317,CS,OC
12899,220998,BC,180.500,19481,3819,CS,OC
12900,457821,BC,180.500,19482,2329,AM,OC
12901,397868,BC,180.500,19484,2718,AD,OC
12902,378196,MBC,180.500,19485,2740,EC,OC
12903,428233,BC,180.500,19487,2711,CS,OC
12904,452333,MBC,180.500,19493,2603,EC,OC
12905,473977,MBC,180.500,19494,1408,CS,OC
12906,357025,SC,180.500,19495,1399,CS,SC
12907,313504,MBC,180.500,19496,2764,AD,MBC
12908,325312,MBC,180.500,19497,2005,CE,MBC
12909,339050,SC,180.500,19499,1399,EC,SC
12910,378547,BCM,180.500,19501,1432,EC,BCM
12911,383980,BC,180.500,19502,1216,EC,OC
12912,212032,BC,180.500,19503,2710,AD,BC
12913,230883,BC,180.500,19504,2025,ME,OC
12914,312427,BCM,180.500,19505,3011,AM,OC
12915,427133,BC,180.500,19509,2706,AM,OC
12916,391771,SCA,180.500,19510,2736,EC,OC
12917,275732,BC,180.500,19511,2653,EC,OC
12918,413870,BCM,180.500,19514,2750,CB,OC
12919,280618,MBC,180.500,19517,1211,SC,MBC
12920,332005,SC,180.500,19519,2712,EC,SC
12921,204805,BC,180.500,19521,1304,CS,BC
12922,408025,MBC,180.500,19522,2622,EC,OC
12923,221041,BC,180.500,19523,2718,AD,OC
12924,426394,BC,180.500,19524,5986,AD,OC
12925,340001,BC,180.500,19525,1219,EC,OC
12926,327057,BCM,180.500,19526,2005,ME,BCM
12927,219100,BC,180.500,19527,1211,CS,BC
12928,395414,SC,180.500,19528,2377,EC,SC
12929,255434,MBC,180.500,19529,2712,IT,MBC
12930,380264,MBC,180.500,19530,1211,AD,MBC
12931,450253,SC,180.500,19531,2764,AM,SC
12932,204536,BCM,180.500,19533,1211,CB,OC
12933,205666,MBC,180.500,19534,2603,SC,OC
12934,247528,MBC,180.500,19535,1432,CS,MBC
12935,372925,BC,180.500,19536,1211,AD,BC
12936,428970,BC,180.500,19538,2702,EC,OC
12937,420931,BC,180.500,19539,2025,AD,BC
12938,242682,BC,180.500,19540,4959,CS,OC
12939,279854,BC,180.500,19541,1304,EC,BC
12940,291297,OC,180.500,19542,1113,CS,OC
12941,290615,BC,180.500,19545,2750,CS,OC
12942,221806,BC,180.500,19547,2718,IT,OC
12943,378464,BC,180.500,19548,2750,AM,BC
12944,449836,BC,180.500,19552,2751,ME,OC
12945,313730,BC,180.500,19553,1211,CS,BC
12946,319036,BC,180.500,19554,2718,EE,OC
12947,253293,MBC,180.500,19555,2710,SC,MBC
12948,244674,BC,180.500,19556,4974,EE,OC
12949,221058,MBC,180.500,19557,5008,EU,MBC
12950,319389,BC,180.500,19558,2718,EC,BC
12951,418040,MBC,180.500,19561,2005,CE,MBC
12952,249731,BCM,180.500,19562,1211,IT,BCM
12953,364699,MBC,180.500,19563,1233,AD,OC
12954,446647,MBC,180.500,19564,2749,EC,OC
12955,358604,BC,180.500,19566,2718,AD,OC
12956,295635,BC,180.500,19568,4944,EC,OC
12957,471391,BC,180.500,19569,1450,AD,BC
12958,309891,BC,180.500,19570,1216,EC,OC
12959,488543,MBC,180.500,19573,4949,AD,OC
12960,467136,BC,180.500,19574,2005,PR,OC
12961,377694,SC,180.500,19575,2006,ME,SC
12962,226472,SC,180.500,19577,5008,EE,SC
12963,391879,BC,180.500,19578,2710,AD,BC
12964,460137,MBC,180.500,19579,3826,EC,OC
12965,420459,BC,180.500,19580,1,MN,BC
12966,392850,BC,180.500,19581,2710,SC,BC
12967,408400,MBC,180.500,19585,4,PR,MBC
12968,233664,BC,180.500,19586,2711,CS,OC
12969,289242,BC,180.500,19587,2718,AD,OC
12970,278994,MBC,180.500,19588,1113,CA,OC
12971,237989,BC,180.500,19590,2723,IT,OC
12972,308101,BC,180.500,19591,2622,CS,OC
12973,393915,BC,180.500,19592,2718,IT,OC
12974,399222,BCM,180.500,19593,5910,EC,OC
12975,374233,MBC,180.500,19594,2005,CE,MBC
12976,449424,BC,180.500,19595,2702,EC,OC
12977,307288,MBC,180.500,19596,2702,EC,OC
12978,363732,BC,180.500,19597,2723,CS,OC
12979,363029,BC,180.500,19597A,1211,CS,BC
12980,408351,MBC,180.500,19598,2006,IY,MBC
12981,350134,BC,180.500,19599,2702,CS,OC
12982,325742,MBC,180.500,19600,2611,CY,OC
12983,269726,MBC,180.500,19602,1399,CB,MBC
12984,204578,OC,180.500,19604,2706,CE,OC
12985,228192,BCM,180.500,19606,1211,CS,BCM
12986,226942,BC,180.500,19607,2718,AD,OC
12987,435107,BCM,180.500,19608,1101,AD,OC
12988,467754,MBC,180.500,19609,1211,CS,MBC
12989,360892,BC,180.500,19610,2710,SC,BC
12990,326021,MBC,180.500,19612,2006,PR,MBC
12991,324677,BC,180.500,19613,1317,AM,OC
12992,208483,BC,180.500,19614,1304,CS,BC
12993,302125,BCM,180.500,19615,2025,AD,BCM
12994,244284,MBC,180.500,19616,2718,CS,MBC
12995,455484,BCM,180.500,19619,5907,AD,OC
12996,369196,OC,180.500,19620,1219,CS,OC
12997,428713,MBC,180.500,19622,2653,CS,OC
12998,241177,BC,180.500,19624,1219,CS,OC
12999,392434,MBC,180.500,19626,2751,AM,OC
13000,207116,MBC,180.500,19627,2712,MZ,MBC
13001,261559,BC,180.500,19628,1211,CB,OC
13002,365424,MBC,180.500,19629,4974,EC,MBC
13003,362830,MBC,180.500,19630,2712,IT,MBC
13004,251888,BC,180.500,19632,1419,CS,OC
13005,255229,BC,180.500,19633,2006,FY,OC
13006,205637,BC,180.500,19634,2702,EC,OC
13007,218841,BCM,180.500,19636,3830,EC,OC
13008,265504,BC,180.500,19637,1219,EC,OC
13009,215271,MBC,180.500,19640,2764,AM,MBC
13010,321303,BC,180.500,19641,3011,CS,BC
13011,325245,MBC,180.500,19642,2618,EC,OC
13012,305813,BC,180.500,19643,1419,CB,OC
13013,469561,BC,180.500,19644,1516,EC,OC
13014,437604,BC,180.500,19646,2764,EE,OC
13015,470405,BC,180.500,19647,2711,CS,OC
13016,288114,BC,180.500,19648,1419,CS,OC
13017,357557,BC,180.500,19649,2718,AD,OC
13018,229112,SC,180.500,19651,1399,CS,SC
13019,286819,BC,180.500,19653,5901,EE,OC
13020,217621,MBC,180.500,19654,2718,EC,MBC
13021,295329,BC,180.500,19655,2,PM,OC
13022,469299,BC,180.500,19656,2764,EV,OC
13023,384065,BC,180.500,19658,2764,EC,BC
13024,216488,MBC,180.500,19658A,1216,CS,OC
13025,289911,BC,180.500,19661,1216,CS,OC
13026,334634,MBC,180.500,19662,1432,CS,MBC
13027,215370,BCM,180.500,19663,1211,AD,BCM
13028,482215,OC,180.500,19664,2622,CS,OC
13029,270974,BCM,180.500,19666,2739,CO,BCM
13030,258537,BC,180.500,19667,2764,EC,BC
13031,243088,OC,180.500,19668,1304,IT,OC
13032,204691,BC,180.500,19669,2653,CS,OC
13033,207310,BCM,180.500,19670,3807,AD,OC
13034,364423,MBC,180.500,19672,5910,EC,OC
13035,294937,MBC,180.500,19675,1432,ME,MBC
13036,390941,SC,180.500,19676,2005,EE,SC
13037,375460,BC,180.500,19677,2750,EC,OC
13038,379969,MBC,180.500,19678,5901,CE,OC
13039,249470,BC,180.500,19679,2718,IT,OC
13040,378161,SCA,180.500,19680,5010,CS,OC
13041,392886,SC,180.500,19682,1399,EC,SC
13042,468452,MBC,180.500,19683,2764,CE,OC
13043,400007,MBC,180.500,19684,1432,EC,MBC
13044,338840,BC,180.500,19685,1432,AD,BC
13045,445127,BC,180.500,19688,2718,CS,BC
13046,392666,SC,180.500,19690,2006,BY,SC
13047,246591,BC,180.500,19691,2702,AD,OC
13048,224054,BCM,180.500,19692,2710,CS,BCM
13049,281631,SC,180.500,19694,5008,EM,SC
13050,490282,MBC,180.500,19699,1,MA,MBC
13051,228222,BC,180.500,19701,2025,EC,BC
13052,297632,BC,180.500,19702,2750,CB,OC
13053,379937,BC,180.500,19703,2702,CS,OC
13054,385990,MBC,180.500,19704,2005,ME,MBC
13055,270534,BC,180.500,19706,2620,AD,OC
13056,278183,BC,180.500,19709,2718,EC,BC
13057,321822,BC,180.500,19710,2718,SC,OC
13058,300020,MBC,180.500,19711,1219,EC,OC
13059,293155,BC,180.500,19713,2749,CS,OC
13060,307309,BC,180.500,19714,2750,AM,BC
13061,334136,BC,180.500,19715,1216,SC,BC
13062,259889,BC,180.500,19716,1216,EC,OC
13063,212368,BC,180.500,19718,2718,CS,BC
13064,239101,OC,180.500,19719,2718,IT,OC
13065,343266,BC,180.500,19720,2709,EC,BC
13066,237927,BC,180.500,19722,2764,BM,OC
13067,445307,BC,180.500,19723,1432,EV,OC
13068,286058,SC,180.500,19724,2712,AD,SC
13069,460306,MBC,180.500,19725,2603,EC,OC
13070,444963,MBC,180.500,19726,1211,AD,MBC
13071,472784,MBC,180.500,19727,4960,AD,OC
13072,257266,BC,180.500,19728,3465,EC,OC
13073,306882,BC,180.500,19729,2718,CS,BC
13074,281098,SC,180.500,19730,2007,IM,SC
13075,283240,MBC,180.500,19731,2764,SC,MBC
13076,301025,BCM,180.500,19732,1211,AD,BCM
13077,290302,BC,180.500,19733,1211,CS,BC
13078,384686,BC,180.500,19734,2025,EC,BC
13079,477012,MBC,180.500,19735,2,AP,OC
13080,227869,MBC,180.500,19736,1432,EC,MBC
13081,202551,MBC,180.500,19737,2718,SC,OC
13082,329046,BCM,180.500,19740,3011,EE,OC
13083,398401,MBC,180.500,19741,2764,AM,MBC
13084,207578,BCM,180.500,19742,1211,AL,BCM
13085,297857,BC,180.500,19745,2718,AD,OC
13086,348769,MBC,180.500,19746,5010,EC,OC
13087,272358,BC,180.500,19749,2711,CS,OC
13088,259322,BC,180.500,19750,2718,AD,OC
13089,345977,BCM,180.500,19751,2377,RI,BCM
13090,278656,BC,180.500,19752,1140,CS,OC
13091,446961,BC,180.500,19753,2718,CS,BC
13092,398916,BC,180.500,19755,2719,EC,OC
13093,293295,BC,180.500,19756,2718,AD,OC
13094,300702,BCM,180.500,19758,5986,CS,OC
13095,351141,BC,180.500,19759,1304,AM,OC
13096,311892,BC,180.500,19761,5901,EE,OC
13097,385917,BC,180.500,19762,2718,EC,BC
13098,321307,MBC,180.500,19763,2618,CS,OC
13099,200881,BC,180.500,19765,2615,ME,OC
13100,381948,SC,180.500,19768,2006,ME,SC
13101,235962,MBC,180.500,19769,2712,IT,MBC
13102,432151,MBC,180.500,19772,2615,ME,OC
13103,257024,BC,180.500,19773,2702,CS,OC
13104,320028,OC,180.500,19776,1216,AL,OC
13105,269317,BC,180.500,19777,2006,TT,OC
13106,266687,BC,180.500,19778,1113,CS,OC
13107,300556,SC,180.500,19779,2007,EE,SC
13108,262028,SC,180.500,19780,2,CL,SC
13109,397255,BC,180.500,19781,2711,EC,OC
13110,319705,MBC,180.500,19782,2377,IC,MBC
13111,385403,BC,180.500,19783,2617,CS,OC
13112,329237,BC,180.500,19786,2764,EC,BC
13113,399835,BC,180.500,19790,2622,AD,OC
13114,290727,BC,180.500,19791,2764,CB,OC
13115,326462,MBC,180.500,19792,1211,SC,MBC
13116,467015,BC,180.500,19793,2710,EC,BC
13117,446874,BC,180.500,19794,2711,EC,OC
13118,262732,MBC,180.500,19795,2708,CS,OC
13119,210985,BC,180.500,19796,1419,CS,OC
13120,235815,BC,180.500,19797,1120,AD,OC
13121,277405,BC,180.500,19798,2712,CE,OC
13122,254108,BC,180.500,19799,1399,CE,BC
13123,452825,BC,180.500,19802,1211,BT,OC
13124,399711,MBC,180.500,19805,2609,EC,OC
13125,241934,BC,180.500,19807,2764,EC,BC
13126,428426,BC,180.500,19808,2702,CS,OC
13127,381206,BC,180.500,19809,1432,EV,OC
13128,371451,BC,180.500,19810,2718,AM,BC
13129,459911,BC,180.500,19811,3011,AM,OC
13130,329992,BC,180.500,19818,2718,CS,BC
13131,211588,BC,180.500,19820,2,PM,OC
13132,377690,MBC,180.500,19823,2764,CS,MBC
13133,397624,BC,180.500,19825,5008,MF,BC
13134,477974,BC,180.500,19826,2718,AM,BC
13135,350852,MBC,180.500,19827,1211,CS,MBC
13136,288884,MBC,180.500,19828,2739,AM,MBC
13137,285443,BC,180.500,19829,2718,AD,OC
13138,219067,BC,180.500,19830,5010,AM,OC
13139,486737,OC,180.500,19832,1126,EC,OC
13140,452350,BC,180.500,19833,2711,CS,OC
13141,289346,BC,180.500,19838,2736,CS,OC
13142,430483,BC,180.500,19839,1304,CS,BC
13143,370699,SCA,180.500,19840,1,BY,SCA
13144,332786,BC,180.500,19842,2764,CB,OC
13145,465480,OC,180.500,19843,1126,CS,OC
13146,200097,MBC,180.500,19844,1432,CS,MBC
13147,289477,SC,180.500,19845,2006,MS,SC
13148,398433,MBC,180.500,19847,2718,EC,MBC
13149,203198,MBC,180.500,19848,1450,AD,MBC
13150,263684,BC,180.500,19849,2710,CS,BC
13151,385016,BC,180.500,19850,2764,CB,OC
13152,428519,MBC,180.500,19851,2764,CS,MBC
13153,451869,BC,180.500,19853,2005,CE,BC
13154,293946,BC,180.500,19854,2025,AD,BC
13155,426656,BC,180.500,19855,2718,EC,BC
13156,367355,MBC,180.500,19856,1211,EE,OC
13157,398247,BC,180.500,19858,2,PP,BC
13158,301209,MBC,180.500,19859,1216,CS,OC
13159,394530,MBC,180.500,19861,1450,EE,OC
13160,417084,MBC,180.500,19864,2710,EC,MBC
13161,313919,BC,180.500,19865,2620,AM,OC
13162,287573,SC,180.500,19866,2007,CH,SC
13163,287422,BC,180.500,19867,2719,ME,OC
13164,437448,BC,180.500,19868,2764,CB,OC
13165,206472,OC,180.500,19869,2727,AD,OC
13166,230536,BC,180.500,19870,1113,CS,OC
13167,339581,MBC,180.500,19871,1211,AD,MBC
13168,307227,BC,180.500,19872,1304,EC,BC
13169,370619,BC,180.500,19873,1219,EC,OC
13170,451474,BC,180.500,19875,2718,CS,BC
13171,252364,BC,180.500,19878,1419,CS,OC
13172,354961,BC,180.500,19879,1126,EC,OC
13173,353565,OC,180.500,19880,2718,IT,OC
13174,260204,BC,180.500,19881,2710,EC,BC
13175,376533,BC,180.500,19884,2710,CS,BC
13176,316923,SC,180.500,19885,2007,EE,SC
13177,363727,BC,180.500,19886,2718,AD,OC
13178,385922,BC,180.500,19887,1304,EC,BC
13179,357621,BC,180.500,19888,2764,CB,OC
13180,354101,BC,180.500,19890,5008,MF,BC
13181,222352,MBC,180.500,19891,1399,CB,MBC
13182,231845,BC,180.500,19893,2718,EC,BC
13183,232672,BCM,180.500,19894,2712,BT,BCM
13184,383690,BC,180.500,19896,1113,CS,OC
13185,260976,MBC,180.500,19897,1120,EC,OC
13186,286257,BC,180.500,19899,2702,AD,OC
13187,308568,BC,180.500,19900,1304,CS,BC
13188,218005,BC,180.500,19901,1432,CS,BC
13189,227200,BC,180.500,19903,2711,EC,OC
13190,438305,BC,180.500,19904,1113,CS,OC
13191,218700,BC,180.500,19905,4955,CS,OC
13192,308361,MBC,180.500,19906,2718,CS,MBC
13193,422962,BC,180.500,19907,1304,AD,OC
13194,350905,OC,180.500,19908,1113,EC,OC
13195,330526,BC,180.500,19910,1432,AD,BC
13196,206414,BC,180.500,19911,2710,AD,BC
13197,427520,BC,180.500,19912,2005,CE,BC
13198,392712,BCM,180.500,19914,1211,CS,BCM
13199,385153,BC,180.500,19915,1113,CS,OC
13200,343392,MBC,180.500,19916,4670,AD,OC
13201,408097,BC,180.500,19917,2702,CS,OC
13202,416045,BC,180.500,19918,5901,CE,OC
13203,480814,BC,180.500,19921,2751,IT,OC
13204,370597,BC,180.500,19923,2718,AD,OC
13205,367644,BC,180.500,19924,4962,EC,OC
13206,243176,MBC,180.500,19925,1304,CS,MBC
13207,327845,BC,180.500,19926,1311,AO,OC
13208,240530,BC,180.500,19928,1317,CS,OC
13209,258547,BC,180.500,19931,1216,CS,OC
13210,217721,OC,180.500,19932,2712,AU,OC
13211,273070,SC,180.500,19936,5008,CM,SC
13212,207552,BC,180.500,19937,2719,AD,OC
13213,260362,BC,180.500,19938,1113,EC,OC
13214,436842,BC,180.500,19939,2718,SC,OC
13215,349003,MBC,180.500,19941,2,IS,MBC
13216,362393,MBC,180.500,19942,2718,CS,MBC
13217,349852,MBC,180.500,19944,1211,EC,MBC
13218,349769,BC,180.500,19945,2718,CS,BC
13219,341564,BC,180.500,19946,1317,CS,OC
13220,265735,BC,180.500,19947,1304,EC,BC
13221,358173,BC,180.500,19951,2007,MF,BC
13222,269178,BC,180.500,19952,2702,EC,OC
13223,321546,MBC,180.500,19954,1216,CE,OC
13224,231298,SC,180.500,19955,1,MN,SC
13225,244769,BC,180.500,19956,1432,AD,BC
13226,259990,BC,180.500,19957,2718,CS,BC
13227,283615,OC,180.500,19959,1211,RM,OC
13228,338532,BC,180.500,19960,1120,EC,OC
13229,211214,BC,180.500,19961,2007,MF,BC
13230,226329,SC,180.500,19962,5008,CG,SC
13231,320187,BC,180.500,19963,1432,CO,OC
13232,329018,BC,180.500,19967,1432,AD,BC
13233,463943,BC,180.500,19968,2025,CS,BC
13234,337281,BC,180.500,19973,4962,CS,OC
13235,455404,MBC,180.500,19976,2718,SC,MBC
13236,268948,BC,180.500,19978,2751,CS,OC
13237,353885,MBC,180.500,19980,1216,EC,OC
13238,485359,OC,180.500,19981,2622,CS,OC
13239,309218,BCM,180.500,19982,5008,CN,OC
13240,352936,BC,180.500,19983,3807,AD,OC
13241,265303,SC,180.500,19984,2718,SC,SC
13242,215086,BC,180.500,19985,2736,CS,OC
13243,302668,BC,180.500,19987,5901,EE,BC
13244,337906,MBC,180.500,19988,2718,AD,OC
13245,454583,MBC,180.500,19989,2710,AD,MBC
13246,218440,BCM,180.500,19990,2702,EC,OC
13247,216721,MBC,180.500,19991,1211,AD,MBC
13248,393124,BC,180.500,19992,1126,EC,OC
13249,251761,OC,180.500,19994,1309,EC,OC
13250,466704,BC,180.500,19996,2711,FD,OC
13251,307158,BC,180.500,19998,2005,ME,BC
13252,229879,BC,180.500,19999,2702,CS,OC
13253,341108,BC,180.500,20002,1211,EC,BC
13254,218823,SC,180.500,20003,1399,EV,SC
13255,282307,BC,180.500,20004,4960,CS,OC
13256,418708,BC,180.500,20005,1317,CS,OC
13257,371214,BC,180.500,20008,1405,EC,OC
13258,286844,BC,180.500,20012,2764,ME,OC
13259,429267,MBC,180.500,20013,2751,RM,OC
13260,296392,BC,180.500,20014,2702,CS,OC
13261,312958,BCM,180.500,20015,2739,AD,BCM
13262,331044,SC,180.500,20016,2750,AD,OC
13263,251883,MBC,180.500,20017,2,FS,MBC
13264,306680,BCM,180.500,20018,1101,AD,OC
13265,369344,BC,180.500,20019,2709,EC,BC
13266,366530,BC,180.500,20020,1317,CS,OC
13267,420399,SC,180.500,20023,2610,CS,OC
13268,432603,BCM,180.500,20025,2,PP,BCM
13269,334685,BC,180.500,20026,1432,AD,BC
13270,367104,BC,180.500,20030,1419,EC,OC
13271,390309,MBC,180.500,20031,2706,AM,OC
13272,323927,BCM,180.500,20032,2750,CS,OC
13273,385852,MBC,180.500,20035,2750,EC,OC
13274,353746,BC,180.500,20036,2622,CS,OC
13275,479881,MBC,180.500,20037,2718,CS,MBC
13276,366002,BC,180.500,20038,1309,CS,OC
13277,237512,BC,180.500,20039,1304,EC,BC
13278,466433,OC,180.500,20041,1126,RM,OC
13279,328634,BC,180.500,20043,2718,AD,OC
13280,279797,BC,180.500,20044,5008,MF,BC
13281,435922,BC,180.500,20045,4960,CS,OC
13282,408346,MBC,180.500,20046,1219,EC,MBC
13283,342408,BC,180.500,20047,2718,SC,BC
13284,238422,MBC,180.500,20048,5008,CW,MBC
13285,499347,MBC,180.500,20049,2005,CE,MBC
13286,213273,BC,180.500,20050,1,MN,BC
13287,283692,BCM,180.500,20051,1424,CS,OC
13288,467033,OC,180.500,20058,1219,EE,OC
13289,297932,MBC,180.500,20059,2025,CS,MBC
13290,253867,BC,180.500,20061,2750,AM,BC
13291,292358,MBC,180.500,20064,1432,EC,MBC
13292,234734,MBC,180.500,20067,1432,CS,MBC
13293,346349,MBC,180.500,20068,2739,CO,MBC
13294,235823,MBC,180.500,20074,1432,EC,MBC
13295,319670,MBC,180.500,20078,1211,AD,MBC
13296,456314,SC,180.500,20081,1238,AD,OC
13297,459035,BC,180.500,20082,1419,CS,OC
13298,258447,BC,180.500,20083,3830,CS,OC
13299,210532,BC,180.500,20085,1304,SC,OC
13300,324326,BC,180.500,20085A,2718,IT,OC
13301,332563,BC,180.500,20091,1419,AM,OC
13302,265081,SC,180.500,20092,1113,CA,OC
13303,248084,BC,180.500,20093,1211,CS,BC
13304,389334,SC,180.500,20094,1399,CS,SC
13305,397144,MBC,180.500,20095,2764,EC,MBC
13306,303779,BC,180.500,20096,3807,EC,OC
13307,396311,BC,180.500,20097,1211,EC,BC
13308,212844,BC,180.500,20101,2005,IB,OC
13309,472628,BC,180.500,20102,2,PP,BC
13310,224114,BC,180.500,20104,2764,CB,OC
13311,302202,MBC,180.500,20105,1304,EC,MBC
13312,388650,BC,180.500,20106,5901,EE,BC
13313,286288,BC,180.500,20110,4974,EC,BC
13314,214642,MBC,180.500,20111,1399,CB,MBC
13315,289590,BC,180.500,20113,2718,AD,BC
13316,475372,MBC,180.500,20115,3011,CS,MBC
13317,409523,BC,180.500,20117,2005,IB,OC
13318,223126,BC,180.500,20121,4927,EE,OC
13319,336814,BC,180.500,20124,2718,CS,BC
13320,416818,MBC,180.500,20125,1210,AD,OC
13321,398359,BC,180.500,20126,1111,CS,OC
13322,249229,SC,180.500,20130,2377,AD,SC
13323,345508,BC,180.500,20131,2712,MZ,BC
13324,384724,BC,180.500,20132,2764,CB,OC
13325,468474,BC,180.500,20135,2718,EC,BC
13326,352599,OC,180.500,20136,1219,CS,OC
13327,307829,BC,180.500,20138,4962,ME,OC
13328,289721,BC,180.500,20140,2710,CS,BC
13329,285108,BC,180.500,20145,1304,AD,OC
13330,405750,BC,180.500,20147,1211,EC,BC
13331,268126,BC,180.500,20148,2603,CS,BC
13332,250481,OC,180.500,20149,2719,AE,OC
13333,501733,BC,180.500,20151,1431,CS,OC
13334,309774,MBC,180.500,20152,1211,AD,MBC
13335,276497,BC,180.500,20154,2718,ME,OC
13336,299282,SC,180.500,20156,2739,AM,SC
13337,399465,MBC,180.500,20157,2712,IT,MBC
13338,321431,MBC,180.500,20158,1432,CS,MBC
13339,264554,OC,180.500,20159,2712,ME,OC
13340,206397,MBC,180.500,20160,1211,AD,MBC
13341,295045,BC,180.500,20161,2764,EE,OC
13342,440763,BC,180.500,20162,1419,AD,OC
13343,248201,BC,180.500,20163,2005,CE,BC
13344,433991,MBC,180.500,20166,1211,IT,MBC
13345,202232,BC,180.500,20167,2706,EC,OC
13346,359011,MBC,180.500,20168,2007,ME,MBC
13347,368042,BC,180.500,20169,1219,AD,OC
13348,244635,BCM,180.500,20170,2750,CS,OC
13349,487727,BC,180.500,20171,2622,CS,OC
13350,288165,BC,180.500,20173,4974,EE,OC
13351,289133,BC,180.500,20174,1120,SC,OC
13352,305058,BC,180.500,20175,1504,CS,OC
13353,334147,OC,180.500,20176,4974,CE,OC
13354,347959,BC,180.500,20178,2025,AD,BC
13355,247103,MBC,180.500,20184,1432,CS,MBC
13356,324636,BC,180.500,20186,4960,CS,OC
13357,366926,MBC,180.500,20187,2764,AD,MBC
13358,291820,BC,180.500,20190,1120,EC,OC
13359,441818,MBC,180.500,20191,2006,PR,MBC
13360,480454,MBC,180.500,20192,4974,EE,OC
13361,385480,MBC,180.500,20193,1211,EE,OC
13362,396098,BC,180.500,20198,2006,PR,BC
13363,228083,BC,180.500,20199,2736,AD,OC
13364,452053,BC,180.500,20200,1211,CS,BC
13365,261160,BC,180.500,20201,2603,EC,OC
13366,255780,BC,180.500,20202,2736,EC,OC
13367,362752,BCM,180.500,20203,2710,EC,BCM
13368,242616,BC,180.500,20204,5008,MF,BC
13369,400878,BCM,180.500,20205,1013,AM,OC
13370,431207,BC,180.500,20207,2718,AD,BC
13371,453558,OC,180.500,20207A,1304,BT,OC
13372,454630,MBC,180.500,20209,2609,EE,OC
13373,233305,BCM,180.500,20210,1211,AD,BCM
13374,367915,BC,180.500,20211,2718,CS,BC
13375,218364,BC,180.500,20212,1317,CS,OC
13376,300383,BC,180.500,20213,2718,CB,OC
13377,411219,BC,180.500,20215,1120,EI,OC
13378,239845,BC,180.500,20222,2702,EC,OC
13379,243038,BC,180.500,20224,1211,CS,BC
13380,457860,BC,180.500,20226,2702,CS,OC
13381,422911,SCA,180.500,20227,2007,AT,SCA
13382,326986,BC,180.500,20228,2718,AD,BC
13383,226844,BC,180.500,20229,2005,ME,BC
13384,355855,MBC,180.500,20230,1211,CS,MBC
13385,201086,MBC,180.500,20231,4,PR,MBC
13386,253253,BC,180.500,20232,5008,MF,BC
13387,281791,MBC,180.500,20233,2764,CS,MBC
13388,227640,MBC,180.500,20235,2718,EC,MBC
13389,456955,BC,180.500,20237,4974,EC,BC
13390,463525,BC,180.500,20238,2642,CS,OC
13391,329102,BC,180.500,20239,2718,IT,OC
13392,334290,MBC,180.500,20240,2718,AD,MBC
13393,254080,BC,180.500,20241,4672,CS,OC
13394,237224,OC,180.500,20244,2702,EC,OC
13395,365082,SCA,180.500,20245,1,EE,SCA
13396,226788,OC,180.500,20246,1113,CS,OC
13397,251192,OC,180.500,20248,4962,EC,OC
13398,270787,BC,180.500,20249,2719,IT,OC
13399,261343,BC,180.500,20251,2718,AD,BC
13400,478029,BC,180.500,20252,2622,CS,OC
13401,305406,BC,180.500,20253,1304,CS,BC
13402,408887,MBC,180.500,20254,2709,CF,OC
13403,324669,BC,180.500,20255,2718,SC,BC
13404,230405,BC,180.500,20256,1211,BT,OC
13405,452555,BCM,180.500,20257,5986,CS,OC
13406,292855,MBC,180.500,20261,5008,CW,MBC
13407,315184,BCM,180.500,20264,2005,CE,BCM
13408,429639,BC,180.500,20265,2711,CS,OC
13409,243498,BC,180.500,20268,1216,EC,OC
13410,303054,BC,180.500,20269,1424,CS,OC
13411,442841,MBC,180.500,20270,1211,CS,MBC
13412,256401,BC,180.500,20271,1211,EC,BC
13413,264513,BC,180.500,20273,2718,EE,OC
13414,392641,BC,180.500,20276,2710,EC,BC
13415,466528,OC,180.500,20277,1126,EV,OC
13416,438139,MBC,180.500,20278,5008,CW,MBC
13417,431161,SC,180.500,20279,4,RP,OC
13418,291776,BC,180.500,20280,2718,AD,BC
13419,225701,MBC,180.500,20282,2005,IB,OC
13420,268591,BC,180.500,20284,1211,AD,BC
13421,312215,BC,180.500,20285,2,PM,OC
13422,396288,BC,180.500,20287,2750,CB,OC
13423,341725,BC,180.500,20288,1211,BT,OC
13424,343212,MBC,180.500,20289,3011,CS,MBC
13425,349742,BC,180.500,20290,3795,EC,OC
13426,318779,MBC,180.500,20294,1219,EC,MBC
13427,240162,BC,180.500,20295,2712,CE,OC
13428,486772,OC,180.500,20296,1126,EC,OC
13429,375834,BC,180.500,20297,1414,EC,OC
13430,221042,BC,180.500,20299,2764,AD,BC
13431,466373,MBC,180.500,20300,2615,EE,MBC
13432,455097,BC,180.500,20302,1304,CS,BC
13433,285587,MBC,180.500,20304,2615,EE,MBC
13434,435708,MBC,180.500,20307,1408,AD,OC
13435,333563,MBC,180.500,20309,1211,CS,MBC
13436,394874,BC,180.500,20311,1219,AD,OC
13437,489465,SC,180.500,20316,1399,CS,SC
13438,409519,BC,180.500,20317,2,PP,BC
13439,223909,BC,180.500,20318,1211,CE,OC
13440,244104,BC,180.500,20319,1432,AD,BC
13441,309954,MBC,180.500,20322,1422,CS,OC
13442,277615,BCM,180.500,20323,1424,AD,OC
13443,397213,BC,180.500,20326,2736,AD,OC
13444,208352,MBC,180.500,20329,1211,IT,MBC
13445,427771,BC,180.500,20331,1113,CS,OC
13446,226930,BC,180.500,20332,1216,EC,OC
13447,471514,SC,180.500,20334,2329,CS,OC
13448,419871,SC,180.500,20335,2611,AE,OC
13449,282018,MBC,180.500,20336,2712,IT,MBC
13450,338181,BC,180.500,20338,2710,EC,BC
13451,371088,BC,180.500,20339,4960,CS,OC
13452,276528,BCM,180.500,20341,1211,CS,BCM
13453,486706,OC,180.500,20342,1126,EC,OC
13454,426580,SC,180.500,20343,2005,CE,SC
13455,473579,BC,180.250,20349,2369,CS,OC
13456,210768,SC,180.250,20350,2712,CS,SC
13457,375739,SC,180.000,20353,2712,AD,SC
13458,278246,SC,180.000,20354,1399,EC,SC
13459,205488,BC,180.000,20356,2006,AS,OC
13460,280353,BC,180.000,20359,4960,CS,OC
13461,290094,BCM,180.000,20360,1211,AD,BCM
13462,329241,BC,180.000,20362,1304,CS,BC
13463,333442,MBC,180.000,20363,1211,AD,MBC
13464,341797,BC,180.000,20364,1419,EC,OC
13465,211405,BC,180.000,20368,2736,EE,OC
13466,465240,MBC,180.000,20369,5008,EU,MBC
13467,380381,MBC,180.000,20370,2624,EC,OC
13468,396889,BC,180.000,20371,5901,EE,BC
13469,396987,MBC,180.000,20372,2718,CS,MBC
13470,334106,BC,180.000,20374,2718,AD,BC
13471,253315,BC,180.000,20376,2764,AD,BC
13472,343018,BC,180.000,20377,1432,EC,BC
13473,242272,BC,180.000,20380,1211,MZ,OC
13474,327099,BC,180.000,20383,3826,CS,OC
13475,295429,SC,180.000,20384,2615,CS,SC
13476,219475,MBC,180.000,20385,2718,CS,MBC
13477,284567,BC,180.000,20386,2718,CS,BC
13478,235836,BC,180.000,20388,1304,CS,BC
13479,219580,BC,180.000,20389,1317,SC,OC
13480,434376,MBC,180.000,20390,1432,AD,MBC
13481,337393,MBC,180.000,20392,2718,CS,MBC
13482,355798,BC,180.000,20395,2718,AD,BC
13483,269012,MBC,180.000,20396,4960,CS,OC
13484,361195,MBC,180.000,20398,2710,SC,MBC
13485,273069,BC,180.000,20400,4680,AD,OC
13486,395349,MBC,180.000,20401,2710,CS,MBC
13487,214807,MBC,180.000,20402,2377,ME,MBC
13488,436884,BC,180.000,20404,1304,CS,BC
13489,438801,MBC,180.000,20405,1413,AD,OC
13490,291855,BC,180.000,20406,1432,AD,BC
13491,261956,BC,180.000,20407,2718,AD,BC
13492,350613,BC,180.000,20408,2718,AD,BC
13493,200878,MBC,180.000,20410,5901,CE,OC
13494,299824,BC,180.000,20411,3464,RM,OC
13495,218360,BC,180.000,20412,1317,EC,OC
13496,353309,BC,180.000,20413,2357,CS,OC
13497,312985,BC,180.000,20414,1210,EC,OC
13498,414997,MBC,180.000,20416,2673,EC,OC
13499,238078,BC,180.000,20417,2718,IT,OC
13500,388712,BC,180.000,20419,5901,EE,BC
13501,366255,MBC,180.000,20422,2739,AD,MBC
13502,391699,BC,180.000,20424,2006,MT,BC
13503,326628,MBC,180.000,20425,1219,CS,MBC
13504,434600,BC,180.000,20427,1211,AD,BC
13505,398977,MBC,180.000,20428,2718,CS,MBC
13506,392073,MBC,180.000,20429,2653,AD,OC
13507,371254,BC,180.000,20430,1113,VL,OC
13508,467381,BC,180.000,20432,1211,BM,OC
13509,429173,MBC,180.000,20433,1211,AD,MBC
13510,286046,BC,180.000,20436,1113,CS,OC
13511,348245,BCM,180.000,20437,1304,EC,BCM
13512,394142,BC,180.000,20438,2622,CS,OC
13513,261374,BC,180.000,20440,1419,CS,OC
13514,263046,BC,180.000,20441,2,PP,BC
13515,259956,BC,180.000,20443,2719,CS,OC
13516,368399,MBC,180.000,20446,2710,CS,MBC
13517,332429,SC,180.000,20447,1,BY,SC
13518,286866,BC,180.000,20449,1113,CS,BC
13519,428153,BCM,180.000,20451,2718,EC,BCM
13520,209312,MBC,180.000,20453,2718,EC,MBC
13521,234758,BC,180.000,20454,2718,AD,BC
13522,250840,BC,180.000,20456,2025,AD,BC
13523,423271,BC,180.000,20457,2723,EC,OC
13524,437957,BCM,180.000,20458,2739,AM,BCM
13525,269403,BC,180.000,20460,2719,EC,OC
13526,287765,BC,180.000,20461,1516,CS,OC
13527,209054,BC,180.000,20462,2007,MF,BC
13528,291474,MBC,180.000,20464,2718,EC,MBC
13529,411385,MBC,180.000,20466,1432,AD,MBC
13530,243192,BC,180.000,20468,2702,EC,OC
13531,427997,MBC,180.000,20469,1113,CS,MBC
13532,462491,MBC,180.000,20470,2751,AD,OC
13533,213792,BC,180.000,20472,2702,CS,OC
13534,253444,MBC,180.000,20473,2618,CS,OC
13535,431049,MBC,180.000,20475,5986,CS,OC
13536,319588,BC,180.000,20476,1304,CS,BC
13537,299468,BC,180.000,20477,2740,CS,OC
13538,460851,BC,180.000,20479,2706,EV,OC
13539,321837,OC,180.000,20480,1419,EC,OC
13540,426000,OC,180.000,20481,2711,EC,OC
13541,259240,SC,180.000,20482,5008,EM,SC
13542,403033,MBC,180.000,20487,1216,EC,OC
13543,456640,BC,180.000,20488,2702,CS,OC
13544,356969,BC,180.000,20489,1113,CS,BC
13545,324589,BC,180.000,20490,2710,CS,BC
13546,320245,BC,180.000,20491,1450,EE,OC
13547,221220,MBC,180.000,20493,1211,AD,MBC
13548,236576,BC,180.000,20494,2719,CS,OC
13549,289512,BC,180.000,20495,2719,CS,OC
13550,212845,BC,180.000,20497,2005,ME,BC
13551,386981,MBC,180.000,20500,2719,EE,OC
13552,453270,BCM,180.000,20504,2006,PR,BCM
13553,235989,BC,180.000,20505,2,PP,BC
13554,268962,BC,180.000,20506,2711,CS,OC
13555,315248,BCM,180.000,20507,2736,CS,OC
13556,206281,BC,180.000,20508,1311,EC,OC
13557,316294,BC,180.000,20509,1419,EC,OC
13558,202754,MBC,180.000,20511,1216,CS,OC
13559,204827,BC,180.000,20513,2710,EC,BC
13560,466574,MBC,180.000,20514,2630,AD,OC
13561,261153,BC,180.000,20516,1211,AD,BC
13562,243436,OC,180.000,20517,2329,AD,OC
13563,316609,OC,180.000,20518,2718,IT,OC
13564,337522,BC,180.000,20521,2718,AD,BC
13565,299141,BC,180.000,20522,1216,SC,BC
13566,394445,BC,180.000,20523,2764,IT,BC
13567,324282,MBC,180.000,20525,2615,EE,MBC
13568,332562,MBC,180.000,20527,1211,IT,MBC
13569,428159,BC,180.000,20528,5986,EC,OC
13570,344215,BCM,180.000,20529,2615,ME,OC
13571,385614,BC,180.000,20530,2711,EC,OC
13572,266242,MBC,180.000,20531,1450,EC,MBC
13573,251618,BC,180.000,20532,2608,AM,OC
13574,376866,BC,180.000,20533,1210,EC,OC
13575,314695,BCM,180.000,20534,2710,EE,OC
13576,294192,MBC,180.000,20536,2712,MZ,MBC
13577,214963,MBC,180.000,20537,2750,SC,OC
13578,221316,SC,180.000,20538,2007,IM,SC
13579,440898,MBC,180.000,20540,1399,CB,MBC
13580,324998,BC,180.000,20541,2718,EC,BC
13581,289349,BC,180.000,20542,2025,EE,OC
13582,257695,BC,180.000,20543,2005,PR,OC
13583,249768,BC,180.000,20545,4954,CS,OC
13584,442030,BC,180.000,20546,1216,EC,OC
13585,220336,BC,180.000,20547,2005,ME,BC
13586,261410,BC,180.000,20549,1450,IT,OC
13587,260271,BC,180.000,20551,2764,EV,BC
13588,265417,BC,180.000,20553,2718,AD,BC
13589,314584,BC,180.000,20554,1113,CS,BC
13590,221763,OC,180.000,20557,4962,EC,OC
13591,401677,BC,180.000,20558,2712,AE,BC
13592,380128,BC,180.000,20559,5986,EC,OC
13593,217444,BC,180.000,20560,2718,IT,OC
13594,307304,BC,180.000,20561,4952,CS,OC
13595,218951,SC,180.000,20562,1219,CS,SC
13596,308950,BC,180.000,20563,2006,TX,OC
13597,309434,MBC,180.000,20564,1211,CS,MBC
13598,259381,BCM,180.000,20565,1304,SC,OC
13599,220354,BC,180.000,20566,2718,AD,BC
13600,340852,BC,180.000,20567,2712,MZ,BC
13601,316344,MBC,180.000,20568,2718,SC,MBC
13602,208154,BC,180.000,20569,4960,EC,OC
13603,398939,MBC,180.000,20570,2610,CS,OC
13604,314710,BCM,180.000,20576,2712,ME,OC
13605,486083,BCM,180.000,20579,1211,AD,BCM
13606,338758,MBC,180.000,20583,2369,CE,OC
13607,371277,BC,180.000,20584,2736,EC,OC
13608,350592,BC,180.000,20586,1211,CS,BC
13609,341560,MBC,180.000,20587,2615,CE,OC
13610,374000,SC,180.000,20588,2615,CS,SC
13611,299223,SC,180.000,20589,2,CL,SC
13612,366464,MBC,180.000,20590,1211,AD,MBC
13613,317028,MBC,180.000,20593,4974,EC,MBC
13614,359385,BC,180.000,20594,2709,IT,OC
13615,436332,MBC,180.000,20595,2764,CS,MBC
13616,252329,BC,180.000,20596,1422,CY,OC
13617,207497,BC,180.000,20597,2702,CS,OC
13618,362408,BC,180.000,20598,2718,AD,BC
13619,394030,BC,180.000,20599,1408,IT,OC
13620,259892,BC,180.000,20600,2622,CS,OC
13621,438494,BC,180.000,20601,2622,AD,OC
13622,288438,MBC,180.000,20602,2712,EE,MBC
13623,462080,SC,180.000,20603,1399,EE,SC
13624,476268,BC,180.000,20604,2622,CS,OC
13625,392724,SC,180.000,20605,2007,CE,SC
13626,476909,BC,180.000,20607,2622,CS,OC
13627,330186,MBC,180.000,20609,2710,EC,MBC
13628,483567,SC,180.000,20610,1137,AD,OC
13629,383535,BC,180.000,20611,1317,CS,OC
13630,236197,BC,180.000,20612,2711,EC,OC
13631,253004,BC,180.000,20613,2706,EV,OC
13632,233634,BC,180.000,20614,2006,MY,OC
13633,478655,OC,180.000,20617,1432,EV,OC
13634,258647,BC,180.000,20618,1432,CO,OC
13635,267350,BCM,180.000,20619,1450,IT,BCM
13636,260468,BC,180.000,20620,2025,EE,OC
13637,474728,BC,180.000,20621,2763,CE,OC
13638,350742,MBC,180.000,20622,2764,CS,MBC
13639,296003,MBC,180.000,20623,2718,CS,MBC
13640,329562,BC,180.000,20625,2711,CS,OC
13641,249341,BC,180.000,20627,1211,BT,OC
13642,278272,BCM,180.000,20628,1211,AD,BCM
13643,326305,MBC,180.000,20629,2764,CS,MBC
13644,356009,SC,180.000,20630,2377,EC,SC
13645,265395,MBC,180.000,20631,2702,AD,OC
13646,431947,BC,180.000,20632,5986,EC,OC
13647,255620,BC,180.000,20633,2709,IT,OC
13648,403371,BC,180.000,20635,2025,CS,BC
13649,492083,SC,180.000,20636,1399,AD,SC
13650,288575,MBC,180.000,20637,1304,EC,MBC
13651,313668,BC,180.000,20638,2711,CS,OC
13652,409071,BC,180.000,20639,2718,CS,BC
13653,341615,MBC,180.000,20642,2739,IT,MBC
13654,260259,BC,180.000,20643,1432,AD,BC
13655,309523,BC,180.000,20644,1211,SC,BC
13656,287111,BC,180.000,20648,2702,EC,OC
13657,283903,MBC,180.000,20649,2718,EC,MBC
13658,323159,BC,180.000,20653,1432,EV,OC
13659,441570,MBC,180.000,20656,1408,AD,OC
13660,486775,BC,180.000,20657,2702,BT,OC
13661,216446,BC,180.000,20658,2718,EE,OC
13662,234268,BC,180.000,20659,2712,AE,BC
13663,298345,BCM,180.000,20660,2764,CS,BCM
13664,439517,BC,180.000,20661,5910,CS,OC
13665,375015,BC,180.000,20662,1211,CB,OC
13666,266108,MBC,180.000,20663,1450,EC,MBC
13667,259482,BC,180.000,20667,1432,BT,OC
13668,325921,BC,180.000,20668,2711,EC,OC
13669,469547,BC,180.000,20669,2349,CS,OC
13670,235763,BC,180.000,20672,5986,CS,OC
13671,257676,BC,180.000,20673,2025,CS,BC
13672,256097,BC,180.000,20676,1113,CS,BC
13673,291274,BC,180.000,20677,2,PP,BC
13674,327425,BC,180.000,20678,2718,EC,BC
13675,349057,MBC,180.000,20679,5901,EE,MBC
13676,359296,BC,180.000,20680,2711,EC,OC
13677,355571,BC,180.000,20683,5986,CS,OC
13678,275241,BC,180.000,20684,2702,AD,OC
13679,391568,BC,180.000,20685,2764,AD,BC
13680,473407,BC,180.000,20687,4976,EC,OC
13681,321310,BC,180.000,20688,2710,CS,BC
13682,451912,OC,180.000,20689,5,EC,OC
13683,307918,BC,180.000,20690,2750,CS,OC
13684,201980,SC,180.000,20691,2739,CS,SC
13685,223524,BC,180.000,20692,1432,EC,BC
13686,315622,BC,180.000,20693,4955,CS,OC
13687,252519,MBC,180.000,20694,4,PR,MBC
13688,366277,BC,180.000,20695,2750,CS,OC
13689,370791,BC,180.000,20698,2718,EC,BC
13690,478896,MBC,180.000,20699,3465,EE,OC
13691,339333,MBC,180.000,20700,5008,ME,MBC
13692,410168,MBC,180.000,20701,1211,IT,MBC
13693,233876,MBC,180.000,20702,1113,CS,MBC
13694,322964,MBC,180.000,20703,2710,CS,MBC
13695,319316,MBC,180.000,20704,1516,CS,OC
13696,219882,BC,180.000,20705,1317,AM,OC
13697,322628,MBC,180.000,20706,3806,CS,OC
13698,307930,BC,180.000,20707,1210,EC,OC
13699,218846,BC,180.000,20709,2718,AD,BC
13700,209542,MBC,180.000,20710,1211,AL,MBC
13701,221727,SCA,180.000,20712,4,EI,SCA
13702,501168,BC,180.000,20713,2718,MZ,OC
13703,328170,BC,180.000,20714,2718,CS,BC
13704,419531,BC,180.000,20715,1,MI,BC
13705,442621,BC,180.000,20717,2718,CS,BC
13706,324392,BC,180.000,20718,2025,EC,BC
13707,381819,MBC,180.000,20719,2718,AD,MBC
13708,241048,BC,180.000,20720,1118,AD,OC
13709,334092,BC,180.000,20721,1216,EC,OC
13710,210344,BC,180.000,20723,1211,CS,BC
13711,413741,ST,180.000,20724,1,EC,ST
13712,333898,SC,180.000,20725,2377,AD,SC
13713,314638,BC,180.000,20727,5008,MF,BC
13714,244362,BCM,180.000,20728,1424,CS,OC
13715,366099,MBC,180.000,20729,2750,BT,OC
13716,435825,BC,180.000,20730,2613,CS,OC
13717,280188,BCM,180.000,20731,2764,CS,BCM
13718,385955,BC,180.000,20732,2025,EE,OC
13719,361396,MBC,180.000,20733,3011,EC,OC
13720,212837,BC,180.000,20734,2736,AD,OC
13721,250016,MBC,180.000,20735,2739,EV,MBC
13722,409664,MBC,180.000,20737,1419,EC,OC
13723,337071,MBC,180.000,20738,4670,AD,OC
13724,363197,BC,180.000,20739,2702,EC,OC
13725,227569,BC,180.000,20740,1304,CS,BC
13726,259210,BC,180.000,20741,2005,CE,BC
13727,499212,BC,180.000,20742,1419,AM,OC
13728,227533,BC,180.000,20743,2710,EC,BC
13729,235513,BC,180.000,20747,4020,EC,OC
13730,392174,MBC,180.000,20748,1211,AL,MBC
13731,415824,BC,180.000,20749,3819,CS,OC
13732,304960,BC,180.000,20752,4944,AD,OC
13733,213297,SCA,180.000,20753,2630,CS,OC
13734,390600,BC,180.000,20754,1211,CS,BC
13735,260727,BC,180.000,20755,2006,PN,OC
13736,351798,MBC,180.000,20757,2005,EI,MBC
13737,452180,MBC,180.000,20758,1211,IT,MBC
13738,200615,MBC,180.000,20759,1,PT,MBC
13739,248483,MBC,180.000,20760,2718,EC,MBC
13740,321810,BC,180.000,20761,2622,AM,OC
13741,252248,BC,180.000,20763,1211,CS,BC
13742,264411,MBC,180.000,20764,1026,CS,OC
13743,470428,MBC,180.000,20765,2718,AD,MBC
13744,287977,SC,180.000,20766,4974,ME,OC
13745,464328,BC,180.000,20767,2718,IT,OC
13746,478467,BCM,180.000,20768,2329,CS,OC
13747,354013,MBC,180.000,20771,2007,MF,MBC
13748,416500,MBC,180.000,20774,1210,CS,OC
13749,259426,MBC,180.000,20775,2718,EE,OC
13750,456807,BC,180.000,20776,2719,AD,OC
13751,369492,BC,180.000,20777,1111,AD,OC
13752,389694,MBC,180.000,20779,1211,IT,MBC
13753,211621,BC,180.000,20780,1422,AD,OC
13754,466765,MBC,180.000,20781,2750,CS,OC
13755,249850,BC,180.000,20782,2711,EC,OC
13756,344120,BCM,180.000,20786,5901,IT,BCM
13757,265641,MBC,180.000,20788,2750,CS,OC
13758,346745,MBC,180.000,20790,2710,AD,MBC
13759,486912,OC,180.000,20791,1126,EC,OC
13760,202137,MBC,180.000,20792,2718,EC,MBC
13761,347946,MBC,180.000,20795,2702,CS,OC
13762,205698,MBC,180.000,20796,1432,EC,MBC
13763,385144,BC,180.000,20797,1317,AD,OC
13764,285559,MBC,180.000,20799,1399,BM,MBC
13765,460475,MBC,180.000,20801,2750,EC,MBC
13766,495984,SC,180.000,20803,2005,EE,SC
13767,200373,BC,180.000,20805,2706,AM,OC
13768,211078,BC,180.000,20806,2709,CS,BC
13769,222935,BC,180.000,20807,2718,CS,BC
13770,280080,BCM,180.000,20808,4974,EE,OC
13771,265869,BC,180.000,20809,2710,AD,BC
13772,434925,BC,180.000,20810,4974,EC,BC
13773,347359,BC,180.000,20812,2615,CE,OC
13774,331457,BC,180.000,20813,1432,EV,OC
13775,202339,BC,180.000,20814,1422,CS,OC
13776,396556,BC,180.000,20816,2750,EC,BC
13777,249178,OC,180.000,20817,1317,EC,OC
13778,216277,BC,180.000,20818,2718,EC,BC
13779,216231,BC,180.000,20820,2764,AM,BC
13780,241702,BC,180.000,20821,1113,CS,BC
13781,291102,BC,180.000,20822,2718,MZ,OC
13782,441629,MBC,180.000,20824,1317,CS,OC
13783,200103,BC,180.000,20825,2,PM,BC
13784,410170,MBC,180.000,20826,2718,AD,MBC
13785,443496,BC,180.000,20827,2709,EC,BC
13786,422840,BC,180.000,20828,2702,EC,OC
13787,365083,BC,180.000,20833,2710,EC,BC
13788,247570,BC,180.000,20834,1219,EC,BC
13789,415132,BC,180.000,20839,2718,EC,BC
13790,343770,MBC,180.000,20840,1432,SC,MBC
13791,380504,BC,180.000,20841,2764,AD,BC
13792,452883,BC,180.000,20843,2711,EC,OC
13793,243127,BC,180.000,20844,2005,IB,OC
13794,390178,MBC,180.000,20845,2025,CS,MBC
13795,200088,SC,180.000,20848,1450,CS,SC
13796,433851,BC,180.000,20850,4974,EI,OC
13797,347229,MBC,180.000,20851,1211,IT,MBC
13798,257267,MBC,180.000,20852,1432,CO,OC
13799,297500,BC,180.000,20853,1219,IT,OC
13800,300343,BC,180.000,20854,1432,AD,BC
13801,361038,BC,180.000,20855,1113,CS,BC
13802,400984,BC,180.000,20856,4933,CS,OC
13803,449498,BC,180.000,20857,2718,EC,BC
13804,255059,BC,180.000,20858,2710,AD,BC
13805,433603,SC,180.000,20859,1399,CS,SC
13806,234039,BC,180.000,20860,1450,EC,BC
13807,321455,MBC,180.000,20862,5008,CE,MBC
13808,218302,MBC,180.000,20864,1304,BT,OC
13809,303462,BC,180.000,20866,1216,CS,OC
13810,274329,BCM,180.000,20867,3011,CS,BCM
13811,477739,MBC,180.000,20871,2750,ME,MBC
13812,277552,SC,180.000,20873,1399,CS,SC
13813,381894,SC,180.000,20874,2005,EI,SC
13814,344969,MBC,180.000,20876,2005,ME,MBC
13815,358243,BC,180.000,20877,2750,AD,OC
13816,238706,BCM,180.000,20878,1216,AL,OC
13817,249192,MBC,180.000,20880,1432,AD,MBC
13818,241094,MBC,180.000,20882,1432,EC,MBC
13819,244639,BC,180.000,20883,2718,CS,BC
13820,435265,BC,180.000,20887,1216,AL,OC
13821,342107,BC,180.000,20888,3011,CS,BC
13822,299831,SC,180.000,20889,2377,AD,SC
13823,238871,MBC,180.000,20891,4974,CS,MBC
13824,279193,MBC,180.000,20892,2764,CS,MBC
13825,312665,BC,180.000,20894,1211,EC,BC
13826,419402,BC,180.000,20896,2622,EC,OC
13827,310924,OC,180.000,20897,2736,CS,OC
13828,211876,BC,180.000,20899,1211,EC,BC
13829,398278,BC,180.000,20901,5008,MF,BC
13830,214636,BC,180.000,20902,1432,EC,BC
13831,249877,BC,180.000,20903,2718,AD,BC
13832,289681,BC,180.000,20904,2718,EC,BC
13833,371124,MBC,180.000,20905,5008,CW,MBC
13834,329588,BC,180.000,20906,2618,EC,OC
13835,243393,BC,180.000,20907,2005,PR,OC
13836,344895,BC,180.000,20909,1304,CS,BC
13837,357173,BC,180.000,20910,3819,EC,OC
13838,287477,OC,180.000,20914,1219,AD,OC
13839,278146,MBC,180.000,20916,2377,IC,MBC
13840,306511,MBC,180.000,20918,1432,CS,MBC
13841,345165,MBC,180.000,20920,1450,AD,MBC
13842,466667,BC,180.000,20921,1216,EC,OC
13843,277738,BC,180.000,20923,5986,EC,OC
13844,200517,OC,180.000,20924,2704,EC,OC
13845,425955,BC,180.000,20925,2025,CS,BC
13846,302110,SC,180.000,20930,2005,EI,SC
13847,303413,BCM,180.000,20931,2005,ME,BCM
13848,245617,BC,180.000,20932,2718,AD,BC
13849,321243,BC,180.000,20935,2736,EC,OC
13850,362358,BC,180.000,20936,2005,IB,OC
13851,374937,BC,180.000,20937,1110,EC,OC
13852,295409,BC,180.000,20938,2718,EC,BC
13853,354861,SC,180.000,20940,2007,IM,SC
13854,426658,BC,180.000,20941,2007,CN,BC
13855,489288,BC,180.000,20948,1211,EC,BC
13856,345546,BC,180.000,20949,5986,EC,OC
13857,369948,BC,180.000,20952,2718,AD,BC
13858,313636,SC,180.000,20953,1419,AD,OC
13859,244191,BC,180.000,20954,2764,SC,BC
13860,237821,MBC,180.000,20956,2764,AM,MBC
13861,398887,OC,180.000,20957,1211,CB,OC
13862,487086,BC,180.000,20959,2708,ME,OC
13863,397530,MBC,180.000,20961,1432,EC,MBC
13864,363913,BC,180.000,20962,1111,AD,OC
13865,253485,BC,180.000,20964,1211,ME,OC
13866,464559,OC,180.000,20965,1304,BT,OC
13867,426741,MBC,180.000,20966,1216,EC,OC
13868,488480,BC,180.000,20967,2025,CS,BC
13869,417228,MBC,180.000,20968,1219,CS,MBC
13870,370861,BC,180.000,20969,2006,AS,BC
13871,405692,MBC,180.000,20970,2739,IT,MBC
13872,477095,BC,180.000,20973,2622,CS,OC
13873,215237,BC,180.000,20974,4020,CS,OC
13874,387664,BC,180.000,20976,2764,IT,BC
13875,463799,BC,180.000,20979,1211,ME,OC
13876,439237,BC,180.000,20980,1211,CS,BC
13877,353667,MBC,180.000,20981,2621,AM,OC
13878,357655,MBC,180.000,20982,5910,CS,OC
13879,261060,BC,180.000,20983,2349,EC,OC
13880,244004,OC,180.000,20984,1216,CS,OC
13881,276137,BC,180.000,20987A,4960,EC,OC
13882,446689,BC,180.000,20989,2752,AD,OC
13883,309782,BC,180.000,20991,1432,AD,BC
13884,337609,BC,180.000,20994,5008,MF,BC
13885,214679,BC,180.000,20995,2710,CS,BC
13886,287107,BCM,180.000,20996,4,RP,OC
13887,297604,SC,180.000,20998,2739,CS,SC
13888,287629,BC,180.000,21001,5901,EE,BC
13889,241255,MBC,180.000,21003,2718,CS,MBC
13890,342962,SC,180.000,21004,4,PR,SC
13891,298208,BC,180.000,21005,4962,CS,OC
13892,346720,BC,180.000,21007,2607,CS,OC
13893,218224,BC,180.000,21008,2718,EC,BC
13894,339923,BC,180.000,21009,5901,CE,OC
13895,429256,BC,180.000,21011,2702,EC,OC
13896,353216,MBC,180.000,21013,2377,CE,MBC
13897,336217,MBC,180.000,21014,2764,EC,MBC
13898,418913,BC,180.000,21015,2710,CS,BC
13899,312084,BCM,180.000,21016,2006,MY,OC
13900,291246,BC,180.000,21017,1450,EC,BC
13901,336648,BC,180.000,21018,5008,MF,BC
13902,262723,MBC,180.000,21019,2005,ME,MBC
13903,246261,BC,180.000,21020,4962,CS,OC
13904,385914,MBC,180.000,21023,2702,EC,OC
13905,216560,BC,180.000,21024,5910,CS,OC
13906,236051,MBC,180.000,21025,2764,EC,MBC
13907,231654,BC,180.000,21026,1113,EC,OC
13908,463217,MBC,180.000,21028,2710,ME,OC
13909,412051,MBC,180.000,21029,2025,EE,OC
13910,250980,BC,180.000,21031,1211,AL,BC
13911,415561,SC,180.000,21032,5008,EM,SC
13912,200438,BC,180.000,21034,1424,AM,OC
13913,306046,MBC,180.000,21036,2711,EC,OC
13914,382729,OC,180.000,21037,1304,AD,OC
13915,278430,BC,180.000,21039,2739,ME,OC
13916,219478,MBC,180.000,21040,2718,CS,MBC
13917,397369,BC,180.000,21041,2702,CS,OC
13918,481288,OC,180.000,21042,1414,EC,OC
13919,370499,BC,180.000,21043,1210,EC,OC
13920,350294,BC,180.000,21044,1432,CS,BC
13921,334952,MBC,180.000,21046,2377,IC,MBC
13922,346851,BC,180.000,21048,1219,EC,BC
13923,252723,MBC,180.000,21049,1211,AL,MBC
13924,274983,MBC,180.000,21050,2718,AD,MBC
13925,343310,BC,180.000,21051,2718,CS,BC
13926,447213,MBC,180.000,21052,2603,EC,OC
13927,445530,MBC,180.000,21054,5008,CN,OC
13928,288290,SC,180.000,21055,1399,CS,SC
13929,481540,MBC,180.000,21056,1,MN,MBC
13930,411958,BC,180.000,21057,1211,CS,BC
13931,315324,BC,180.000,21059,2702,EC,OC
13932,276536,BC,180.000,21060,4962,AD,OC
13933,319908,BC,180.000,21062,2750,AD,OC
13934,361669,BC,180.000,21063,1211,CS,BC
13935,359414,BC,180.000,21064,2712,MZ,BC
13936,234290,BC,180.000,21065,1211,CS,BC
13937,409302,BC,180.000,21067,1405,CS,OC
13938,369901,BC,180.000,21068,2718,CB,OC
13939,224978,MBC,180.000,21072,2736,CS,OC
13940,323860,MBC,180.000,21073,1,GI,MBC
13941,366220,OC,180.000,21075,2727,EC,OC
13942,303923,BC,180.000,21076,2005,ME,BC
13943,411388,BC,180.000,21077,2718,IT,OC
13944,328061,MBC,180.000,21080,1304,CS,MBC
13945,283165,BCM,180.000,21081,1432,AD,BCM
13946,348086,SC,180.000,21082,5008,EE,SC
13947,217361,BC,180.000,21083,2718,CB,OC
13948,345628,BC,180.000,21084,2736,AD,OC
13949,387318,MBC,180.000,21085,2740,EC,OC
13950,342845,BC,180.000,21086,5901,EE,BC
13951,483279,BC,180.000,21087,2007,MF,BC
13952,214724,MBC,180.000,21088,1211,CS,MBC
13953,293045,BC,180.000,21090,1450,IT,BC
13954,242320,MBC,180.000,21091,1219,EC,MBC
13955,418159,BC,180.000,21092,1211,CS,BC
13956,303389,BC,180.000,21093,4974,EE,OC
13957,329035,MBC,180.000,21095,1419,AD,OC
13958,202057,MBC,180.000,21097,1137,EC,OC
13959,377959,BC,180.000,21099,2764,AM,BC
13960,367018,MBC,180.000,21100,1216,AD,MBC
13961,244364,BC,180.000,21101,2710,CS,BC
13962,346462,BC,180.000,21102,1216,CS,OC
13963,211633,BC,180.000,21103,2751,CS,OC
13964,204225,BC,180.000,21106,2750,CB,BC
13965,378323,BC,180.000,21107,1219,IT,OC
13966,249609,MBC,180.000,21108,1211,AL,MBC
13967,209912,BC,180.000,21110,2005,ME,BC
13968,430861,BC,180.000,21111,2622,CS,OC
13969,402516,MBC,180.000,21114,2025,CS,MBC
13970,437620,BC,180.000,21115,2711,CS,OC
13971,446886,BC,180.000,21117,1304,EC,BC
13972,479046,BC,180.000,21118,2601,AD,OC
13973,223458,BC,180.000,21120,1219,EC,BC
13974,398492,MBC,180.000,21123,1211,EC,MBC
13975,380627,BC,180.000,21125,2718,IT,OC
13976,489928,BC,180.000,21127,2731,IT,OC
13977,292890,BC,180.000,21128,1432,AD,BC
13978,408470,BC,180.000,21130,3465,EC,OC
13979,322811,BC,180.000,21131,5008,MF,BC
13980,329729,BC,180.000,21133,1432,AD,BC
13981,444765,MBC,180.000,21134,1432,EC,MBC
13982,331998,MBC,180.000,21135,1304,CS,MBC
13983,396523,BCM,180.000,21136,5901,ME,OC
13984,377189,MBC,180.000,21137,2006,PR,MBC
13985,294191,BC,180.000,21138,2603,CS,BC
13986,306836,SC,180.000,21142,2025,CS,SC
13987,360125,BC,180.000,21143,1304,SC,BC
13988,401479,MBC,180.000,21144,1211,IT,MBC
13989,220566,MBC,180.000,21146,2739,SC,MBC
13990,457445,SC,180.000,21147,5008,EM,SC
13991,200978,MBC,180.000,21148,1211,IT,MBC
13992,329357,MBC,180.000,21149,1432,EC,MBC
13993,457427,BC,180.000,21150,2764,EE,BC
13994,252602,BC,180.000,21151,5008,MF,BC
13995,335281,MBC,180.000,21153,2369,CS,OC
13996,397379,MBC,180.000,21154,2711,EC,OC
13997,296881,SC,180.000,21155,1432,BT,OC
13998,369523,BC,180.000,21157,2709,EC,BC
13999,384597,BC,180.000,21159,2764,AD,BC
14000,287716,SC,180.000,21160,2739,EC,SC
14001,486282,BC,180.000,21162,2622,CS,OC
14002,427512,BC,180.000,21163,3011,CS,BC
14003,387218,MBC,180.000,21165,2611,CY,OC
14004,472156,SC,180.000,21166,2377,AD,SC
14005,410832,BC,180.000,21167,1211,AD,BC
14006,350287,MBC,180.000,21170,1211,IT,MBC
14007,486893,OC,180.000,21171,1126,AD,OC
14008,467202,MBC,180.000,21172,1,GI,MBC
14009,328451,MBC,180.000,21173,4960,EC,OC
14010,388884,BC,180.000,21174,2,PM,BC
14011,333771,BC,180.000,21175,1,PT,BC
14012,318817,BC,180.000,21176,1432,AD,BC
14013,268149,BC,180.000,21177,2750,CS,OC
14014,359307,BC,180.000,21184,1113,EE,OC
14015,236790,BC,180.000,21188,1211,EC,BC
14016,273881,BC,180.000,21189,4974,EE,BC
14017,466059,BC,180.000,21190,2718,EE,OC
14018,245353,MBC,180.000,21194,1399,EE,MBC
14019,396258,BC,180.000,21196,1219,IT,OC
14020,479994,MBC,180.000,21198,2710,ME,OC
14021,320007,BC,180.000,21199,2764,BM,OC
14022,306387,BC,180.000,21202,1211,EC,BC
14023,409500,BC,180.000,21204,2718,CS,BC
14024,240375,MBC,180.000,21205,1419,ME,OC
14025,418831,BC,180.000,21206,1111,IT,OC
14026,468070,MBC,180.000,21208,2704,AD,OC
14027,388708,BC,180.000,21209,1211,EC,BC
14028,465938,BC,180.000,21210,2736,EC,OC
14029,338455,BC,180.000,21212,2750,AD,OC
14030,390630,BC,180.000,21213,2710,CS,BC
14031,318843,MBC,180.000,21214,2603,EC,OC
14032,274457,BC,180.000,21216,2750,AM,BC
14033,386606,BC,180.000,21217,2710,EC,BC
14034,267118,OC,180.000,21218,1304,AD,OC
14035,201854,SC,180.000,21219,2739,AM,SC
14036,344339,MBC,180.000,21221,2736,CS,OC
14037,334268,BCM,180.000,21223,1211,CS,BCM
14038,486810,OC,180.000,21224,1126,AD,OC
14039,466621,OC,180.000,21226,1126,AD,OC
14040,317271,BC,180.000,21227,3011,AM,OC
14041,447269,SC,180.000,21228,2007,IM,SC
14042,363889,BC,180.000,21229,2718,IT,OC
14043,352161,BC,180.000,21230,2764,AD,BC
14044,466284,SC,180.000,21233,2007,CE,SC
14045,294275,BC,180.000,21234,1216,EC,OC
14046,255908,BC,180.000,21236,1516,CS,OC
14047,460736,MBC,180.000,21239,2736,EC,OC
14048,455128,MBC,180.000,21240,2007,MF,MBC
14049,353896,MBC,180.000,21241,1211,EC,MBC
14050,467878,BC,180.000,21243,2706,CS,OC
14051,395123,BC,180.000,21244,2736,AD,OC
14052,361044,BC,180.000,21245,2718,EC,BC
14053,412646,BC,180.000,21248,1216,CS,OC
14054,464394,MBC,180.000,21250,2740,CS,OC
14055,362336,MBC,180.000,21251,2646,AD,OC
14056,408182,BC,180.000,21253,1211,ME,OC
14057,228752,OC,180.000,21254,2727,EC,OC
14058,486849,OC,180.000,21256,1126,EV,OC
14059,436338,BC,180.000,21258,1211,BT,OC
14060,281585,BC,180.000,21263,2706,CS,OC
14061,225936,OC,180.000,21264,2718,EE,OC
14062,394176,MBC,180.000,21265,2005,CE,MBC
14063,339467,BC,180.000,21267,1,MI,BC
14064,216730,MBC,180.000,21268,2718,CS,MBC
14065,342361,BC,180.000,21270,1419,EC,OC
14066,358801,BC,180.000,21273,1432,AD,BC
14067,387919,MBC,180.000,21274,3011,AM,OC
14068,454835,BCM,180.000,21275,3425,CS,OC
14069,313075,OC,180.000,21276,1419,AM,OC
14070,345714,MBC,180.000,21277,1450,AD,MBC
14071,383769,BCM,180.000,21278,2718,CS,BCM
14072,501494,MBC,179.540,21284,1126,AD,OC
14073,270806,MBC,179.500,21286,2007,CN,MBC
14074,297292,MBC,179.500,21288,1211,ME,OC
14075,301292,BC,179.500,21289,2718,IT,OC
14076,483461,SC,179.500,21290,2005,CE,SC
14077,468178,BC,179.500,21291,2718,CS,BC
14078,362883,OC,179.500,21292,1211,EE,OC
14079,345320,BC,179.500,21293,1211,EC,BC
14080,309089,BC,179.500,21294,1211,IT,BC
14081,201181,BC,179.500,21295,1419,CS,OC
14082,356838,BC,179.500,21296,1219,IT,OC
14083,325359,BC,179.500,21297,3011,CF,OC
14084,435378,SC,179.500,21298,1399,CS,SC
14085,236928,BC,179.500,21299,1304,CS,BC
14086,285324,BC,179.500,21300,2710,EC,BC
14087,252595,BC,179.500,21301,5901,EE,BC
14088,468163,MBC,179.500,21304,2750,CS,OC
14089,460444,MBC,179.500,21307,2329,AM,OC
14090,348757,BC,179.500,21308,2702,CS,OC
14091,359709,MBC,179.500,21309,2718,CS,MBC
14092,372840,MBC,179.500,21310,2618,EC,OC
14093,273213,BC,179.500,21311,2702,CS,OC
14094,416536,MBC,179.500,21313,2025,EE,OC
14095,256327,MBC,179.500,21314,4960,AD,OC
14096,289137,MBC,179.500,21315,2718,CS,MBC
14097,421944,MBC,179.500,21316,2608,CS,OC
14098,225022,BC,179.500,21317,2718,CB,OC
14099,257989,BC,179.500,21318,2622,EC,OC
14100,394359,SC,179.500,21319,2712,CS,SC
14101,211191,MBC,179.500,21320,1219,AD,OC
14102,282271,BC,179.500,21321,2750,CS,OC
14103,427110,BC,179.500,21322,5010,EC,OC
14104,346888,BC,179.500,21324,3011,CS,BC
14105,417022,MBC,179.500,21326,1219,EC,MBC
14106,399801,SC,179.500,21327,2739,EC,SC
14107,249408,BC,179.500,21330,5008,CN,OC
14108,424920,BC,179.500,21331,2719,CS,OC
14109,364553,BC,179.500,21333,1304,IT,OC
14110,268940,BC,179.500,21335,2711,AL,OC
14111,267104,BC,179.500,21336,3465,EC,OC
14112,361593,BC,179.500,21337,2752,CS,OC
14113,236400,MBC,179.500,21339,1,MN,MBC
14114,400596,MBC,179.500,21340,1211,IT,MBC
14115,397550,BC,179.500,21342,1211,AD,BC
14116,294706,BC,179.500,21343,1219,CS,BC
14117,407116,BC,179.500,21344,2750,CS,OC
14118,276831,BC,179.500,21347,2711,CS,OC
14119,305970,SC,179.500,21348,2750,AD,OC
14120,238912,BC,179.500,21350,2718,AD,BC
14121,453744,BC,179.500,21351,1113,EC,OC
14122,335210,BC,179.500,21352,2718,SC,BC
14123,355373,BC,179.500,21353,1211,EC,BC
14124,429727,BC,179.500,21354,1216,CS,OC
14125,259525,BC,179.500,21355,2710,CS,BC
14126,238051,MBC,179.500,21356,2025,EC,MBC
14127,226227,SC,179.500,21357,2739,CS,SC
14128,225952,BC,179.500,21358,1211,CB,OC
14129,260082,SCA,179.500,21359,2739,EC,SCA
14130,274221,BC,179.500,21362,1432,AD,BC
14131,364556,BC,179.500,21363,1432,CS,BC
14132,368769,BC,179.500,21366,1211,IT,BC
14133,404218,BCM,179.500,21368,4974,CE,OC
14134,337041,BC,179.500,21369,1304,AM,BC
14135,247408,BC,179.500,21370,4959,CS,OC
14136,352292,BC,179.500,21371,2709,IT,OC
14137,402634,SCA,179.500,21372,5008,CM,SCA
14138,251791,BC,179.500,21373,2622,CS,OC
14139,238684,BC,179.500,21375,2718,IT,OC
14140,258890,BC,179.500,21376,4960,CS,OC
14141,200859,BC,179.500,21377,1304,AD,OC
14142,399898,BC,179.500,21378,5986,EC,OC
14143,321273,BC,179.500,21379,1211,MZ,OC
14144,262757,BC,179.500,21381,2706,CS,OC
14145,363328,MBC,179.500,21383,5901,IT,MBC
14146,436439,BC,179.500,21384,3,BP,OC
14147,268054,BC,179.500,21385,1211,EC,BC
14148,351394,BC,179.500,21386,2764,IT,BC
14149,362815,MBC,179.500,21388,1211,EE,MBC
14150,417145,MBC,179.500,21391,4974,EC,MBC
14151,400377,BC,179.500,21392,2718,EC,BC
14152,284583,BC,179.500,21393,2653,AD,OC
14153,238269,MBC,179.500,21394,1408,EC,OC
14154,442634,BC,179.500,21395,2622,EC,OC
14155,364129,BC,179.500,21397,1216,EC,OC
14156,461834,BC,179.500,21398,5901,EE,BC
14157,348910,BC,179.500,21400,5986,EC,OC
14158,367696,BC,179.500,21401,1120,CS,OC
14159,257473,MBC,179.500,21404,2764,CS,MBC
14160,256729,MBC,179.500,21405,2718,EC,MBC
14161,408299,BC,179.500,21406,5910,CB,OC
14162,392393,BC,179.500,21407,2702,EC,OC
14163,464380,MBC,179.500,21409,1317,AL,OC
14164,365490,MBC,179.500,21410,2718,EC,MBC
14165,426110,BC,179.500,21412,2329,AM,OC
14166,399851,BC,179.500,21413,2377,CE,BC
14167,205499,BC,179.500,21414,5910,AD,OC
14168,260122,BCM,179.500,21415,4962,EC,OC
14169,285430,BC,179.500,21417,2736,IT,OC
14170,351735,BC,179.500,21419,2702,EC,OC
14171,285233,BC,179.500,21420,2615,MT,OC
14172,409561,BC,179.500,21423,1432,AD,BC
14173,453131,BCM,179.500,21424,5530,CS,OC
14174,287926,BC,179.500,21425,2719,CS,OC
14175,380046,SC,179.500,21427,2005,EE,SC
14176,425069,SCA,179.500,21429,2006,CM,SCA
14177,361861,BC,179.500,21430,1419,SC,OC
14178,200426,BC,179.500,21431,2005,ME,BC
14179,408580,BC,179.500,21432,2615,MT,OC
14180,351109,BC,179.500,21433,2764,IT,BC
14181,306124,BC,179.500,21434,2005,ME,BC
14182,399706,BC,179.500,21435,2706,AD,OC
14183,316908,BC,179.500,21436,5910,CS,OC
14184,294731,BC,179.500,21437,5901,EE,BC
14185,201958,SC,179.500,21438,1211,CS,SC
14186,406395,BC,179.500,21439,1304,AM,BC
14187,262225,BC,179.500,21440,2718,EC,BC
14188,309920,MBC,179.500,21441,2764,EC,MBC
14189,361280,BC,179.500,21442,1317,AD,OC
14190,266514,MBC,179.500,21444,1,XC,MBC
14191,469729,BC,179.500,21445,2615,MT,OC
14192,386256,MBC,179.500,21446,1,MN,MBC
14193,438438,MBC,179.500,21447,2718,CS,MBC
14194,208099,BC,179.500,21448,2005,ME,BC
14195,416972,BC,179.500,21449,2719,EC,OC
14196,429847,BC,179.500,21450,4,RP,OC
14197,317939,BC,179.500,21452,2005,ME,BC
14198,411516,MBC,179.500,21454,2751,CB,OC
14199,442921,BC,179.500,21455,1432,AD,BC
14200,432758,MBC,179.500,21456,1516,CE,OC
14201,328510,BC,179.500,21457,2702,CS,BC
14202,336779,BC,179.500,21458,5986,CS,OC
14203,434144,BC,179.500,21459,5901,CE,OC
14204,236296,BC,179.500,21461,1211,CB,OC
14205,299081,SC,179.500,21462,1399,CS,SC
14206,352159,SC,179.500,21463,2712,CS,SC
14207,337037,BC,179.500,21464,2710,CS,BC
14208,221004,SC,179.500,21465,2007,IM,SC
14209,227833,MBC,179.500,21467,2718,EC,MBC
14210,264191,BC,179.500,21468,2718,IT,OC
14211,261760,BC,179.500,21470,1113,EC,OC
14212,220854,SC,179.500,21471,2007,EE,SC
14213,488224,BC,179.500,21472,2718,EC,BC
14214,267087,BCM,179.500,21474,2006,AS,BCM
14215,241347,BC,179.500,21476,2622,AM,OC
14216,335313,BC,179.500,21477,2006,PN,OC
14217,349878,BC,179.500,21478,1211,IT,BC
14218,267909,BC,179.500,21481,5536,CS,OC
14219,443549,BC,179.500,21483,4962,CS,BC
14220,366807,BC,179.500,21484,2710,EV,OC
14221,360378,BC,179.500,21485,3465,EC,OC
14222,399875,BC,179.500,21487,2718,CJ,OC
14223,354911,BC,179.500,21489,1317,AD,OC
14224,206160,BC,179.500,21493,2718,EC,BC
14225,368836,MBC,179.500,21494,4,RP,OC
14226,235616,BC,179.500,21495,1211,EC,BC
14227,256061,BC,179.500,21496,2702,CS,BC
14228,332867,MBC,179.500,21497,1113,CS,MBC
14229,395638,BC,179.500,21498,1304,IT,OC
14230,409375,BC,179.500,21499,1211,EC,BC
14231,422630,BCM,179.500,21501,4962,EC,OC
14232,444028,BC,179.500,21502,2025,CS,BC
14233,368357,MBC,179.500,21503,2764,CS,MBC
14234,369591,BC,179.500,21504,1414,CS,OC
14235,230708,BC,179.500,21505,1111,AD,OC
14236,294605,BC,179.500,21506,1304,AD,OC
14237,281573,BC,179.500,21508,2750,ME,BC
14238,264375,BC,179.500,21509,1211,IT,BC
14239,410720,BC,179.500,21510,2702,AD,OC
14240,321971,BC,179.500,21511,2763,AD,OC
14241,431730,BC,179.500,21512,2702,CS,BC
14242,361536,BC,179.500,21513,2711,EC,OC
14243,358457,BC,179.500,21514,1304,AM,BC
14244,449242,BC,179.500,21516,2709,EC,BC
14245,214528,MBC,179.500,21519,2764,EC,MBC
14246,394025,MBC,179.500,21521,2736,CS,OC
14247,351219,MBC,179.500,21522,5901,EE,MBC
14248,255763,BC,179.500,21524,2750,BM,OC
14249,224372,BCM,179.500,21525,3830,EC,OC
14250,315903,BCM,179.500,21526,4974,EC,BCM
14251,423136,BC,179.500,21527,4994,CS,OC
14252,327816,MBC,179.500,21528,5901,EE,MBC
14253,364774,MBC,179.500,21529,3011,AM,OC
14254,397176,BC,179.500,21530,2711,EC,OC
14255,230468,BC,179.500,21531,1419,EC,OC
14256,214359,MBC,179.500,21532,2618,CS,OC
14257,367092,BC,179.500,21533,2711,CS,OC
14258,324198,BC,179.500,21534,1120,AD,OC
14259,259397,BC,179.500,21535,2723,IT,OC
14260,284257,BC,179.500,21536,1211,IT,BC
14261,327788,BCM,179.500,21537,1408,CS,OC
14262,208736,BC,179.500,21537A,1219,AD,OC
14263,412878,BC,179.500,21538,3011,AM,OC
14264,444876,BC,179.500,21541,1211,IT,BC
14265,214209,BC,179.500,21542,5986,EC,OC
14266,310886,BCM,179.500,21543,4974,CE,OC
14267,267491,SC,179.500,21545,2007,IM,SC
14268,306167,MBC,179.500,21547,2702,AD,OC
14269,336776,MBC,179.500,21549,2702,CS,MBC
14270,210322,BC,179.500,21550,1309,IT,OC
14271,366407,BC,179.500,21552,2718,IT,OC
14272,367054,MBC,179.500,21553,1211,CS,MBC
14273,285207,BC,179.500,21555,2711,CS,OC
14274,458293,BC,179.500,21556,2025,CS,BC
14275,259546,BC,179.500,21558,5010,CS,OC
14276,367825,BC,179.500,21559,2764,AD,BC
14277,294922,BC,179.500,21561,2005,PR,OC
14278,428934,BC,179.500,21562,4974,CE,OC
14279,223644,BC,179.500,21563,2005,ME,BC
14280,230483,BC,179.500,21564,2711,CS,OC
14281,210958,BC,179.500,21567,2718,EC,BC
14282,371143,BC,179.500,21569,1419,EC,OC
14283,288468,MBC,179.500,21571,2006,PR,MBC
14284,330237,SC,179.500,21574,4974,CS,SC
14285,350545,OC,179.500,21575,1211,BM,OC
14286,263465,BC,179.500,21576,2718,CJ,OC
14287,218058,BC,179.500,21577,1317,EC,OC
14288,356883,MBC,179.500,21578,3465,CS,OC
14289,417928,BC,179.500,21580,2718,CB,OC
14290,435348,BC,179.500,21581,1,PT,BC
14291,266786,BC,179.500,21582,1211,CB,OC
14292,451621,BC,179.500,21584,2710,CS,BC
14293,340719,BC,179.500,21585,2718,EE,OC
14294,354148,BC,179.500,21586,2624,CS,OC
14295,251158,BC,179.500,21589,1450,AD,BC
14296,360092,SC,179.500,21591,2,CH,SC
14297,340333,BC,179.500,21593,2718,EE,OC
14298,208881,BC,179.500,21594,2718,IT,OC
14299,261975,MBC,179.500,21595,2005,IB,OC
14300,385035,OC,179.500,21598,5901,CE,OC
14301,262222,BC,179.500,21599,2711,CS,OC
14302,370667,MBC,179.500,21600,1219,CS,MBC
14303,464260,BC,179.500,21601,1126,CS,OC
14304,308439,BC,179.500,21602,1211,BT,OC
14305,215187,BC,179.500,21603,2718,CS,BC
14306,350100,BC,179.500,21604,1317,CS,OC
14307,270041,BC,179.500,21605,1219,AD,OC
14308,253861,BC,179.500,21606,2706,CS,OC
14309,238350,MBC,179.500,21607,2705,AM,OC
14310,384501,BC,179.500,21608,2764,AD,BC
14311,466746,OC,179.500,21610,1126,AD,OC
14312,336642,BCM,179.500,21612,3801,CS,OC
14313,239955,BC,179.500,21613,2710,CS,BC
14314,282986,BC,179.500,21615,1219,IT,OC
14315,317844,BC,179.500,21616,2751,SC,OC
14316,225330,MBC,179.500,21617,2005,CE,MBC
14317,310440,MBC,179.500,21619,2710,EC,MBC
14318,261286,BC,179.500,21621,5910,CS,OC
14319,355294,BC,179.500,21622,1216,EC,OC
14320,291174,BC,179.500,21623,2709,IT,OC
14321,448039,BC,179.500,21625,5901,EE,BC
14322,478453,BC,179.500,21626,2718,CS,BC
14323,260830,BC,179.500,21628,1216,CS,BC
14324,242370,BC,179.500,21629,2718,IT,OC
14325,218138,BC,179.500,21630,4974,CE,OC
14326,276910,BC,179.500,21631,2750,BT,OC
14327,437232,BC,179.500,21632,2702,AD,OC
14328,378223,MBC,179.500,21635,1399,ME,MBC
14329,305544,BC,179.500,21637,1211,BM,OC
14330,452459,MBC,179.500,21640,2,LE,OC
14331,212919,BC,179.500,21641,1111,AD,OC
14332,329419,MBC,179.500,21642,2718,CS,MBC
14333,246700,BC,179.500,21643,1113,CA,OC
14334,416714,MBC,179.500,21644,2702,CS,MBC
14335,360325,BC,179.500,21645,1210,CS,OC
14336,447084,BC,179.500,21648,2702,EC,OC
14337,251078,BC,179.500,21649,2718,EC,BC
14338,337492,BC,179.500,21650,1432,EC,BC
14339,309949,BC,179.500,21651,5901,EE,BC
14340,321856,BC,179.500,21652,4954,CS,OC
14341,354564,MBC,179.500,21653,2718,CS,MBC
14342,395126,BC,179.500,21654,2005,CE,BC
14343,200394,OC,179.500,21655,2709,CF,OC
14344,286498,BC,179.500,21657,1311,CS,OC
14345,334851,BC,179.500,21658,1128,SC,OC
14346,485771,BCM,179.500,21659,1424,CS,OC
14347,258769,BC,179.500,21660,4971,EC,OC
14348,266651,BC,179.500,21661,1304,AM,BC
14349,377225,SC,179.500,21662,1399,AD,SC
14350,395743,MBC,179.500,21664,5901,IT,MBC
14351,430889,BC,179.500,21668,2706,CS,OC
14352,271202,BCM,179.500,21669,2718,CS,BCM
14353,221116,BC,179.500,21670,1,PT,BC
14354,238495,BC,179.500,21672,1219,AD,OC
14355,320969,BC,179.500,21674,2718,MZ,OC
14356,270509,BC,179.500,21675,3011,IT,OC
14357,269966,BC,179.500,21678,3011,AM,OC
14358,420268,BCM,179.500,21679,4959,AD,OC
14359,250491,BC,179.500,21680,2615,ME,OC
14360,388922,MBC,179.500,21681,2751,AD,OC
14361,230396,BC,179.500,21682,2718,EC,BC
14362,329493,BCM,179.500,21683,2751,CS,OC
14363,323228,BCM,179.500,21684,2005,CE,BCM
14364,437567,BC,179.500,21690,2718,CS,BC
14365,278990,SC,179.500,21692,1399,CS,SC
14366,297182,OC,179.500,21693,3011,CF,OC
14367,360170,MBC,179.500,21694,2710,CS,MBC
14368,376145,BC,179.500,21695,2718,IT,OC
14369,274156,BC,179.500,21701,1419,CS,OC
14370,241593,BC,179.500,21702,4971,EC,OC
14371,203209,BCM,179.500,21703,2739,CB,BCM
14372,366648,BCM,179.500,21706,1304,CS,BCM
14373,263900,MBC,179.500,21707,1419,CS,OC
14374,262362,MBC,179.500,21709,1211,AD,MBC
14375,463629,SC,179.500,21713,2718,AM,SC
14376,208133,BCM,179.500,21716,2377,IC,BCM
14377,291972,OC,179.500,21717,1113,EC,OC
14378,239228,BC,179.500,21720,1120,AD,OC
14379,369432,BC,179.500,21721,2764,IT,BC
14380,358870,BC,179.500,21722,2718,EC,BC
14381,284631,SC,179.500,21723,1399,AD,SC
14382,408694,BC,179.500,21724,1211,RM,OC
14383,219377,SC,179.500,21725,2739,AM,SC
14384,297705,MBC,179.500,21726,3011,EC,OC
14385,224197,BC,179.500,21727,1211,CB,OC
14386,450929,BC,179.500,21728,2706,AD,OC
14387,378744,BC,179.500,21729,1113,CS,BC
14388,235074,BC,179.500,21730,1216,EC,BC
14389,378769,BC,179.500,21731,1216,AD,BC
14390,298654,MBC,179.500,21733,2006,AS,MBC
14391,292165,BCM,179.500,21734,2,PP,BCM
14392,294041,MBC,179.500,21737,2712,EI,MBC
14393,254177,BC,179.500,21738,4962,CS,BC
14394,339506,BC,179.500,21739,2608,CS,OC
14395,200246,MBC,179.500,21740,1516,EC,OC
14396,397344,BC,179.500,21741,2711,EC,OC
14397,242379,BC,179.500,21742,3011,EC,OC
14398,402885,BC,179.500,21743,4023,CS,OC
14399,280877,MBC,179.500,21747,1120,IT,OC
14400,216947,SC,179.500,21749,1399,AD,SC
14401,381104,BCM,179.500,21750,1,PT,BCM
14402,333753,BC,179.500,21751,1113,CS,BC
14403,466880,OC,179.500,21753,1126,CS,OC
14404,267139,BC,179.500,21754,2718,IT,OC
14405,375259,SC,179.500,21755,2377,EC,SC
14406,280226,BC,179.500,21756,1304,AM,BC
14407,349261,MBC,179.500,21758,3465,CS,OC
14408,253441,BC,179.500,21759,2710,CS,BC
14409,211047,MBC,179.500,21760,2718,EC,MBC
14410,398148,MBC,179.500,21762,1317,AD,OC
14411,396487,BC,179.500,21764,1113,CS,BC
14412,255749,BC,179.500,21765A,2711,AD,OC
14413,236944,MBC,179.500,21767,1304,EC,MBC
14414,467199,BC,179.500,21769,5986,CS,OC
14415,439308,BC,179.500,21770,2719,RM,OC
14416,340183,MBC,179.500,21771,2750,AD,OC
14417,222171,BC,179.500,21772,1216,CS,BC
14418,263006,OC,179.500,21773,1216,AL,OC
14419,274798,BC,179.500,21774,1210,EC,OC
14420,397795,MBC,179.500,21775,2718,CS,MBC
14421,426866,MBC,179.500,21777,1120,CS,OC
14422,360259,MBC,179.500,21778,2673,AM,OC
14423,220271,BC,179.500,21779,1317,CS,OC
14424,299491,BC,179.500,21782,2706,AM,OC
14425,406972,BC,179.500,21785,3011,CS,BC
14426,429007,BC,179.500,21789,2357,CS,OC
14427,259925,SC,179.500,21791,1431,AD,OC
14428,398044,BC,179.500,21794,2005,ME,BC
14429,409223,BC,179.500,21796,1304,CS,BC
14430,263242,MBC,179.500,21797,1304,CS,MBC
14431,246869,BC,179.500,21798,2025,ME,OC
14432,242550,BC,179.500,21800,1432,AD,BC
14433,428786,BC,179.500,21801,5910,AD,OC
14434,425133,MBC,179.500,21804,2718,AD,MBC
14435,310146,MBC,179.500,21805,2006,MT,MBC
14436,415610,BC,179.500,21806,2718,IT,OC
14437,435364,MBC,179.500,21807,1304,CS,MBC
14438,365723,BC,179.500,21809,1216,AL,OC
14439,462484,MBC,179.500,21810,2764,EC,MBC
14440,282292,BC,179.500,21811,1317,AM,OC
14441,253558,MBC,179.500,21812,1219,CS,MBC
14442,265718,BC,179.500,21813,2718,EC,BC
14443,261013,BCM,179.500,21814,1210,CS,OC
14444,285504,BC,179.500,21815,2712,CE,OC
14445,214468,BC,179.500,21816,2718,CS,BC
14446,424671,BC,179.500,21820,2750,CS,OC
14447,322568,SC,179.500,21821,1399,CS,SC
14448,297088,BC,179.500,21824,2702,CS,BC
14449,370748,BC,179.500,21825,2710,CS,BC
14450,261755,BC,179.500,21826,2005,CE,BC
14451,252495,BC,179.500,21827,1210,AD,OC
14452,370111,MBC,179.500,21828,4,PR,MBC
14453,235446,BC,179.500,21830,2718,IT,OC
14454,243995,MBC,179.500,21831,5986,CS,OC
14455,274217,SC,179.500,21832,1211,CS,SC
14456,231071,BC,179.500,21836,2711,CS,OC
14457,242293,SC,179.500,21837,5008,EM,SC
14458,209934,BC,179.500,21838,2711,CS,OC
14459,445173,BCM,179.500,21840,2750,EC,BCM
14460,378601,MBC,179.500,21842,1211,CS,MBC
14461,259369,BC,179.500,21843,1304,SC,BC
14462,224194,BCM,179.500,21846,1304,ME,OC
14463,374565,BC,179.500,21847,1211,EC,BC
14464,385152,MBC,179.500,21849,1432,AD,MBC
14465,333322,BC,179.500,21853,1317,CS,OC
14466,479580,SC,179.500,21854,1,MI,SC
14467,256426,SC,179.500,21855,1211,CS,SC
14468,228358,MBC,179.500,21856,1304,CS,MBC
14469,466191,BC,179.500,21857,2718,CS,BC
14470,256093,BC,179.500,21861,1317,AL,OC
14471,390668,MBC,179.500,21862,1516,EC,OC
14472,349738,BC,179.500,21863,1216,AL,OC
14473,251472,BC,179.500,21865,1304,IT,OC
14474,411997,BC,179.500,21868,2718,AD,BC
14475,281935,BCM,179.500,21869,1413,AM,OC
14476,434207,BC,179.500,21870,1317,CS,OC
14477,380208,BC,179.500,21871,2007,CN,BC
14478,388064,SC,179.500,21872,2025,EC,SC
14479,287936,BC,179.500,21873,5910,CS,OC
14480,319731,BC,179.500,21874,1304,EC,BC
14481,344376,BC,179.500,21877,5,AM,OC
14482,367113,BC,179.500,21879,2622,CS,OC
14483,380625,BC,179.500,21881,2615,ME,OC
14484,261293,MBC,179.500,21884,1211,AL,MBC
14485,217901,MBC,179.500,21886,4962,EC,OC
14486,297817,BC,179.500,21887,2702,CS,BC
14487,381684,BC,179.500,21888,2710,CS,BC
14488,290707,BC,179.500,21890,1216,AD,BC
14489,469557,SC,179.500,21892,1,IE,SC
14490,334046,BC,179.500,21893,2006,PN,OC
14491,333877,BC,179.500,21895,2702,EC,OC
14492,487136,MBC,179.500,21896,2718,AD,MBC
14493,258093,MBC,179.500,21897,2751,CS,OC
14494,311495,BC,179.500,21898,3805,SC,OC
14495,261666,BC,179.500,21902,1113,EC,OC
14496,308459,MBC,179.500,21904,5901,EE,MBC
14497,227679,BC,179.500,21906,2718,IT,OC
14498,242990,MBC,179.500,21908,2005,ME,MBC
14499,245027,OC,179.500,21909,1304,AD,OC
14500,241242,BC,179.500,21913,2718,EC,BC
14501,349263,BCM,179.500,21915,2764,CS,BCM
14502,359151,MBC,179.500,21917,5901,IT,MBC
14503,403785,BC,179.500,21920,1216,EE,OC
14504,249261,BCM,179.500,21921,3425,EC,OC
14505,337214,SC,179.500,21922,1,XM,SC
14506,306004,BC,179.500,21923,2711,EC,BC
14507,229532,MBC,179.500,21926,1216,SC,MBC
14508,393842,BC,179.500,21927,1304,CS,BC
14509,218801,BC,179.500,21929,1317,CS,OC
14510,282962,BC,179.500,21930,5901,CE,OC
14511,395747,MBC,179.500,21931,2712,AE,MBC
14512,480320,SC,179.500,21932,1399,AM,SC
14513,227583,BC,179.500,21935,2702,EC,OC
14514,255732,BC,179.500,21937,2764,EV,BC
14515,272219,BC,179.500,21941,1211,EC,BC
14516,231983,SC,179.500,21942,2025,CS,SC
14517,262056,BC,179.500,21944,2006,MY,OC
14518,261504,MBC,179.500,21945,4,PR,MBC
14519,245726,BC,179.500,21948,2718,CS,BC
14520,210101,BCM,179.500,21949,1432,AD,BCM
14521,437747,MBC,179.500,21952,1211,CS,MBC
14522,285463,OC,179.500,21954,2718,MZ,OC
14523,286367,MBC,179.500,21955,2702,CS,MBC
14524,390898,BCM,179.500,21956,4,RP,OC
14525,271134,BC,179.500,21958,2711,EC,BC
14526,223818,BC,179.500,21959,2005,ME,BC
14527,224564,MBC,179.500,21960,1432,AD,MBC
14528,486936,OC,179.500,21962,1126,EC,OC
14529,480404,MBC,179.500,21963,2750,EC,MBC
14530,329227,MBC,179.500,21964,3807,IT,OC
14531,443114,MBC,179.500,21966,2702,AD,OC
14532,250939,BC,179.500,21967,2718,EC,BC
14533,411121,MBC,179.500,21969,1450,ME,OC
14534,284315,BC,179.500,21972,1216,CS,BC
14535,358663,MBC,179.500,21973,1450,IT,MBC
14536,226165,BC,179.500,21974,2718,CS,BC
14537,280739,BC,179.500,21975,1113,CS,BC
14538,241240,BCM,179.500,21977,1101,AD,OC
14539,200254,BC,179.500,21978,2007,CN,BC
14540,306705,BC,179.500,21983,1219,EC,BC
14541,413203,BC,179.500,21984,2718,IT,OC
14542,399085,BC,179.500,21985,1216,CS,BC
14543,330111,MBC,179.500,21986,1111,CS,OC
14544,502024,MBC,179.500,21988,5901,EE,MBC
14545,265394,BC,179.500,21989,4960,CS,OC
14546,426616,BC,179.500,21990,2025,EE,OC
14547,262234,BC,179.500,21991,2615,ME,OC
14548,339304,MBC,179.500,21992,2712,EE,MBC
14549,337912,BC,179.500,21994,2718,CS,BC
14550,384340,BC,179.500,21995,2622,CS,OC
14551,482162,BC,179.500,21998,2005,IB,OC
14552,279012,BCM,179.500,22000,2712,EE,BCM
14553,388641,BC,179.500,22002,1216,CS,BC
14554,201975,BC,179.500,22004,2718,IT,OC
14555,455636,SC,179.500,22005,5008,CM,SC
14556,494818,SC,179.500,22007,2007,EE,SC
14557,243217,BCM,179.500,22008,1450,AD,BCM
14558,451181,BC,179.500,22009,1307,AM,OC
14559,350645,MBC,179.500,22011,2622,EC,OC
14560,397152,BCM,179.500,22013,1431,EC,OC
14561,224247,MBC,179.500,22015,2377,ME,MBC
14562,365828,BC,179.500,22016,1219,IT,OC
14563,262584,BC,179.500,22018,1211,EC,BC
14564,366466,BC,179.500,22020,2750,AM,BC
14565,391006,SCA,179.500,22022,4,IM,SCA
14566,459120,SC,179.500,22023,1399,EV,SC
14567,278517,BC,179.500,22025,1216,AD,BC
14568,294127,BC,179.500,22028,2750,SC,OC
14569,371364,BC,179.500,22029,1113,CS,BC
14570,329115,MBC,179.500,22030,5008,ME,MBC
14571,484560,MBC,179.500,22033,4020,EC,OC
14572,494604,MBC,179.500,22034,2642,CS,OC
14573,388514,BC,179.500,22035,2711,CS,OC
14574,334482,MBC,179.500,22036,1450,EE,OC
14575,316580,MBC,179.500,22037,5008,CE,MBC
14576,226248,BC,179.500,22038,2718,IT,OC
14577,362056,BC,179.500,22039,4955,EC,OC
14578,254481,MBC,179.500,22041,1219,EC,MBC
14579,463134,BC,179.500,22042,2608,AM,OC
14580,215782,BC,179.500,22043,1216,CS,BC
14581,368670,BC,179.500,22044,5910,AD,OC
14582,381822,MBC,179.500,22046,2702,EC,OC
14583,341619,BC,179.500,22047,4960,IT,OC
14584,461783,BC,179.500,22049,2709,CS,BC
14585,306449,BC,179.500,22050,2702,CS,BC
14586,267078,BC,179.500,22052,1211,AD,BC
14587,469984,BCM,179.500,22053,1304,CS,BCM
14588,243600,BC,179.500,22054,2617,CS,OC
14589,393057,MBC,179.500,22056,2718,CS,MBC
14590,332489,BC,179.500,22057,2718,EC,BC
14591,442923,BC,179.500,22058,2764,AD,BC
14592,387332,MBC,179.500,22060,1,MN,MBC
14593,459697,BC,179.500,22061,2764,MZ,OC
14594,305535,BC,179.500,22062,2702,EC,OC
14595,335337,OC,179.500,22063,4962,EC,OC
14596,292335,BCM,179.500,22065,1216,EC,BCM
14597,472190,MBC,179.500,22067,5008,ME,MBC
14598,243755,MBC,179.500,22068,1432,AD,MBC
14599,314253,BC,179.500,22069,1211,CB,OC
14600,276166,BC,179.500,22070,5008,FY,OC
14601,335693,BCM,179.500,22072,3806,CS,OC
14602,260458,BC,179.500,22073,2710,CS,BC
14603,266175,BC,179.500,22075,1211,BT,OC
14604,257498,BC,179.500,22076,2618,CS,OC
14605,310243,MBC,179.500,22078,1216,CS,MBC
14606,375790,MBC,179.500,22079,1304,SC,MBC
14607,447782,BC,179.500,22080,2718,CS,BC
14608,293253,BC,179.500,22082,4959,CS,OC
14609,328583,BC,179.500,22084,1219,IT,OC
14610,498891,BC,179.500,22086,1414,EC,OC
14611,388302,MBC,179.500,22087,1216,CS,MBC
14612,345689,MBC,179.500,22088,1211,RM,OC
14613,452801,BC,179.500,22089,2718,CS,BC
14614,223927,BC,179.500,22090,2736,IT,OC
14615,369593,OC,179.500,22091,1216,IT,OC
14616,299696,MBC,179.500,22093,3011,EC,MBC
14617,234966,BC,179.500,22095,1317,CS,OC
14618,352702,MBC,179.500,22096,2718,CS,MBC
14619,220162,MBC,179.500,22097,1211,CD,OC
14620,486987,OC,179.500,22098,1126,EC,OC
14621,486962,OC,179.500,22100,1126,EC,OC
14622,288992,BC,179.500,22102,2702,EC,OC
14623,350265,BC,179.500,22103,2718,IT,OC
14624,218037,BC,179.500,22105,1317,CS,OC
14625,365072,SC,179.500,22106,2007,ME,SC
14626,430623,BC,179.500,22107,1219,CS,BC
14627,359694,BC,179.500,22108,2743,BT,OC
14628,361350,BC,179.500,22109,2710,EC,BC
14629,500632,MBC,179.500,22110,2656,AM,OC
14630,397417,BC,179.500,22111,1317,EC,OC
14631,287621,MBC,179.500,22113,1216,EC,MBC
14632,460720,ST,179.500,22114,2006,EY,ST
14633,215192,BC,179.500,22116,1399,CE,BC
14634,335636,BC,179.500,22117,2025,CS,BC
14635,479480,OC,179.500,22118,1126,AD,OC
14636,222309,BCM,179.500,22121,5008,ME,BCM
14637,417571,BC,179.500,22122,2005,CE,BC
14638,446298,BC,179.500,22125,4994,EC,OC
14639,457468,MBC,179.500,22128,3465,EC,OC
14640,479470,OC,179.500,22129,1126,CS,OC
14641,384053,BC,179.500,22131,1219,EC,BC
14642,204042,MBC,179.500,22132,1419,AM,OC
14643,309917,MBC,179.500,22134,1,PT,MBC
14644,333186,MBC,179.500,22136,2718,EC,MBC
14645,489075,BC,179.500,22137,4,RP,OC
14646,370731,BC,179.500,22139,1211,EC,BC
14647,271553,BC,179.500,22140,2702,CS,BC
14648,211890,BC,179.500,22141,2718,EC,BC
14649,330819,MBC,179.500,22142,3857,CS,OC
14650,263881,BCM,179.500,22144,2764,EC,BCM
14651,480180,BC,179.500,22146,2,PP,BC
14652,340733,MBC,179.500,22148,2750,AM,MBC
14653,341221,MBC,179.500,22149,2613,IT,OC
14654,396148,MBC,179.500,22150,1219,CS,MBC
14655,485696,BC,179.500,22151,1317,CS,OC
14656,374897,MBC,179.500,22153,1304,AD,OC
14657,284547,SC,179.500,22154,2615,EE,SC
14658,337957,MBC,179.500,22155,2750,BT,OC
14659,218089,MBC,179.500,22157,5,AM,OC
14660,477017,BC,179.500,22158,2329,BT,OC
14661,286985,MBC,179.500,22160,2712,EE,MBC
14662,458596,MBC,179.500,22161,1311,AM,OC
14663,387290,MBC,179.500,22162,3,BP,OC
14664,243544,MBC,179.500,22163,1,MA,MBC
14665,460188,MBC,179.500,22166,2718,SC,MBC
14666,222679,SC,179.340,22168,1516,EC,OC
14667,486497,BC,179.333,22169,1216,AL,OC
14668,489238,SC,179.265,22173,1126,CS,OC
14669,475033,SC,179.100,22175,1126,AD,OC
14670,376488,MBC,179.000,22178,1432,AD,MBC
14671,229395,BC,179.000,22179,1304,AD,OC
14672,478304,MBC,179.000,22180,2603,SC,OC
14673,261158,BC,179.000,22181,2718,IT,OC
14674,365692,BC,179.000,22184,1317,AM,OC
14675,347298,SC,179.000,22185,2377,AD,SC
14676,456019,BC,179.000,22186,1211,CB,OC
14677,364957,BC,179.000,22187,1,PT,BC
14678,265008,BC,179.000,22188,2719,AD,OC
14679,331714,MBC,179.000,22190,1432,ME,MBC
14680,217633,MBC,179.000,22191,5910,SC,OC
14681,318304,SC,179.000,22192,2615,AM,SC
14682,246152,MBC,179.000,22194,2718,EC,MBC
14683,202048,OC,179.000,22195,1111,CS,OC
14684,402976,BC,179.000,22196,3011,EC,BC
14685,357306,BC,179.000,22197,2622,CS,OC
14686,312530,BC,179.000,22202,1419,IT,OC
14687,298559,BC,179.000,22204,1216,AD,BC
14688,308466,MBC,179.000,22206,2006,AS,MBC
14689,229315,BC,179.000,22208,3011,CF,OC
14690,467009,OC,179.000,22209,1126,EC,OC
14691,266031,BC,179.000,22211,1113,CS,BC
14692,331727,OC,179.000,22212,2718,IT,OC
14693,378935,MBC,179.000,22214,2708,AL,OC
14694,228851,BC,179.000,22215,1450,CS,BC
14695,444445,BC,179.000,22216,1450,IT,BC
14696,344438,BC,179.000,22217,2710,EC,BC
14697,441431,BC,179.000,22218,2751,AD,OC
14698,443420,BC,179.000,22219,2710,AD,BC
14699,269704,BC,179.000,22220,1216,EC,BC
14700,289334,BC,179.000,22221,1216,AD,BC
14701,336753,BC,179.000,22224,1211,RM,OC
14702,283086,BC,179.000,22225,2718,IT,OC
14703,322665,BC,179.000,22226,1140,EC,OC
14704,340536,BC,179.000,22227,2025,CS,BC
14705,281149,BC,179.000,22228,2615,ME,OC
14706,484542,BC,179.000,22229,2719,CS,OC
14707,247619,BC,179.000,22230,2702,CS,BC
14708,456601,BC,179.000,22231,1432,EC,BC
14709,336825,MBC,179.000,22232,2702,CS,MBC
14710,372146,BC,179.000,22235,2377,CE,BC
14711,292817,BC,179.000,22238,2711,CS,OC
14712,323425,BCM,179.000,22239,2750,AD,OC
14713,259404,BC,179.000,22241,2710,AD,BC
14714,277632,BC,179.000,22243,1216,EC,BC
14715,293175,BC,179.000,22244,2702,CS,BC
14716,236396,BC,179.000,22245,3011,EC,BC
14717,218651,SC,179.000,22247,2,CH,SC
14718,362624,BC,179.000,22248,4962,EC,OC
14719,257125,BC,179.000,22249,4023,CS,OC
14720,204755,BC,179.000,22252,2764,IT,BC
14721,371730,MBC,179.000,22254,2718,CS,MBC
14722,370715,SC,179.000,22255,1399,AD,SC
14723,374054,BC,179.000,22257,2764,EV,BC
14724,248722,BC,179.000,22258,1424,CS,OC
14725,344931,BC,179.000,22259,2702,BT,OC
14726,375341,BC,179.000,22262,2006,PN,BC
14727,451777,BC,179.000,22263,2710,EC,BC
14728,440083,BC,179.000,22264,2702,EC,OC
14729,396607,OC,179.000,22266,2718,IT,OC
14730,263450,BC,179.000,22268,2718,CS,BC
14731,414864,MBC,179.000,22269,2702,EC,MBC
14732,302567,BC,179.000,22271,1211,CB,OC
14733,418222,BC,179.000,22272,2702,CS,BC
14734,229221,BC,179.000,22273,1317,CS,OC
14735,210918,BCM,179.000,22274,1432,AD,BCM
14736,290963,BC,179.000,22275,2710,AD,BC
14737,343460,BC,179.000,22276,2005,IB,OC
14738,381503,BC,179.000,22279,2702,EC,BC
14739,261116,BC,179.000,22282,1211,EC,BC
14740,387042,BC,179.000,22283,1317,CS,OC
14741,236643,BC,179.000,22284,5910,EC,OC
14742,305636,BC,179.000,22285,4960,CS,OC
14743,306459,BC,179.000,22286,2718,EC,BC
14744,265591,OC,179.000,22287,2718,IT,OC
14745,458883,BC,179.000,22288,2718,SC,BC
14746,342814,BCM,179.000,22289,2712,AD,BCM
14747,398342,BC,179.000,22290,2718,CS,BC
14748,433690,BC,179.000,22291,2764,MZ,OC
14749,224943,SCA,179.000,22295,2007,AT,SCA
14750,486271,BCM,179.000,22297,2615,ME,OC
14751,215174,BC,179.000,22298,2618,AD,OC
14752,460987,BC,179.000,22300,2764,IT,BC
14753,337490,MBC,179.000,22303,2739,AD,MBC
14754,262671,BC,179.000,22304,1304,RM,OC
14755,410870,BC,179.000,22306,2710,EC,BC
14756,419093,BC,179.000,22307,2764,EV,BC
14757,316463,BC,179.000,22308,1211,IT,BC
14758,339938,BC,179.000,22310,2618,EC,OC
14759,317046,BC,179.000,22312,4955,AD,OC
14760,345247,MBC,179.000,22313,1432,AD,MBC
14761,229839,BC,179.000,22314,2706,CS,BC
14762,461729,BC,179.000,22316,2702,EC,BC
14763,203621,BC,179.000,22317,2702,EC,BC
14764,374024,BC,179.000,22318,3465,EC,OC
14765,454766,BC,179.000,22320,2702,CS,BC
14766,227825,BC,179.000,22321,2750,EC,BC
14767,379286,BC,179.000,22322,2005,ME,BC
14768,240928,OC,179.000,22324,1113,CA,OC
14769,234074,BC,179.000,22327,1419,CS,OC
14770,322051,BC,179.000,22328,1419,AM,OC
14771,435213,MBC,179.000,22330,2718,EC,MBC
14772,264619,BC,179.000,22331,1216,AD,BC
14773,399914,MBC,179.000,22333,1517,AD,OC
14774,322040,BC,179.000,22334,2005,ME,BC
14775,284956,BC,179.000,22337,2006,MY,BC
14776,205156,BC,179.000,22338,1419,EC,OC
14777,352881,BC,179.000,22340,2718,CS,BC
14778,320982,BC,179.000,22341,4962,CS,BC
14779,402337,BC,179.000,22342,2711,EC,BC
14780,428663,BC,179.000,22343,2622,AM,OC
14781,296508,BC,179.000,22344,2718,EE,OC
14782,351066,BC,179.000,22345,2710,AD,BC
14783,298571,MBC,179.000,22347,1432,AD,MBC
14784,236187,BC,179.000,22348,2711,CS,OC
14785,236049,MBC,179.000,22349,1110,CS,OC
14786,290759,BCM,179.000,22351,4974,EI,OC
14787,234028,BC,179.000,22352,4960,EC,OC
14788,355583,BC,179.000,22353,2710,CS,BC
14789,463830,MBC,179.000,22354,2749,CS,OC
14790,397931,BC,179.000,22355,2025,CS,BC
14791,390800,OC,179.000,22356,1210,CS,OC
14792,222755,MBC,179.000,22357,4960,EC,OC
14793,346451,MBC,179.000,22360,2750,AD,OC
14794,395232,BC,179.000,22361,1432,CS,BC
14795,255231,BC,179.000,22363,4944,AD,OC
14796,347527,BC,179.000,22364,2718,IT,OC
14797,317468,BC,179.000,22365,2709,IT,OC
14798,352686,BC,179.000,22366,1304,RM,OC
14799,328079,BC,179.000,22367,1419,CS,OC
14800,378343,MBC,179.000,22368,5901,EE,MBC
14801,237589,BC,179.000,22369,5901,EE,BC
14802,370893,MBC,179.000,22370,5008,CE,MBC
14803,216263,BC,179.000,22372,1211,CB,OC
14804,372302,MBC,179.000,22373,2710,IT,OC
14805,426839,BC,179.000,22374,2005,ME,BC
14806,456540,MBC,179.000,22375,2764,EC,MBC
14807,427900,BC,179.000,22377,2005,CE,BC
14808,474689,BC,179.000,22378,2718,MZ,OC
14809,248143,BC,179.000,22379,2764,ME,OC
14810,350034,SC,179.000,22380,2007,EE,SC
14811,282094,MBC,179.000,22382,2702,CS,MBC
14812,240193,BC,179.000,22384,2607,EE,OC
14813,222807,OC,179.000,22385,1304,AD,OC
14814,374550,BC,179.000,22386,1113,CS,BC
14815,498099,SC,179.000,22387,2006,BS,SC
14816,285721,BC,179.000,22388,5910,IT,OC
14817,389189,MBC,179.000,22389,2005,IB,OC
14818,435269,MBC,179.000,22390,2750,EC,MBC
14819,387957,BC,179.000,22392,2632,AM,OC
14820,426396,BC,179.000,22393,4917,CS,OC
14821,345275,BC,179.000,22394,2710,CS,BC
14822,221432,BC,179.000,22396,1304,EC,BC
14823,356143,BC,179.000,22397,2702,IT,OC
14824,277848,BC,179.000,22398,2710,AD,BC
14825,305549,BC,179.000,22399,2719,CS,OC
14826,442806,MBC,179.000,22400,1216,CS,MBC
14827,201257,BC,179.000,22401,2005,IB,OC
14828,277663,BCM,179.000,22405,2718,CS,BCM
14829,492512,BC,179.000,22406,2718,AD,BC
14830,245811,BC,179.000,22410,2718,IT,OC
14831,376199,BC,179.000,22411,2764,AD,BC
14832,376268,MBC,179.000,22412,2,PM,MBC
14833,247707,BC,179.000,22413,2702,EC,BC
14834,400970,MBC,179.000,22414,2718,CS,MBC
14835,433758,BC,179.000,22415,1216,CS,BC
14836,220589,MBC,179.000,22419,2718,AD,MBC
14837,248749,BC,179.000,22420,2706,EC,OC
14838,439438,MBC,179.000,22421,5010,CS,OC
14839,222332,BC,179.000,22422,3464,CS,OC
14840,257874,BC,179.000,22424,4974,EI,OC
14841,424870,BC,179.000,22425,1211,CD,OC
14842,371512,MBC,179.000,22426,1442,CS,OC
14843,329633,SC,179.000,22427,2751,EC,OC
14844,222117,BC,179.000,22430,1432,AD,BC
14845,225240,BC,179.000,22431,2603,EC,OC
14846,291773,BC,179.000,22432,1211,IT,BC
14847,279170,SC,179.000,22434,2764,AD,SC
14848,315879,SC,179.000,22435,2615,EE,SC
14849,330168,BC,179.000,22437,4960,EC,OC
14850,292583,MBC,179.000,22438,2718,EC,MBC
14851,268527,BC,179.000,22439,1120,EC,OC
14852,370160,BC,179.000,22442,2718,IT,OC
14853,420621,BC,179.000,22445,5901,EE,BC
14854,340550,BC,179.000,22446,2702,EC,BC
14855,357401,BC,179.000,22450,2702,AD,OC
14856,428336,MBC,179.000,22451,1013,EC,OC
14857,329441,SC,179.000,22452,5008,EL,SC
14858,279929,BC,179.000,22453,4020,CS,OC
14859,357438,MBC,179.000,22454,1304,CS,MBC
14860,453198,BC,179.000,22455,2718,IT,OC
14861,222341,BC,179.000,22456,1419,CS,OC
14862,276421,BC,179.000,22457,1317,CS,OC
14863,337070,OC,179.000,22459,1413,AM,OC
14864,293080,MBC,179.000,22460,1432,EC,MBC
14865,378104,BC,179.000,22463,2711,CS,OC
14866,380712,MBC,179.000,22464,1211,EC,MBC
14867,395425,BC,179.000,22465,2764,IT,BC
14868,430245,SC,179.000,22467,4,PR,SC
14869,396739,MBC,179.000,22469,1432,EC,MBC
14870,418069,SC,179.000,22473,2006,MF,SC
14871,330190,MBC,179.000,22474,2718,CS,MBC
14872,211215,MBC,179.000,22476,1112,AM,OC
14873,209864,BC,179.000,22477,2718,EC,BC
14874,363510,BC,179.000,22478,2005,IB,OC
14875,327643,BC,179.000,22479,1111,AD,OC
14876,333423,BC,179.000,22482,2006,MY,BC
14877,488645,BC,179.000,22483,1304,CS,BC
14878,340623,BC,179.000,22484,2719,EC,OC
14879,278552,BC,179.000,22487,2711,AL,OC
14880,292043,BC,179.000,22488,1211,EC,BC
14881,368599,BC,179.000,22489,1216,CS,BC
14882,272872,BC,179.000,22490,2718,IT,OC
14883,346611,MBC,179.000,22491,3011,CS,MBC
14884,352051,MBC,179.000,22493,1211,CS,MBC
14885,252262,BC,179.000,22495,2,CR,OC
14886,395160,BC,179.000,22496,2702,EC,BC
14887,456101,BC,179.000,22497,2718,EC,BC
14888,284683,MBC,179.000,22498,1113,IT,OC
14889,441658,MBC,179.000,22499,1112,AM,OC
14890,216351,BC,179.000,22500,2718,MZ,OC
14891,248993,MBC,179.000,22501,5910,EC,OC
14892,207054,OC,179.000,22502,1450,ME,OC
14893,401306,BC,179.000,22505,2764,IT,BC
14894,269845,MBC,179.000,22506,2718,CS,MBC
14895,279920,BC,179.000,22507,3465,MZ,OC
14896,286429,BC,179.000,22508,4962,CS,BC
14897,289960,BC,179.000,22509,4020,CS,OC
14898,428015,BC,179.000,22510,5910,CS,OC
14899,373427,BC,179.000,22512,1414,CS,OC
14900,214697,BC,179.000,22513,2718,IT,OC
14901,498379,BC,179.000,22515,1,PT,BC
14902,437488,MBC,179.000,22516,2718,CS,MBC
14903,397754,BC,179.000,22517,2718,CB,OC
14904,409762,BC,179.000,22518,1111,CS,OC
14905,209872,BCM,179.000,22519,1309,AD,OC
14906,346376,BC,179.000,22520,1317,CS,OC
14907,200159,SC,179.000,22521,2615,EC,SC
14908,226352,BC,179.000,22522,2727,AL,OC
14909,327464,MBC,179.000,22528,2718,CS,MBC
14910,381311,BC,179.000,22529,2718,EE,OC
14911,386852,MBC,179.000,22530,2357,CS,OC
14912,282415,MBC,179.000,22531,1304,AD,OC
14913,317418,OC,179.000,22532,2764,CB,OC
14914,258061,MBC,179.000,22533,2764,MZ,OC
14915,366758,BC,179.000,22535,2718,CS,BC
14916,358640,BC,179.000,22536,2613,SC,OC
14917,354731,BC,179.000,22537,1419,CS,OC
14918,346626,MBC,179.000,22540,1219,CS,MBC
14919,296557,MBC,179.000,22542,1219,AD,MBC
14920,349795,BC,179.000,22543,2719,CS,OC
14921,389210,OC,179.000,22546,2702,EE,OC
14922,384126,MBC,179.000,22547,2764,EC,MBC
14923,373456,BC,179.000,22548,5986,CS,OC
14924,412287,MBC,179.000,22550,5008,MG,MBC
14925,287743,BC,179.000,22552,1304,IT,OC
14926,235392,BC,179.000,22553,1216,CS,BC
14927,235430,MBC,179.000,22555,1432,EC,MBC
14928,201781,BCM,179.000,22556,2377,CE,BCM
14929,365393,MBC,179.000,22558,2710,EE,OC
14930,359596,BC,179.000,22559,2711,IT,OC
14931,204967,BC,179.000,22561,1304,CS,BC
14932,202221,MBC,179.000,22562,2739,EE,MBC
14933,359461,BC,179.000,22564,2750,EC,BC
14934,267735,MBC,179.000,22565,5901,EE,MBC
14935,353227,BC,179.000,22566,5901,CE,BC
14936,261765,BC,179.000,22568,1304,IT,OC
14937,277113,MBC,179.000,22571,2005,PR,OC
14938,310168,BC,179.000,22572,1219,AD,BC
14939,483911,BC,179.000,22575,2745,EC,OC
14940,461354,BC,179.000,22576,2750,AM,BC
14941,394747,BC,179.000,22581,2706,EC,OC
14942,478944,BC,179.000,22584,1304,CS,BC
14943,390114,SCA,179.000,22585,2006,CE,SCA
14944,253409,BC,179.000,22588,1211,EC,BC
14945,256423,BC,179.000,22590,1216,AD,BC
14946,331661,MBC,179.000,22593,1432,EC,MBC
14947,398217,MBC,179.000,22594,1,PT,MBC
14948,307539,BCM,179.000,22598,1432,EV,OC
14949,381051,BCM,179.000,22599,2025,CS,BCM
14950,247503,BC,179.000,22601,1317,AD,OC
14951,329905,BC,179.000,22602,1317,CS,OC
14952,410409,BC,179.000,22603,2710,CS,BC
14953,233652,MBC,179.000,22605,1211,SC,MBC
14954,385684,BC,179.000,22607,2750,EV,OC
14955,428163,BC,179.000,22608,1211,EC,BC
14956,261145,MBC,179.000,22610,1304,CS,MBC
14957,254380,BC,179.000,22612,4974,EE,BC
14958,451916,MBC,179.000,22613,2764,SC,MBC
14959,479785,BC,179.000,22616,2718,CS,BC
14960,248721,BC,179.000,22620,2718,IT,OC
14961,312934,BCM,179.000,22622,2007,CL,BCM
14962,354385,SC,179.000,22623,2025,CS,SC
14963,261371,MBC,179.000,22624,1211,EC,MBC
14964,364414,BC,179.000,22625,2,PP,BC
14965,452438,BC,179.000,22627,2702,EC,BC
14966,365332,MBC,179.000,22628,2712,MZ,MBC
14967,287416,BC,179.000,22632,2006,TX,OC
14968,490715,BC,179.000,22633,2,PP,BC
14969,249809,OC,179.000,22635,3795,EC,OC
14970,354627,BC,179.000,22636,1211,EC,BC
14971,313144,MBC,179.000,22637,5901,ME,OC
14972,330075,BC,179.000,22638,2750,CS,BC
14973,374903,BC,179.000,22639,2718,IT,OC
14974,450397,BC,179.000,22641,2718,IT,OC
14975,322427,BC,179.000,22642,2764,IT,BC
14976,326139,MBC,179.000,22644,2702,EC,MBC
14977,231154,BC,179.000,22645,1211,EC,BC
14978,347418,MBC,179.000,22648,4960,EC,OC
14979,304792,BC,179.000,22650,4960,EC,OC
14980,211053,BC,179.000,22651,2718,EC,BC
14981,255539,BC,179.000,22652,2719,CJ,OC
14982,386393,MBC,179.000,22653,2656,CS,OC
14983,386476,BC,179.000,22654,1304,EE,OC
14984,260270,BC,179.000,22655,1504,AM,OC
14985,289818,MBC,179.000,22660,5901,EE,MBC
14986,394658,BC,179.000,22661,2719,EC,OC
14987,400320,BC,179.000,22662,4678,EC,OC
14988,212040,BCM,179.000,22664,1211,EC,BCM
14989,317008,BC,179.000,22665,4,RP,BC
14990,403297,MBC,179.000,22667,2706,EV,OC
14991,323089,MBC,179.000,22668,1432,EC,MBC
14992,441571,BC,179.000,22671,2329,BT,OC
14993,297189,MBC,179.000,22672,2704,IT,OC
14994,337999,BC,179.000,22673,1211,EC,BC
14995,246834,OC,179.000,22674,1113,IT,OC
14996,224169,BC,179.000,22677,2712,CE,OC
14997,205104,BC,179.000,22680,1304,ME,OC
14998,263930,BC,179.000,22681,1419,EC,OC
14999,212150,BC,179.000,22682,1211,BT,OC
15000,326267,BC,179.000,22683,1111,IT,OC
15001,427283,BC,179.000,22684,2711,CS,OC
15002,377712,BC,179.000,22685,1113,CS,BC
15003,424216,MBC,179.000,22686,2707,CH,OC
15004,206400,MBC,179.000,22688,5008,CN,MBC
15005,439691,MBC,179.000,22689,5,EC,OC
15006,427342,BC,179.000,22692,1113,CS,BC
15007,396479,MBC,179.000,22694,1419,EC,OC
15008,348285,ST,179.000,22695,5008,CM,ST
15009,434974,BC,179.000,22698,2702,ME,OC
15010,311887,BC,179.000,22700,3464,EC,OC
15011,200272,BCM,179.000,22701,1432,EC,BCM
15012,227797,BC,179.000,22702,1216,AD,BC
15013,381643,BCM,179.000,22703,1210,CS,OC
15014,438261,BC,179.000,22705,2006,AS,BC
15015,300723,BC,179.000,22707,2750,CS,BC
15016,438849,MBC,179.000,22710,2764,EC,MBC
15017,216107,BC,179.000,22712,1304,AD,OC
15018,341004,BC,179.000,22713,2702,EC,BC
15019,215672,MBC,179.000,22714,2718,CS,MBC
15020,487610,MBC,179.000,22716,1111,CS,OC
15021,455208,BC,179.000,22717,1015,AM,OC
15022,228386,BCM,179.000,22718,1450,EE,OC
15023,288961,BC,179.000,22720,2719,EC,OC
15024,264313,BC,179.000,22721,3465,CS,OC
15025,302872,BC,179.000,22723,1113,CS,BC
15026,235895,BCM,179.000,22724,1424,AD,OC
15027,414198,MBC,179.000,22725,2718,CS,MBC
15028,229332,BC,179.000,22726,2702,BT,OC
15029,205954,MBC,179.000,22727,1419,MZ,OC
15030,236582,BC,179.000,22728,5986,EC,OC
15031,331916,BC,179.000,22729,5546,CF,OC
15032,263658,MBC,179.000,22730,2615,ME,OC
15033,219910,BC,179.000,22732,1211,BT,OC
15034,351151,MBC,179.000,22733,2764,AM,MBC
15035,301239,BC,179.000,22736,2622,CS,OC
15036,225356,BC,179.000,22738,3830,CS,OC
15037,365981,MBC,179.000,22740,2377,CE,MBC
15038,200185,MBC,179.000,22742,1399,ME,MBC
15039,278857,BC,179.000,22744,1210,AD,OC
15040,386931,MBC,179.000,22745,1516,EC,OC
15041,449373,MBC,179.000,22747,2750,AM,MBC
15042,390585,SC,179.000,22750,2007,EE,SC
15043,311709,BCM,179.000,22752,1211,AE,OC
15044,454489,BC,179.000,22753,2712,CE,OC
15045,298160,BCM,179.000,22755,1317,AD,OC
15046,477834,MBC,179.000,22757,2329,CS,OC
15047,410287,OC,179.000,22761,1210,AL,OC
15048,344951,BCM,179.000,22762,1432,EC,BCM
15049,380407,MBC,179.000,22763,5009,CF,OC
15050,354935,MBC,179.000,22765,2718,CS,MBC
15051,246054,OC,179.000,22766,2739,ME,OC
15052,459613,MBC,179.000,22767,1432,EC,MBC
15053,365613,BC,179.000,22768,1211,EC,BC
15054,321000,BC,179.000,22769,4962,CS,BC
15055,308332,MBC,179.000,22770,1211,CS,MBC
15056,377644,BC,179.000,22771,4974,EI,OC
15057,282809,BCM,179.000,22772,1101,AD,OC
15058,415097,MBC,179.000,22777,1516,EC,OC
15059,237567,SC,179.000,22779,1399,IT,SC
15060,316572,OC,179.000,22780,1304,CB,OC
15061,495374,BC,179.000,22781,2702,EC,BC
15062,258425,MBC,179.000,22783,2005,IB,OC
15063,391050,BC,179.000,22784,2607,AD,OC
15064,365004,SC,179.000,22785,2712,CS,SC
15065,461150,BC,179.000,22787,2718,IT,OC
15066,496948,MBC,179.000,22789,2615,MT,OC
15067,317149,SC,179.000,22791,5008,CW,SC
15068,373460,MBC,179.000,22792,2025,AD,MBC
15069,497141,BC,179.000,22793,2750,AD,OC
15070,211925,BCM,179.000,22794,1211,EC,BCM
15071,411448,BC,179.000,22796,2712,AE,BC
15072,272926,BC,179.000,22797,1419,CS,OC
15073,340152,BC,179.000,22798,2025,EE,BC
15074,226199,BC,179.000,22800,1304,AD,OC
15075,382754,BC,179.000,22801,1419,EC,OC
15076,345701,OC,179.000,22802,1419,CS,OC
15077,306313,BC,179.000,22805,1128,CS,OC
15078,483083,OC,179.000,22807,2776,SC,OC
15079,302459,MBC,179.000,22808,1111,EC,OC
15080,368233,BC,179.000,22809,1219,IT,OC
15081,370867,SC,179.000,22812,2615,AM,SC
15082,279997,MBC,179.000,22813,1432,SC,MBC
15083,273127,MBC,179.000,22815,3011,CS,MBC
15084,364505,MBC,179.000,22816,2764,EC,MBC
15085,349485,SC,179.000,22817,5008,CM,SC
15086,260556,MBC,179.000,22819,2718,CS,MBC
15087,465880,BC,179.000,22820,2622,AD,OC
15088,320234,BC,179.000,22821,1216,AL,OC
15089,352989,BC,179.000,22822,5901,EE,BC
15090,322560,SC,179.000,22823,1399,AD,SC
15091,202126,BC,179.000,22824,1419,EC,OC
15092,331537,MBC,179.000,22825,1013,SC,OC
15093,245387,MBC,179.000,22827,5986,EC,OC
15094,240533,BC,179.000,22829,1111,IT,OC
15095,465733,MBC,179.000,22830,2710,CS,MBC
15096,479010,MBC,179.000,22831,2007,CH,MBC
15097,216607,BC,179.000,22832,2718,IT,OC
15098,237452,MBC,179.000,22834,2709,EC,MBC
15099,455334,MBC,179.000,22835,5010,CS,OC
15100,382960,BC,179.000,22836,1304,AD,OC
15101,262221,BC,179.000,22838,2711,CS,OC
15102,303570,MBC,179.000,22841,1419,AM,OC
15103,381316,BCM,179.000,22843,1216,CS,BCM
15104,210746,BC,179.000,22844,2025,AD,BC
15105,446040,SC,179.000,22848,2712,CS,SC
15106,443056,BC,179.000,22850,1317,EC,OC
15107,262875,SC,179.000,22851,1450,EC,SC
15108,204653,BC,179.000,22855,2718,SC,BC
15109,282463,SC,179.000,22857,1,MN,SC
15110,314617,BC,179.000,22858,2377,CE,BC
15111,366848,SC,179.000,22862,2739,EC,SC
15112,310174,BC,179.000,22863,4960,EC,OC
15113,435603,MBC,179.000,22864,2618,AD,OC
15114,355593,SC,179.000,22865,5901,EC,SC
15115,493156,BC,179.000,22866,4670,CS,OC
15116,362505,MBC,179.000,22867,1211,EE,MBC
15117,290573,BC,179.000,22868,2718,IT,OC
15118,231877,OC,179.000,22869,3830,EE,OC
15119,256542,MBC,179.000,22872,2,PP,MBC
15120,215630,BC,179.000,22878,5986,CS,OC
15121,293172,BC,179.000,22879,2618,CS,OC
15122,462955,BC,179.000,22880,2764,BM,OC
15123,299719,BC,179.000,22881,2764,AD,BC
15124,247878,BC,179.000,22882,2706,CS,BC
15125,279353,SCA,179.000,22885,4,EI,SCA
15126,383123,OC,179.000,22886,2718,EE,OC
15127,374584,SC,179.000,22887,2025,CS,SC
15128,251352,BC,179.000,22890,2710,CS,BC
15129,226934,BC,179.000,22891,2025,CS,BC
15130,363654,SC,179.000,22892,1399,EA,SC
15131,205366,OC,179.000,22893,1111,EC,OC
15132,290527,SC,179.000,22894,1,BY,SC
15133,201739,BC,179.000,22895,2718,EC,BC
15134,300795,BC,179.000,22896,2712,ME,BC
15135,346865,BC,179.000,22897,2718,CS,BC
15136,370283,SCA,179.000,22898,2752,AD,OC
15137,399841,MBC,179.000,22899,2718,CS,MBC
15138,346535,MBC,179.000,22901,1399,ME,MBC
15139,345780,MBC,179.000,22903,2764,AD,MBC
15140,337900,OC,179.000,22906,1419,EC,OC
15141,365655,BC,179.000,22908,1216,EC,BC
15142,277921,BC,179.000,22909,4974,EE,BC
15143,383658,BC,179.000,22910,1211,EC,BC
15144,353718,BC,179.000,22911,1304,AD,OC
15145,209967,BC,179.000,22912,1216,CS,BC
15146,232960,MBC,179.000,22913,1219,EC,MBC
15147,268303,BC,179.000,22914,1211,EC,BC
15148,279653,OC,179.000,22915,2718,CB,OC
15149,436433,BCM,179.000,22917,5008,CN,BCM
15150,255484,MBC,179.000,22918,3701,IT,OC
15151,205546,MBC,179.000,22921,2750,EV,OC
15152,321630,MBC,179.000,22922,2603,CS,MBC
15153,298811,BC,179.000,22925,4960,AD,OC
15154,445938,BC,179.000,22926,2025,EV,OC
15155,386942,BC,179.000,22927,1421,IT,OC
15156,479506,OC,179.000,22929,1126,CS,OC
15157,200437,BC,179.000,22930,2718,CB,OC
15158,381027,OC,179.000,22931,2704,EC,OC
15159,279726,BC,179.000,22932,4974,EE,BC
15160,257964,BC,179.000,22933,2711,EC,BC
15161,386335,BC,179.000,22935,1211,EC,BC
15162,241704,MBC,179.000,22936,2718,AM,MBC
15163,455964,BC,179.000,22937,5022,EC,OC
15164,484629,MBC,179.000,22939,2603,SC,OC
15165,282774,OC,179.000,22940,2025,ME,OC
15166,203003,BC,179.000,22941,2711,CS,OC
15167,434973,MBC,179.000,22942,2005,ME,MBC
15168,360719,SC,179.000,22944,2377,CS,SC
15169,301343,BC,179.000,22945,2710,AD,BC
15170,372020,MBC,179.000,22946,1211,EC,MBC
15171,411715,MBC,179.000,22947,1,GI,MBC
15172,230024,BC,179.000,22949,3011,EC,BC
15173,347557,MBC,179.000,22950,1210,CS,OC
15174,440997,BC,179.000,22952,2,FS,BC
15175,381928,MBC,179.000,22953,1211,AL,MBC
15176,435014,BC,179.000,22955,2711,CS,OC
15177,416684,MBC,179.000,22956,2718,SC,MBC
15178,358368,BC,179.000,22957,2601,EC,OC
15179,204480,MBC,179.000,22962,5901,IT,MBC
15180,437519,BC,179.000,22964,2718,EC,BC
15181,350315,BC,179.000,22965,2718,IT,OC
15182,293037,SC,179.000,22966,1211,EC,SC
15183,235966,MBC,179.000,22968,1210,CS,OC
15184,327379,BC,179.000,22969,2718,EC,BC
15185,214010,BC,179.000,22972,2702,EC,BC
15186,318408,BC,179.000,22973,2711,CS,OC
15187,432440,BC,179.000,22976,2739,ME,BC
15188,397356,SC,179.000,22979,1399,EA,SC
15189,320496,BC,179.000,22980,3011,EC,BC
15190,364044,BC,179.000,22981,2718,IT,OC
15191,445998,SC,179.000,22982,2710,CS,SC
15192,232278,MBC,179.000,22983,2005,IB,OC
15193,270076,BC,179.000,22984,2718,IT,OC
15194,363022,MBC,179.000,22987,2764,EC,MBC
15195,358447,BC,179.000,22988,2750,EC,BC
15196,352284,BCM,179.000,22989,2718,EC,BCM
15197,245809,MBC,179.000,22990,2764,EC,MBC
15198,298413,MBC,179.000,22991,2632,AM,OC
15199,428548,BC,179.000,22994,2712,AE,BC
15200,336529,SC,179.000,22996,5008,IM,SC
15201,349685,BC,179.000,22998,2712,ME,BC
15202,358608,MBC,179.000,22999,2025,EV,OC
15203,356307,BC,179.000,23000,1304,IT,OC
15204,364026,MBC,179.000,23001,2764,AD,MBC
15205,273360,MBC,179.000,23004,5986,AD,OC
15206,404551,BC,179.000,23006,2710,ME,OC
15207,314647,BC,179.000,23009,2750,CS,BC
15208,429108,MBC,179.000,23012,2005,ME,MBC
15209,247037,MBC,179.000,23013,2,FS,MBC
15210,365819,BC,179.000,23014,1211,IT,BC
15211,330514,BC,179.000,23015,2,PP,BC
15212,210301,BC,179.000,23016,2710,EC,BC
15213,323993,BCM,179.000,23017,2710,AD,BCM
15214,476032,BC,179.000,23019,2776,AD,OC
15215,315927,BCM,179.000,23020,1424,AD,OC
15216,255673,BC,179.000,23027,2764,AD,BC
15217,399305,BC,179.000,23030,2718,IT,OC
15218,379660,MBC,179.000,23031,1140,AD,OC
15219,236304,SC,179.000,23032,2,CH,SC
15220,311966,BC,179.000,23035,1211,AD,BC
15221,448021,OC,179.000,23036,1112,CS,OC
15222,412406,SC,179.000,23037,1026,CS,OC
15223,359778,MBC,179.000,23038,2673,EE,OC
15224,310188,MBC,179.000,23039,2718,CS,MBC
15225,200691,MBC,179.000,23041,2750,BT,OC
15226,336267,MBC,179.000,23044,2718,CS,MBC
15227,427592,BC,179.000,23044A,2005,CE,BC
15228,433425,MBC,179.000,23048,3843,AM,OC
15229,367470,BCM,178.725,23051,1211,CB,OC
15230,221026,MBC,178.615,23053,2712,ME,MBC
15231,411097,BC,178.500,23056,2711,AD,OC
15232,366977,BC,178.500,23057,3464,CS,OC
15233,430993,SC,178.500,23058,2005,ME,SC
15234,262807,BC,178.500,23059,2710,AD,BC
15235,391563,BC,178.500,23061,2603,EC,OC
15236,377083,BC,178.500,23063,2711,CS,OC
15237,406485,BCM,178.500,23064,2739,EV,BCM
15238,391961,BC,178.500,23065,1211,EC,BC
15239,382530,MBC,178.500,23066,2718,CS,MBC
15240,227618,BC,178.500,23067,2712,AU,OC
15241,431884,BC,178.500,23069,4977,CS,OC
15242,441857,MBC,178.500,23070,2718,CS,MBC
15243,236853,OC,178.500,23071,2736,CS,OC
15244,358327,BC,178.500,23072,2702,IT,OC
15245,442679,OC,178.500,23073,1219,IT,OC
15246,374544,BC,178.500,23075,2,FS,BC
15247,302279,BC,178.500,23076,2718,IT,OC
15248,486353,MBC,178.500,23077,1432,AD,MBC
15249,407791,SC,178.500,23079,1399,AD,SC
15250,396218,MBC,178.500,23080,5901,EE,MBC
15251,260826,BC,178.500,23083,2710,EC,BC
15252,410754,SC,178.500,23084,2377,EE,SC
15253,488141,SC,178.500,23086,2377,CS,SC
15254,427952,BC,178.500,23088,2718,IT,OC
15255,408575,BC,178.500,23091,4974,EI,OC
15256,242132,MBC,178.500,23092,3465,EC,OC
15257,395469,BC,178.500,23093,2718,IT,OC
15258,384223,OC,178.500,23095,2601,CS,OC
15259,361865,MBC,178.500,23096,3011,CF,OC
15260,459862,SC,178.500,23097,1399,CS,SC
15261,232604,BC,178.500,23098,1211,AL,BC
15262,382667,BC,178.500,23104,5986,EC,OC
15263,228835,MBC,178.500,23105,2,PM,MBC
15264,225059,MBC,178.500,23108,1306,EC,OC
15265,255598,MBC,178.500,23109,2718,EC,MBC
15266,420430,MBC,178.500,23111,2764,CE,OC
15267,374503,BC,178.500,23112,2,PP,BC
15268,404216,MBC,178.500,23113,3011,CS,MBC
15269,216078,MBC,178.500,23114,1304,CS,MBC
15270,239698,BC,178.500,23116,1419,CS,OC
15271,370794,MBC,178.500,23117,1216,EC,MBC
15272,338740,BC,178.500,23118,2718,CS,BC
15273,248918,BC,178.500,23119,2718,EE,OC
15274,204443,BC,178.500,23121,1304,CS,BC
15275,407522,BC,178.500,23122,1304,IT,OC
15276,279502,BC,178.500,23124,2329,EC,OC
15277,220090,BCM,178.500,23127,2718,CS,BCM
15278,396285,MBC,178.500,23128,2719,AD,OC
15279,411526,BC,178.500,23129,2005,CE,BC
15280,417952,MBC,178.500,23130,2764,EC,MBC
15281,408324,SC,178.500,23132,2377,CS,SC
15282,294050,BC,178.500,23133,2764,EE,BC
15283,318877,BC,178.500,23135,1422,AD,OC
15284,205373,MBC,178.500,23136,1216,CS,MBC
15285,350234,BC,178.500,23137,1216,CS,BC
15286,378186,BCM,178.500,23138,1211,CS,BCM
15287,277008,BC,178.500,23139,2622,CS,OC
15288,331888,BC,178.500,23141,1211,EC,BC
15289,215660,BC,178.500,23142,2718,CS,BC
15290,383813,MBC,178.500,23143,2005,CE,MBC
15291,223454,BC,178.500,23144,2710,EC,BC
15292,263889,MBC,178.500,23145,1219,CS,MBC
15293,335584,MBC,178.500,23146,1211,CS,MBC
15294,416681,MBC,178.500,23147,1211,CS,MBC
15295,213531,MBC,178.500,23148,1432,AD,MBC
15296,417393,BC,178.500,23149,4960,CS,OC
15297,351463,BC,178.500,23150,2718,CS,BC
15298,308057,MBC,178.500,23151,2710,AD,MBC
15299,401615,BCM,178.500,23152,4020,AD,OC
15300,242723,BC,178.500,23154,1113,CS,BC
15301,223688,BC,178.500,23155,1317,CS,OC
15302,403283,BC,178.500,23156,2710,AD,BC
15303,398407,BC,178.500,23157,2718,IT,OC
15304,259953,BC,178.500,23158,2712,CE,OC
15305,453832,SC,178.500,23159,1211,CS,SC
15306,308020,BC,178.500,23160,2005,CE,BC
15307,251798,BC,178.500,23161,2736,CS,OC
15308,461044,BC,178.500,23162,2711,CS,OC
15309,209520,BCM,178.500,23163,5008,CN,BCM
15310,326573,MBC,178.500,23164,2750,AM,MBC
15311,377259,BC,178.500,23166,1219,EC,BC
15312,305180,BC,178.500,23167,2706,EV,OC
15313,267737,BC,178.500,23169,1,PT,BC
15314,205934,BC,178.500,23170,1211,AD,BC
15315,466278,MBC,178.500,23171,2639,CS,OC
15316,201205,MBC,178.500,23172,4,RP,MBC
15317,344481,BC,178.500,23173,2702,AD,OC
15318,486391,MBC,178.500,23174,2710,EE,OC
15319,287738,MBC,178.500,23176,1419,CS,OC
15320,340944,BC,178.500,23177,3465,EC,OC
15321,238034,BC,178.500,23181,1219,IT,OC
15322,456169,BC,178.500,23182,2718,IT,OC
15323,354510,BC,178.500,23183,2711,AL,OC
15324,301585,SC,178.500,23184,1399,AM,SC
15325,425976,MBC,178.500,23185,2718,CS,MBC
15326,404332,BC,178.500,23186,1432,CO,BC
15327,258079,BCM,178.500,23189,2764,EC,BCM
15328,329412,MBC,178.500,23190,1317,EC,OC
15329,440972,BC,178.500,23191,5986,CS,OC
15330,440740,MBC,178.500,23193,5008,CN,MBC
15331,346240,MBC,178.500,23194,1432,AD,MBC
15332,283260,BC,178.500,23195,1211,AD,BC
15333,275578,BC,178.500,23196,2736,AD,OC
15334,350650,BC,178.500,23197,2718,IT,OC
15335,240186,BC,178.500,23198,1211,CD,OC
15336,244513,MBC,178.500,23199,2712,ME,MBC
15337,385768,BC,178.500,23200,1422,CY,OC
15338,346813,BC,178.500,23201,2710,CS,BC
15339,458334,SC,178.500,23202,1211,CS,SC
15340,496109,ST,178.500,23204,2006,BY,ST
15341,414875,BC,178.500,23205,1211,IT,BC
15342,447023,BC,178.500,23207,2750,EC,BC
15343,338241,BC,178.500,23209,1211,EC,BC
15344,493386,SC,178.500,23211,2007,EE,SC
15345,335532,MBC,178.500,23212,1450,EC,MBC
15346,388707,MBC,178.500,23213,2369,CE,OC
15347,407504,MBC,178.500,23215,3465,EE,OC
15348,256748,BC,178.500,23216,2622,EC,OC
15349,220276,MBC,178.500,23218,2718,CS,MBC
15350,265033,BCM,178.500,23219,2718,AD,BCM
15351,336907,OC,178.500,23221,1304,AD,OC
15352,319868,MBC,178.500,23222,1304,CS,MBC
15353,350738,OC,178.500,23223,2718,ME,OC
15354,330261,BCM,178.500,23225,2718,CS,BCM
15355,473320,BC,178.500,23226,1317,CS,OC
15356,238720,BC,178.500,23230,3807,AD,OC
15357,236864,BC,178.500,23233,1419,CS,OC
15358,328511,OC,178.500,23234,2710,EV,OC
15359,457493,BC,178.500,23235,1219,EC,BC
15360,278549,MBC,178.500,23236,2711,CS,OC
15361,219089,BC,178.500,23237,1219,IT,OC
15362,307864,MBC,178.500,23238,1432,AD,MBC
15363,408841,BC,178.500,23239,2711,EC,BC
15364,447001,MBC,178.500,23240,2607,CS,OC
15365,446223,BC,178.500,23242,2719,CS,OC
15366,331294,BC,178.500,23243,2702,IT,OC
15367,284713,MBC,178.500,23244,1210,CS,OC
15368,259863,MBC,178.500,23246,1414,IT,OC
15369,319972,BC,178.500,23247,1304,AD,OC
15370,215406,BC,178.500,23248,2718,CS,BC
15371,302403,BC,178.500,23249,1219,EC,BC
15372,291348,BC,178.500,23250,1432,CO,BC
15373,414789,BCM,178.500,23251,2656,CS,OC
15374,477498,BCM,178.500,23252,4974,EC,BCM
15375,471785,BC,178.500,23255,2006,AS,BC
15376,366009,BC,178.500,23257,2711,EC,BC
15377,307079,BC,178.500,23258,4971,CS,OC
15378,324043,BC,178.500,23259,5910,CS,OC
15379,268403,BCM,178.500,23260,5986,CS,OC
15380,335366,MBC,178.500,23265,2718,EC,MBC
15381,466944,BC,178.500,23267,2718,EC,BC
15382,446534,BC,178.500,23269,2718,AD,BC
15383,320464,BCM,178.500,23270,2739,SC,BCM
15384,275007,BC,178.500,23271,2329,CS,OC
15385,281672,MBC,178.500,23274,4,PR,MBC
15386,428157,OC,178.500,23276,2764,MZ,OC
15387,251380,MBC,178.500,23279,1140,CS,OC
15388,500413,BC,178.500,23280,2617,AD,OC
15389,407531,BC,178.500,23281,1219,CS,BC
15390,364504,BC,178.500,23282,2718,IT,OC
15391,348068,MBC,178.500,23284,1432,AD,MBC
15392,334895,BC,178.500,23287,2711,CS,OC
15393,469945,MBC,178.500,23288,3,BP,OC
15394,338206,MBC,178.500,23289,1304,CS,MBC
15395,353702,MBC,178.500,23290,2718,CS,MBC
15396,416089,BC,178.500,23291,5901,EE,BC
15397,357974,BC,178.500,23294,4960,EC,OC
15398,284096,BC,178.500,23295,1450,EE,BC
15399,404863,BC,178.500,23296,3786,AE,OC
15400,328114,BC,178.500,23297,2706,CS,BC
15401,271855,BC,178.500,23299,2702,EC,BC
15402,459944,BC,178.500,23300,1317,AL,OC
15403,454399,BC,178.500,23303,2750,AM,BC
15404,431054,BC,178.500,23304,1211,SC,BC
15405,210974,SC,178.500,23306,1,XM,SC
15406,471580,BC,178.500,23307,2329,BT,OC
15407,349810,BC,178.500,23312,1450,CS,BC
15408,277324,BC,178.500,23313,2005,IB,OC
15409,338050,BC,178.500,23315,5901,EE,BC
15410,375585,MBC,178.500,23316,2764,EC,MBC
15411,237077,BC,178.500,23317,1216,CS,BC
15412,415897,BC,178.500,23318,1216,EC,BC
15413,393163,BC,178.500,23323,2603,SC,OC
15414,494870,BC,178.500,23324,2025,EE,BC
15415,377576,BC,178.500,23325,2712,ME,BC
15416,379027,MBC,178.500,23326,2719,EC,OC
15417,284017,BC,178.500,23327,2357,CS,OC
15418,337624,BC,178.500,23328,1216,EC,BC
15419,345537,MBC,178.500,23329,1219,CS,MBC
15420,238918,MBC,178.500,23330,1432,CS,MBC
15421,441758,MBC,178.500,23331,2005,ME,MBC
15422,262579,BC,178.500,23332,2750,EC,BC
15423,450701,MBC,178.500,23333,1211,SC,MBC
15424,262302,BC,178.500,23334,1317,CS,OC
15425,223447,BCM,178.500,23335,1309,CS,OC
15426,432110,BC,178.500,23336,4960,CS,OC
15427,303824,BC,178.500,23339,2634,EC,OC
15428,376769,BC,178.500,23340,2739,ME,BC
15429,278161,BC,178.500,23341,1216,CS,BC
15430,389074,MBC,178.500,23343,1304,AD,OC
15431,242839,BC,178.500,23344,1211,EC,BC
15432,320530,BC,178.500,23345,1216,EC,BC
15433,335551,MBC,178.500,23346,2673,EC,OC
15434,399913,BC,178.500,23347,2709,CS,BC
15435,299090,BC,178.500,23348,2711,CS,OC
15436,281007,MBC,178.500,23349,1304,CS,MBC
15437,285169,BC,178.500,23350,3807,CS,OC
15438,242579,BC,178.500,23351,2750,EC,BC
15439,337695,MBC,178.500,23352,2718,EC,MBC
15440,278380,SC,178.500,23353,5901,CS,SC
15441,360995,MBC,178.500,23354,2709,EE,OC
15442,322632,MBC,178.500,23355,2615,ME,OC
15443,201338,MBC,178.500,23356,2718,CS,MBC
15444,283519,SCA,178.500,23357,1,IE,SCA
15445,375971,BC,178.500,23360,1304,IT,OC
15446,268555,BC,178.500,23361,2711,EC,BC
15447,251159,MBC,178.500,23362,2611,AM,OC
15448,219997,BC,178.500,23363,3819,CS,OC
15449,369768,BC,178.500,23364,3819,CS,OC
15450,273277,OC,178.500,23366,2719,AD,OC
15451,442646,BC,178.500,23369,2005,IB,OC
15452,368600,MBC,178.500,23370,2615,ME,OC
15453,285581,MBC,178.500,23371,2718,AD,MBC
15454,461642,BCM,178.500,23372,2601,EC,OC
15455,313673,BCM,178.500,23373,2615,ME,OC
15456,323174,BC,178.500,23377,2615,ME,OC
15457,290450,BC,178.500,23378,1304,SC,BC
15458,259215,BCM,178.500,23379,1309,EC,OC
15459,290714,BC,178.500,23380,2711,CS,BC
15460,200101,SC,178.500,23381,1,MA,SC
15461,397575,BC,178.500,23383,5901,EE,BC
15462,271594,BC,178.500,23384,2750,AM,BC
15463,275919,BCM,178.500,23385,1211,CS,BCM
15464,479209,BC,178.500,23387,1304,CB,OC
15465,501769,BC,178.500,23388,2702,AD,OC
15466,338491,BCM,178.500,23391,2750,CS,BCM
15467,320644,BC,178.500,23396,2718,EC,BC
15468,241887,BCM,178.500,23397,5008,MF,BCM
15469,413690,MBC,178.500,23399,2718,EC,MBC
15470,294360,MBC,178.500,23400,2622,CS,OC
15471,342728,MBC,178.500,23401,2718,CS,MBC
15472,361694,BC,178.500,23402,2718,CS,BC
15473,372142,BC,178.500,23403,2718,EE,OC
15474,342836,SC,178.500,23407,2006,MF,SC
15475,331202,BC,178.500,23409,2718,EE,OC
15476,235091,SC,178.500,23410,1399,AD,SC
15477,232565,BC,178.500,23412,2710,CS,BC
15478,469410,BC,178.500,23413,2025,AD,BC
15479,255482,SCA,178.500,23414,2005,CE,SCA
15480,368441,BC,178.500,23415,2006,AS,BC
15481,222620,BC,178.500,23416,1442,AD,OC
15482,309160,BC,178.500,23418,2718,CS,BC
15483,291775,BCM,178.500,23419,1,PT,BCM
15484,390867,BC,178.500,23420,2025,EV,OC
15485,234215,BC,178.500,23421,4974,EE,BC
15486,406825,BC,178.500,23422,1211,EC,BC
15487,376091,BC,178.500,23423,2615,ME,OC
15488,367960,BC,178.500,23428,2712,ME,BC
15489,202060,BC,178.500,23429,1304,AD,OC
15490,462043,BC,178.500,23430,2712,CE,OC
15491,414454,MBC,178.500,23431,2711,CS,MBC
15492,358258,SC,178.500,23433,5008,EE,SC
15493,315372,BCM,178.500,23434,2712,MZ,BCM
15494,349548,BC,178.500,23438,1317,CS,OC
15495,311148,MBC,178.500,23439,1325,IT,OC
15496,305647,BC,178.500,23441,1317,CS,OC
15497,205684,BC,178.500,23442,3807,CS,OC
15498,467277,OC,178.500,23444,1126,CS,OC
15499,395173,BC,178.500,23445,2711,EC,BC
15500,211217,BC,178.500,23446,1432,EC,BC
15501,296564,BC,178.500,23447,1111,CS,OC
15502,345595,BC,178.500,23448,5865,EC,OC
15503,246602,BC,178.500,23449,2711,MZ,OC
15504,231093,BC,178.500,23450,2718,EE,OC
15505,376962,BC,178.500,23451,2736,CS,OC
15506,252267,BC,178.500,23452,1422,EC,OC
15507,317352,BC,178.500,23454,5008,CN,BC
15508,281114,SC,178.500,23455,1304,AD,OC
15509,342568,MBC,178.500,23457,2718,EC,MBC
15510,282590,BC,178.500,23458,2718,IT,OC
15511,362841,BC,178.500,23459,2718,EC,BC
15512,386273,BC,178.500,23460,2702,EC,BC
15513,219386,BC,178.500,23461,1450,EC,BC
15514,228243,BC,178.500,23463,2712,ME,BC
15515,250177,BC,178.500,23464,2718,CB,OC
15516,266648,BC,178.500,23466,1211,EC,BC
15517,279270,BC,178.500,23468,2777,CS,OC
15518,423257,MBC,178.500,23469,2005,ME,MBC
15519,341640,BC,178.500,23471,2005,PR,OC
15520,257485,MBC,178.500,23472,2750,SC,OC
15521,397014,BCM,178.500,23473,4960,BM,OC
15522,278255,BCM,178.500,23475,2005,IB,OC
15523,340412,MBC,178.500,23476,1304,EC,MBC
15524,296157,BC,178.500,23477,2608,AM,OC
15525,310594,OC,178.500,23478,2005,IB,OC
15526,406982,SC,178.500,23479,2,CL,SC
15527,299854,BC,178.500,23480,1317,CS,OC
15528,262592,MBC,178.500,23482,2750,CS,MBC
15529,258692,MBC,178.500,23483,4974,EC,MBC
15530,366672,MBC,178.500,23486,2764,SC,MBC
15531,267199,BC,178.500,23487,1211,AL,BC
15532,335965,BC,178.500,23488,5910,EC,OC
15533,376562,BC,178.500,23493,2706,CS,BC
15534,306983,BC,178.500,23494,2723,IT,OC
15535,286858,BC,178.500,23495,1216,AD,BC
15536,378329,BC,178.500,23501,3465,CS,OC
15537,427285,MBC,178.500,23502,2377,ME,MBC
15538,266070,BC,178.500,23504,1450,CS,BC
15539,438187,BC,178.500,23505,5910,EC,OC
15540,357151,BCM,178.500,23506,5910,CS,OC
15541,351619,MBC,178.500,23507,3011,BT,OC
15542,364544,MBC,178.500,23508,2750,EC,MBC
15543,378540,BC,178.500,23509,2702,AD,OC
15544,322642,OC,178.500,23512,1111,EC,OC
15545,302193,OC,178.500,23513,4974,ME,OC
15546,324180,BC,178.500,23515,2750,EC,BC
15547,364686,MBC,178.500,23516,1211,CS,MBC
15548,345443,BC,178.500,23517,1304,IT,OC
15549,401630,BCM,178.500,23518,1216,CS,BCM
15550,245120,BC,178.500,23520,2710,EC,BC
15551,230132,BC,178.500,23522,2718,EC,BC
15552,375441,BC,178.500,23523,2005,CE,BC
15553,435469,BC,178.500,23524,1113,CA,OC
15554,355376,BC,178.500,23525,5901,CE,BC
15555,202571,BC,178.500,23527,2750,CS,BC
15556,297738,MBC,178.500,23530,2622,CS,OC
15557,206238,BC,178.500,23532,2711,EC,BC
15558,238366,BC,178.500,23533,2706,EC,OC
15559,234383,SC,178.500,23534,1399,CS,SC
15560,384114,BC,178.500,23535,2718,IT,OC
15561,309124,SC,178.500,23536,1432,CS,SC
15562,319622,MBC,178.500,23538,2006,PN,MBC
15563,225081,MBC,178.500,23539,4974,EE,MBC
15564,299260,BC,178.500,23541,2615,CE,OC
15565,385855,BC,178.500,23543,2025,EE,BC
15566,368412,MBC,178.500,23544,2618,CS,OC
15567,473893,BC,178.500,23546,2718,EC,BC
15568,290397,MBC,178.500,23547,1317,EC,OC
15569,235779,BC,178.500,23548,2764,MZ,OC
15570,342347,MBC,178.500,23549,2743,AD,OC
15571,262980,BC,178.500,23551,1219,CS,BC
15572,282491,BC,178.500,23552,2603,EC,BC
15573,467140,OC,178.500,23553,1126,AD,OC
15574,280209,BC,178.500,23554,1408,SC,OC
15575,365772,BC,178.500,23555,1419,IT,OC
15576,238895,MBC,178.500,23556,1304,ME,OC
15577,461603,SC,178.500,23557,2007,EL,SC
15578,329384,MBC,178.500,23558,1210,AD,OC
15579,218229,MBC,178.500,23559,1432,AD,MBC
15580,202034,OC,178.500,23560,2719,AD,OC
15581,227109,BC,178.500,23562,3819,EC,OC
15582,296352,MBC,178.500,23564,1216,SC,MBC
15583,223592,BC,178.500,23565,2706,EC,OC
15584,300351,BC,178.500,23566,2005,IB,BC
15585,311483,BC,178.500,23567,3011,IT,OC
15586,244421,BC,178.500,23568,1304,SC,BC
15587,280688,BC,178.500,23569,1211,IT,BC
15588,457570,BC,178.500,23570,2025,AD,BC
15589,236356,BC,178.500,23571,5901,CE,BC
15590,333266,BC,178.500,23572,1111,CS,BC
15591,245163,MBC,178.500,23574,1304,CS,MBC
15592,365318,BC,178.500,23575,2718,IT,OC
15593,287046,BC,178.500,23576,1113,EC,OC
15594,247830,BC,178.500,23577,5986,IT,OC
15595,423125,BC,178.500,23578,2603,CS,BC
15596,319885,BC,178.500,23580,2718,AD,BC
15597,205377,MBC,178.500,23582,3806,IT,OC
15598,323312,BC,178.500,23583,2718,CB,OC
15599,421010,BC,178.500,23584,5986,CS,OC
15600,317835,MBC,178.500,23585,1432,EC,MBC
15601,317076,OC,178.500,23586,2751,EC,OC
15602,310783,MBC,178.500,23587,2005,CE,MBC
15603,232820,BC,178.500,23589,2718,EE,OC
15604,324843,MBC,178.500,23590,1432,AD,MBC
15605,345236,BC,178.500,23592,3011,EE,OC
15606,285011,BC,178.500,23594,2711,AL,OC
15607,279569,BC,178.500,23595,2702,EC,BC
15608,362154,MBC,178.500,23596,2369,ME,OC
15609,416724,BC,178.500,23597,2750,CS,BC
15610,319104,BC,178.500,23598,2718,IT,OC
15611,243153,BCM,178.500,23601,1211,EC,BCM
15612,330532,BC,178.500,23602,2710,CS,BC
15613,230767,BC,178.500,23604,2702,IT,OC
15614,279606,BC,178.500,23605,2712,ME,BC
15615,326423,BC,178.500,23606,1317,CS,OC
15616,234225,BCM,178.500,23607,2718,CS,BCM
15617,372175,BC,178.500,23609,1432,EV,OC
15618,245833,BC,178.500,23610,1211,IT,BC
15619,419399,BC,178.500,23611,1419,EC,OC
15620,260709,MBC,178.500,23612,1113,CA,OC
15621,241485,BC,178.500,23615,4,RP,BC
15622,368873,MBC,178.500,23616,2711,EC,MBC
15623,349008,BC,178.500,23618,2750,CS,BC
15624,415801,MBC,178.500,23622,1450,CS,MBC
15625,293165,OC,178.500,23624,2719,EC,OC
15626,201340,MBC,178.500,23626,2712,AU,OC
15627,324994,MBC,178.500,23627,2710,CS,MBC
15628,221551,BC,178.500,23628,2718,CE,OC
15629,435451,MBC,178.500,23629,1,XC,MBC
15630,336039,MBC,178.500,23632,1211,CS,MBC
15631,237438,SC,178.500,23634,1399,SC,SC
15632,468317,MBC,178.500,23636,2005,CE,MBC
15633,212348,BC,178.500,23637,2006,TX,OC
15634,200905,BC,178.500,23639,5986,CS,OC
15635,299326,BC,178.500,23640,2615,ME,OC
15636,268423,MBC,178.500,23641,1432,EC,MBC
15637,302540,BC,178.500,23642,1216,CS,BC
15638,329314,BC,178.500,23643,1211,EC,BC
15639,207599,MBC,178.500,23644,2,PP,MBC
15640,255893,BC,178.500,23646,1113,CA,OC
15641,421663,BC,178.500,23647,1211,EC,BC
15642,350385,SC,178.500,23648,2712,CS,SC
15643,313514,MBC,178.500,23649,1432,CO,MBC
15644,315187,MBC,178.500,23656,2005,IB,MBC
15645,209209,MBC,178.500,23661,2764,AM,MBC
15646,373842,BC,178.500,23662,2706,EV,OC
15647,217792,SC,178.500,23664,2377,CS,SC
15648,241026,MBC,178.500,23665,2711,EC,MBC
15649,323438,MBC,178.500,23666,2603,SC,OC
15650,250444,SC,178.500,23667,2377,EC,SC
15651,324001,BCM,178.500,23668,1216,CS,BCM
15652,283338,BC,178.500,23669,2718,CS,BC
15653,320853,BC,178.500,23670,2702,AD,OC
15654,384865,MBC,178.500,23671,1113,CS,MBC
15655,431297,MBC,178.500,23672,4974,EE,MBC
15656,379202,BC,178.500,23673,1,PT,BC
15657,379301,BC,178.500,23674,2764,MZ,OC
15658,349550,MBC,178.500,23678,2718,AD,MBC
15659,439090,MBC,178.500,23679,1211,CS,MBC
15660,275559,BC,178.500,23680,1317,CS,OC
15661,218990,MBC,178.500,23685,1317,EC,OC
15662,353633,BC,178.500,23686,2711,EC,BC
15663,329216,BCM,178.500,23687,4955,EC,OC
15664,479520,OC,178.500,23688,1126,CS,OC
15665,282061,BCM,178.500,23690,4974,EE,BCM
15666,212105,MBC,178.500,23692,2007,CH,MBC
15667,375598,BC,178.500,23693,2718,EE,OC
15668,322583,MBC,178.500,23696,2764,EC,MBC
15669,245710,MBC,178.500,23697,2751,CS,OC
15670,369857,BC,178.500,23700,2710,CE,OC
15671,287391,BC,178.500,23701,4962,EC,OC
15672,391345,BC,178.500,23704,2710,CS,BC
15673,209051,BC,178.500,23705,5901,EE,BC
15674,301136,MBC,178.500,23706,3804,IT,OC
15675,258641,BC,178.500,23707,2710,CS,BC
15676,283107,OC,178.500,23708,5910,CS,OC
15677,382647,BC,178.500,23709,2764,CH,OC
15678,310634,BC,178.500,23711,1304,AD,OC
15679,316664,BC,178.500,23713,2718,IT,OC
15680,370543,MBC,178.500,23714,2718,EC,MBC
15681,220972,BC,178.500,23716,2369,CS,OC
15682,206877,SC,178.500,23717,2025,AD,SC
15683,364966,MBC,178.500,23718,2718,SC,MBC
15684,428896,BC,178.500,23719,2764,CH,OC
15685,489532,BCM,178.500,23720,2,PM,BCM
15686,400369,BC,178.500,23722,2702,EC,BC
15687,287973,BC,178.500,23723,2702,BT,OC
15688,481904,MBC,178.500,23725,2377,IC,MBC
15689,404319,BC,178.500,23726,1504,CS,OC
15690,241931,BC,178.500,23728,1450,CS,BC
15691,482908,SC,178.500,23729,2007,CE,SC
15692,391112,MBC,178.500,23731,2712,EE,MBC
15693,492224,BC,178.500,23734,2718,CS,BC
15694,323581,BC,178.500,23735,2712,CE,OC
15695,406248,BC,178.500,23737,2718,CS,BC
15696,455401,BC,178.500,23738,2603,CS,BC
15697,353724,BC,178.500,23739,1419,AD,OC
15698,201346,BC,178.500,23742,2718,MZ,OC
15699,308158,MBC,178.500,23744,1432,EC,MBC
15700,238104,BC,178.500,23745,1211,BM,OC
15701,462556,BC,178.500,23746,2718,IT,OC
15702,243827,BC,178.500,23747,1211,EC,BC
15703,261532,BC,178.500,23751,3801,EC,OC
15704,485002,BC,178.500,23752,2764,IT,BC
15705,234825,BC,178.500,23754,4960,CS,OC
15706,406447,MBC,178.500,23755,2719,CS,OC
15707,283899,MBC,178.500,23756,2712,ME,MBC
15708,209595,SC,178.500,23757,2005,CE,SC
15709,225673,BC,178.500,23758,1450,CS,BC
15710,245330,BC,178.500,23759,2718,IT,OC
15711,412184,BC,178.500,23760,2622,EC,OC
15712,307777,BC,178.500,23761,2711,CS,BC
15713,280067,MBC,178.500,23762,1211,CS,MBC
15714,267407,BC,178.500,23765,1219,EE,OC
15715,250822,SCA,178.500,23770,2377,AD,SCA
15716,422847,BCM,178.500,23771,4023,EC,OC
15717,441124,BC,178.500,23772,1432,ME,BC
15718,266750,BC,178.500,23775,2,FS,BC
15719,397188,BC,178.500,23780,2615,ME,OC
15720,257669,BC,178.500,23783,4678,SC,OC
15721,358554,MBC,178.500,23784,2764,EC,MBC
15722,253267,BC,178.500,23785,2624,CS,OC
15723,286915,BC,178.500,23788,2357,AM,OC
15724,311038,MBC,178.500,23790,3826,AD,OC
15725,497785,BC,178.500,23792,1419,CO,OC
15726,340020,BC,178.500,23793,1432,EV,OC
15727,229165,OC,178.500,23794,4962,AD,OC
15728,433977,MBC,178.500,23797,3843,CS,OC
15729,270065,OC,178.500,23802,1216,IT,OC
15730,417195,MBC,178.500,23803,2718,EE,OC
15731,345604,MBC,178.500,23804,3011,EC,MBC
15732,347325,SC,178.500,23805,1408,CS,OC
15733,268337,BC,178.500,23806,2718,EE,OC
15734,281643,BC,178.500,23808,2710,CS,BC
15735,317785,BCM,178.500,23810,1113,CS,BCM
15736,261031,BC,178.500,23811,2711,AL,OC
15737,457517,MBC,178.500,23815,2025,EV,OC
15738,231953,BC,178.500,23817,5008,CN,BC
15739,388968,BC,178.500,23818,2718,CS,BC
15740,384374,BC,178.500,23821,2710,AD,BC
15741,385662,MBC,178.500,23822,2603,CS,MBC
15742,215422,MBC,178.500,23826,1211,EC,MBC
15743,331982,BC,178.500,23827,1422,CY,OC
15744,376467,BC,178.500,23828,2710,CS,BC
15745,470205,MBC,178.500,23829,4,RP,MBC
15746,432061,MBC,178.500,23830,2706,AD,OC
15747,208470,BC,178.500,23831,5904,AD,OC
15748,213133,MBC,178.500,23833,1211,CS,MBC
15749,260790,BC,178.500,23835,4020,AD,OC
15750,216062,MBC,178.500,23836,2025,CS,MBC
15751,268298,MBC,178.500,23837,2005,ME,MBC
15752,437647,BC,178.500,23840,1304,AD,OC
15753,305042,BCM,178.500,23841,1317,CS,OC
15754,235472,MBC,178.500,23845,1219,CS,MBC
15755,238502,BC,178.500,23846,1450,CS,BC
15756,365510,MBC,178.500,23847,3830,CS,OC
15757,467613,MBC,178.500,23848,2025,EV,OC
15758,232285,MBC,178.500,23849,2710,CS,MBC
15759,424454,BC,178.500,23850,2707,RM,OC
15760,500787,BC,178.500,23853,2656,SC,OC
15761,320905,BC,178.500,23854,4678,ME,OC
15762,461757,BC,178.500,23856,1211,EC,BC
15763,339006,BC,178.500,23857,4020,EC,OC
15764,466344,MBC,178.500,23859,2739,AD,MBC
15765,451993,BC,178.500,23864,1216,CS,BC
15766,405135,SC,178.500,23865,2377,EC,SC
15767,452168,BC,178.500,23868,2377,CE,BC
15768,200065,BC,178.500,23869,1219,CH,OC
15769,315363,BC,178.500,23871,1424,AD,OC
15770,214784,BC,178.500,23877,1113,IT,OC
15771,362611,BC,178.500,23878,2750,EC,BC
15772,229299,SC,178.500,23879,2006,IY,SC
15773,407136,BC,178.500,23881,2718,IT,OC
15774,281604,MBC,178.500,23883,2006,MS,MBC
15775,483873,BC,178.500,23885,2718,IT,OC
15776,206907,BC,178.500,23886,2708,SC,OC
15777,215685,SC,178.500,23887,5008,CG,SC
15778,418704,SC,178.500,23888,1399,SC,SC
15779,344784,MBC,178.500,23889,2764,EC,MBC
15780,439790,BC,178.500,23890,2622,CS,OC
15781,380863,BC,178.500,23891,1211,CD,OC
15782,369055,BC,178.500,23894,1304,ME,OC
15783,342577,SC,178.500,23895,1399,IT,SC
15784,342926,BC,178.500,23898,1211,SC,BC
15785,449129,BC,178.500,23900,1211,BT,OC
15786,301669,MBC,178.500,23901,1211,EC,MBC
15787,452602,BC,178.500,23902,2711,CS,BC
15788,348962,SC,178.500,23903,1317,EC,OC
15789,404751,MBC,178.500,23904,5008,MF,MBC
15790,232138,MBC,178.500,23905,1450,EC,MBC
15791,449760,BC,178.500,23906,2718,IT,OC
15792,254514,BC,178.500,23907,2719,CS,OC
15793,278778,BC,178.500,23910,1211,EC,BC
15794,220500,BC,178.500,23912,1419,EC,OC
15795,416379,MBC,178.500,23913,1211,CB,OC
15796,474208,MBC,178.500,23914,3011,AM,OC
15797,341613,BCM,178.500,23917,1219,EC,BCM
15798,412596,BCM,178.500,23918,1113,CA,OC
15799,433356,BCM,178.500,23920,2712,EE,BCM
15800,270668,BC,178.500,23922,2615,ME,OC
15801,250893,BC,178.500,23923,2719,CS,OC
15802,451933,MBC,178.500,23924,3425,AD,OC
15803,456372,MBC,178.500,23925,1432,AD,MBC
15804,321838,SC,178.500,23927,3018,AD,OC
15805,431708,BC,178.500,23928,1211,EC,BC
15806,303908,MBC,178.500,23930,3,BP,OC
15807,440956,BC,178.500,23931,2369,CS,OC
15808,230462,BC,178.500,23933,2764,MZ,OC
15809,484578,BC,178.500,23936,2,LE,OC
15810,386225,MBC,178.500,23937,2708,AL,OC
15811,309038,SC,178.333,23939,1399,AD,SC
15812,436698,BCM,178.250,23940,2739,CS,BCM
15813,452007,BC,178.223,23941,2006,AS,BC
15814,275816,BC,178.000,23943,2710,AD,BC
15815,471358,BCM,178.000,23946,1,XC,BCM
15816,360771,BC,178.000,23949,1414,IT,OC
15817,479518,BC,178.000,23952,2718,IT,OC
15818,215382,OC,178.000,23954,1419,EC,OC
15819,345087,BC,178.000,23955,2718,IT,OC
15820,339516,MBC,178.000,23957,2656,CS,OC
15821,291638,MBC,178.000,23960,1113,CS,MBC
15822,426453,MBC,178.000,23964,2025,EE,MBC
15823,365816,BC,178.000,23965,1211,EC,BC
15824,244283,MBC,178.000,23966,2719,CS,OC
15825,469754,BC,178.000,23967,4020,CS,OC
15826,415802,BCM,178.000,23969,2764,CS,BCM
15827,253723,MBC,178.000,23970,3477,BM,OC
15828,394372,MBC,178.000,23971,1516,EC,OC
15829,455371,MBC,178.000,23972,3425,CS,OC
15830,239015,BC,178.000,23973,2764,EE,BC
15831,323172,BC,178.000,23976,2764,EV,BC
15832,375606,SC,178.000,23977,1120,CS,OC
15833,407429,BC,178.000,23979,2718,EC,BC
15834,395100,MBC,178.000,23980,2718,SC,MBC
15835,206817,BC,178.000,23981,2702,EC,BC
15836,256663,MBC,178.000,23982,2718,IT,OC
15837,303018,BC,178.000,23983,1317,EC,OC
15838,254018,BC,178.000,23984,2006,AS,BC
15839,308477,BC,178.000,23985,5008,CN,BC
15840,489885,BC,178.000,23986,1304,AD,BC
15841,208629,MBC,178.000,23987,2712,ME,MBC
15842,251789,BC,178.000,23989,4962,CS,BC
15843,429331,BC,178.000,23990,2711,CS,BC
15844,370510,ST,178.000,23991,2377,AD,ST
15845,319481,BC,178.000,23994,1211,IT,BC
15846,262260,BC,178.000,23995,1216,CS,BC
15847,411712,BC,178.000,23997,2764,IT,BC
15848,359096,MBC,178.000,23998,2718,EC,MBC
15849,410379,BC,178.000,23999,2702,AD,OC
15850,451147,BC,178.000,24001,1304,AD,BC
15851,457689,BC,178.000,24003,2615,ME,OC
15852,302790,MBC,178.000,24004,4974,EC,MBC
15853,453556,OC,178.000,24006,1211,BM,OC
15854,441178,BC,178.000,24007,2718,IT,OC
15855,435877,BC,178.000,24008,2005,IB,BC
15856,354491,OC,178.000,24009,4971,CS,OC
15857,351437,SC,178.000,24010,2006,IY,SC
15858,407247,MBC,178.000,24011,1304,EC,MBC
15859,308076,BC,178.000,24012,3465,CS,OC
15860,300264,MBC,178.000,24013,1216,SC,MBC
15861,204329,BC,178.000,24014,2711,CS,BC
15862,291635,MBC,178.000,24016,2,LE,OC
15863,254198,BC,178.000,24017,4962,EC,OC
15864,495900,MBC,178.000,24018,2745,ME,OC
15865,316523,BCM,178.000,24020,1211,EE,BCM
15866,288303,BC,178.000,24021,2025,EE,BC
15867,214351,MBC,178.000,24022,4960,AD,OC
15868,340409,BC,178.000,24024,1216,CS,BC
15869,343875,BC,178.000,24026,1216,AL,OC
15870,379527,MBC,178.000,24027,3011,AM,MBC
15871,355870,BC,178.000,24030,2719,EC,OC
15872,315319,BC,178.000,24031,2764,IT,BC
15873,263216,BC,178.000,24033,2718,CS,BC
15874,273092,MBC,178.000,24034,2736,AD,OC
15875,252144,MBC,178.000,24038,1317,MZ,OC
15876,383925,OC,178.000,24040,2711,AD,OC
15877,251764,MBC,178.000,24041,2718,AD,MBC
15878,437128,BCM,178.000,24042,1432,CB,OC
15879,202852,BC,178.000,24043,1419,CS,OC
15880,281274,BCM,178.000,24044,4962,CS,BCM
15881,453429,SC,178.000,24046,1399,AM,SC
15882,353031,BC,178.000,24047,2025,EV,OC
15883,277503,MBC,178.000,24048,1219,EC,MBC
15884,398463,BCM,178.000,24049,2764,CS,BCM
15885,263547,BC,178.000,24051,1304,AD,BC
15886,368512,BC,178.000,24052,2718,CB,OC
15887,361307,BC,178.000,24053,1520,CS,OC
15888,269833,BC,178.000,24054,1211,CD,OC
15889,434119,BC,178.000,24055,1432,EC,BC
15890,433440,MBC,178.000,24056,3011,AM,MBC
15891,285303,MBC,178.000,24058,2718,IT,OC
15892,244384,BC,178.000,24059,2702,IT,OC
15893,246334,SC,178.000,24060,1399,AM,SC
15894,324670,MBC,178.000,24062,2377,CE,MBC
15895,416786,MBC,178.000,24063,2673,AD,OC
15896,303445,BC,178.000,24064,2736,AD,OC
15897,406741,BC,178.000,24065,1137,IT,OC
15898,297557,BC,178.000,24066,2006,TX,OC
15899,234239,BC,178.000,24070,2718,IT,OC
15900,424669,BC,178.000,24071,2711,CS,BC
15901,336382,MBC,178.000,24073,2702,CS,MBC
15902,216103,BC,178.000,24076,2718,IT,OC
15903,483306,MBC,178.000,24078,2006,AS,MBC
15904,204324,MBC,178.000,24079,2377,IC,MBC
15905,387202,BC,178.000,24080,2706,CS,BC
15906,486799,BC,178.000,24081,1211,EC,BC
15907,383561,MBC,178.000,24082,1211,AL,MBC
15908,374194,SC,178.000,24083,2377,CS,SC
15909,305273,BC,178.000,24084,5901,CE,BC
15910,349956,BC,178.000,24085,2603,EC,BC
15911,337118,BC,178.000,24086,1216,CS,BC
15912,463245,BC,178.000,24089,1304,AD,BC
15913,386405,BC,178.000,24090,2718,IT,OC
15914,299626,BC,178.000,24091,1211,CD,OC
15915,362881,BCM,178.000,24092,5910,CS,OC
15916,213123,BC,178.000,24093,1219,EC,BC
15917,364093,BC,178.000,24094,5901,ME,OC
15918,221145,BCM,178.000,24095,1317,CS,OC
15919,397330,BC,178.000,24096,2718,IT,OC
15920,342093,BC,178.000,24097,1317,CS,OC
15921,471469,BC,178.000,24098,2702,EC,BC
15922,208846,BC,178.000,24099,2711,AL,OC
15923,335780,BC,178.000,24100,2718,EC,BC
15924,334642,BC,178.000,24101,1304,SC,BC
15925,256539,SC,178.000,24102,3454,AD,OC
15926,417727,BC,178.000,24103,2603,CS,BC
15927,418171,BC,178.000,24104,2005,PR,OC
15928,333320,BC,178.000,24107,2718,IT,OC
15929,283332,OC,178.000,24109,1211,ME,OC
15930,437787,BC,178.000,24110,1304,CS,BC
15931,251005,BC,178.000,24112,2764,EE,BC
15932,377031,MBC,178.000,24114,1113,CS,MBC
15933,214327,MBC,178.000,24115,5901,IT,MBC
15934,247025,BC,178.000,24117,1216,CS,BC
15935,329541,BC,178.000,24118,3465,EC,OC
15936,424215,BC,178.000,24120,5901,EE,BC
15937,257476,MBC,178.000,24122,2750,SC,OC
15938,359387,BC,178.000,24123,2702,IT,OC
15939,388205,BC,178.000,24124,1422,AD,OC
15940,389630,BC,178.000,24126,2005,CE,BC
15941,253809,BC,178.000,24129,2711,EC,BC
15942,356425,BCM,178.000,24130,2718,CS,BCM
15943,361461,MBC,178.000,24132,2711,EC,MBC
15944,260018,MBC,178.000,24133,2656,CS,OC
15945,253794,BC,178.000,24134,1419,CS,OC
15946,384284,BC,178.000,24136,2603,CS,BC
15947,390416,BC,178.000,24138,2718,IT,OC
15948,376415,BC,178.000,24139,2718,IT,OC
15949,207358,BC,178.000,24140,4,RP,BC
15950,251721,BC,178.000,24141,1304,AD,BC
15951,345099,MBC,178.000,24142,2764,EC,MBC
15952,323192,BC,178.000,24144,1211,AD,BC
15953,243737,BC,178.000,24145,2718,AD,BC
15954,314305,BC,178.000,24146,4680,EC,OC
15955,308100,BC,178.000,24147,2740,AD,OC
15956,295594,BC,178.000,24148,4020,CS,OC
15957,238982,OC,178.000,24150,1219,BT,OC
15958,440038,MBC,178.000,24152,2750,CS,MBC
15959,400425,BCM,178.000,24153,3806,AL,OC
15960,357437,BC,178.000,24157,2711,CS,BC
15961,381934,MBC,178.000,24158,1304,CS,MBC
15962,352934,BC,178.000,24160,2615,ME,OC
15963,245490,MBC,178.000,24161,2007,CH,MBC
15964,416765,BC,178.000,24162,2711,CS,BC
15965,292190,MBC,178.000,24163,1432,AD,MBC
15966,362459,BC,178.000,24164,2718,IT,OC
15967,217691,BC,178.000,24166,1317,CS,OC
15968,255994,MBC,178.000,24167,4962,AD,OC
15969,301576,BC,178.000,24168,1317,SC,OC
15970,423580,MBC,178.000,24169,4974,EE,MBC
15971,331065,BC,178.000,24172,5986,CS,BC
15972,332307,BC,178.000,24173,2711,CS,BC
15973,201293,BC,178.000,24174,1450,CS,BC
15974,338710,BC,178.000,24175,1110,CS,OC
15975,206006,MBC,178.000,24176,1211,CS,MBC
15976,421459,BC,178.000,24177,2711,AD,OC
15977,468886,BC,178.000,24178,1026,CS,OC
15978,350376,SC,178.000,24179,1,GI,SC
15979,249355,BC,178.000,24180,1304,AD,BC
15980,467399,OC,178.000,24181,1126,CS,OC
15981,247016,BC,178.000,24182,2712,CE,OC
15982,323487,MBC,178.000,24183,1128,SC,OC
15983,232697,SCA,178.000,24184,2377,CS,SCA
15984,329826,BC,178.000,24185,1211,EC,BC
15985,232570,BC,178.000,24186,2673,CS,OC
15986,210800,BC,178.000,24190,2718,IT,OC
15987,425164,BC,178.000,24192,2718,EC,BC
15988,435661,BC,178.000,24194,1219,AD,BC
15989,209115,MBC,178.000,24195,2718,AD,MBC
15990,439369,BC,178.000,24196,2702,EC,BC
15991,201971,BC,178.000,24197,1210,CS,OC
15992,224675,OC,178.000,24198,2718,MZ,OC
15993,205919,BC,178.000,24199,2750,EV,OC
15994,394105,MBC,178.000,24200,1432,EC,MBC
15995,226400,BC,178.000,24204,2718,IT,OC
15996,439780,MBC,178.000,24205,2622,EC,OC
15997,210483,MBC,178.000,24206,1,XC,MBC
15998,482353,OC,178.000,24208,1304,EE,OC
15999,428908,BC,178.000,24209,2615,ME,BC
16000,228808,MBC,178.000,24211,1211,ME,OC
16001,215864,BC,178.000,24214,1317,CS,OC
16002,389583,BC,178.000,24215,2702,IT,OC
16003,363833,BC,178.000,24216,1219,BT,OC
16004,439441,SC,178.000,24218,4,PR,SC
16005,281599,BC,178.000,24221,2710,IT,OC
16006,296724,BC,178.000,24222,4974,EI,OC
16007,365248,MBC,178.000,24223,2718,IT,OC
16008,253550,MBC,178.000,24225,2708,IT,OC
16009,385581,BC,178.000,24226,2613,IT,OC
16010,376442,MBC,178.000,24227,4974,EC,MBC
16011,236374,SC,178.000,24228,1399,AD,SC
16012,415128,BC,178.000,24229,2718,SC,BC
16013,253581,BCM,178.000,24230,4020,AD,OC
16014,307399,MBC,178.000,24231,1,MN,MBC
16015,254865,BC,178.000,24232,2719,CS,OC
16016,402887,SC,178.000,24233,1422,CS,OC
16017,449987,SC,178.000,24234,1399,AD,SC
16018,358394,BC,178.000,24235,1216,CS,BC
16019,409032,BC,178.000,24236,2718,CS,BC
16020,408790,BC,178.000,24237,2710,AD,BC
16021,303986,BC,178.000,24238,2618,EC,OC
16022,397654,BC,178.000,24239,2764,EV,BC
16023,287643,MBC,178.000,24240,1419,CI,OC
16024,208270,BC,178.000,24241,1432,EV,OC
16025,437644,BC,178.000,24243,1432,EC,BC
16026,233026,OC,178.000,24246,1216,AL,OC
16027,326703,MBC,178.000,24248,1219,CS,MBC
16028,355039,SC,178.000,24249,2005,EI,SC
16029,401764,MBC,178.000,24251,1419,EC,OC
16030,493162,MBC,178.000,24252,3,BP,MBC
16031,371090,OC,178.000,24253,1304,IT,OC
16032,399721,BC,178.000,24254,5,EC,OC
16033,412215,BC,178.000,24255,1219,EC,BC
16034,341673,MBC,178.000,24258,1211,CD,OC
16035,417632,MBC,178.000,24259,2603,EE,OC
16036,351485,BC,178.000,24260,4,RP,BC
16037,306781,BC,178.000,24263,1216,CS,BC
16038,386217,BC,178.000,24264,1304,AD,BC
16039,430063,BC,178.000,24265,2764,CB,BC
16040,239970,MBC,178.000,24266,4,PR,MBC
16041,212212,BC,178.000,24267,4962,CS,BC
16042,401188,BC,178.000,24269,2710,AD,BC
16043,233030,BC,178.000,24272,2719,AD,OC
16044,212720,BC,178.000,24276,2719,CS,OC
16045,414077,BC,178.000,24277,2718,EC,BC
16046,450794,MBC,178.000,24278,1432,AD,MBC
16047,377055,BC,178.000,24279,3465,EC,OC
16048,252436,BC,178.000,24280,2718,IT,OC
16049,433836,MBC,178.000,24283,2712,CE,OC
16050,372236,BC,178.000,24284,5910,CS,OC
16051,397083,BC,178.000,24286,1419,EC,OC
16052,344292,MBC,178.000,24289,2709,EC,MBC
16053,202709,BC,178.000,24292,2718,IT,OC
16054,364731,BC,178.000,24293,5010,AM,OC
16055,285226,BC,178.000,24294,1399,CE,BC
16056,466194,BC,178.000,24295,2718,CS,BC
16057,371949,BC,178.000,24299,3819,EC,OC
16058,484015,MBC,178.000,24300,1412,CS,OC
16059,324407,BC,178.000,24301,2750,EC,BC
16060,400807,BC,178.000,24303,2723,AM,OC
16061,219434,MBC,178.000,24304,2718,AD,MBC
16062,321122,BC,178.000,24305,2711,CS,BC
16063,232838,BC,178.000,24306,1304,SC,BC
16064,328822,BC,178.000,24307,5010,EC,OC
16065,359595,BC,178.000,24308,2718,IT,OC
16066,254606,MBC,178.000,24312,2718,SC,MBC
16067,220000,BC,178.000,24314,4,RP,BC
16068,407061,MBC,178.000,24316,1304,CS,MBC
16069,301919,BC,178.000,24318,4944,CS,OC
16070,220492,BC,178.000,24322,1317,CS,OC
16071,426788,MBC,178.000,24323,2006,MT,MBC
16072,281340,MBC,178.000,24323A,1211,EC,MBC
16073,422944,BC,178.000,24324,2610,AM,OC
16074,243280,MBC,178.000,24325,1304,AM,MBC
16075,307797,BC,178.000,24326,1219,EE,OC
16076,334480,BC,178.000,24327,1304,CD,OC
16077,350064,BC,178.000,24329,2718,EC,BC
16078,340168,BC,178.000,24330,2712,AU,OC
16079,348133,MBC,178.000,24331,1419,AD,OC
16080,390374,BC,178.000,24332,2764,CH,OC
16081,331814,MBC,178.000,24333,5008,MG,MBC
16082,350371,MBC,178.000,24334,1408,EE,OC
16083,209370,BC,178.000,24335,1304,CS,BC
16084,291782,OC,178.000,24340,4944,CS,OC
16085,285156,BC,178.000,24341,1317,CS,OC
16086,410346,MBC,178.000,24342,2711,AD,OC
16087,212715,BC,178.000,24344,1113,EC,OC
16088,216442,SC,178.000,24345,1450,CS,SC
16089,274583,BC,178.000,24346,1450,AD,BC
16090,293438,BC,178.000,24347,1419,IT,OC
16091,396166,MBC,178.000,24348,5008,MF,MBC
16092,361192,SC,178.000,24350,1211,BT,OC
16093,231412,BC,178.000,24352,1013,EC,OC
16094,464187,MBC,178.000,24353,3465,EC,OC
16095,200576,MBC,178.000,24354,2603,EC,MBC
16096,232356,BC,178.000,24355,1211,AD,BC
16097,361233,BC,178.000,24356,1211,SC,BC
16098,221323,MBC,178.000,24357,2710,EE,OC
16099,388687,BC,178.000,24358,1211,BT,OC
16100,279311,OC,178.000,24363,1211,BT,OC
16101,240914,BC,178.000,24365,4,RP,BC
16102,358871,BC,178.000,24367,2710,EC,BC
16103,378648,BC,178.000,24369,2710,EC,BC
16104,423501,MBC,178.000,24372,1317,EC,OC
16105,222995,MBC,178.000,24373,2622,EC,OC
16106,299832,BC,178.000,24377,1304,IT,OC
16107,282230,BC,178.000,24378,1304,AD,BC
16108,301296,BC,178.000,24381,2712,CE,BC
16109,257188,BC,178.000,24383,2718,IT,OC
16110,291489,BC,178.000,24384,2718,CS,BC
16111,291903,SC,178.000,24385,2007,EY,SC
16112,310971,BCM,178.000,24387,1424,CS,OC
16113,228489,BC,178.000,24388,1211,AD,BC
16114,428775,BC,178.000,24390,2751,CS,OC
16115,391411,BC,178.000,24393,3807,CS,OC
16116,236741,BC,178.000,24399,2711,EC,BC
16117,242277,BC,178.000,24400,1304,AD,BC
16118,332156,BC,178.000,24401,2712,MZ,BC
16119,405526,MBC,178.000,24402,1113,CS,MBC
16120,417261,SC,178.000,24403,1211,CS,SC
16121,302954,BCM,178.000,24406,2709,CF,OC
16122,464643,BC,178.000,24407,2603,EC,BC
16123,264774,BC,178.000,24408,1216,CS,BC
16124,309571,BC,178.000,24409,2718,AD,BC
16125,252484,BC,178.000,24410,2702,CS,BC
16126,228905,BC,178.000,24414,3011,AM,BC
16127,406385,BC,178.000,24416,2607,CE,OC
16128,216982,BC,178.000,24417,2718,IT,OC
16129,384609,BC,178.000,24418,1216,AD,BC
16130,281767,MBC,178.000,24419,2718,AD,MBC
16131,416351,BC,178.000,24421,2764,IT,BC
16132,202514,BC,178.000,24422,2711,CS,BC
16133,373706,BC,178.000,24424,1111,IT,OC
16134,430340,MBC,178.000,24425,2750,CS,MBC
16135,245320,SC,178.000,24427,5008,CM,SC
16136,432868,BC,178.000,24428,2673,AM,OC
16137,288111,BC,178.000,24429,2006,FY,OC
16138,242246,BC,178.000,24431,2764,EV,BC
16139,248739,MBC,178.000,24433,2718,EC,MBC
16140,397845,MBC,178.000,24435,1399,CE,MBC
16141,438035,BC,178.000,24438,1432,CB,OC
16142,489611,MBC,178.000,24439,2,CR,OC
16143,442042,BC,178.000,24440,2615,MT,OC
16144,259984,BC,178.000,24441,2702,IT,OC
16145,253116,MBC,178.000,24442,2751,EC,OC
16146,344520,MBC,178.000,24443,2739,EV,MBC
16147,413313,SC,178.000,24444,5008,IM,SC
16148,333379,OC,178.000,24447,1113,EC,OC
16149,311199,BC,178.000,24449,2736,CS,OC
16150,297027,BC,178.000,24451,1419,CS,OC
16151,212597,BC,178.000,24452,1216,CS,BC
16152,263984,MBC,178.000,24453,1304,AD,MBC
16153,252372,BC,178.000,24457,2025,EV,OC
16154,419540,BC,178.000,24460,1419,EC,OC
16155,213009,BC,178.000,24461,1419,EC,OC
16156,298318,MBC,178.000,24462,2718,IT,OC
16157,257274,BC,178.000,24464,3786,AD,OC
16158,203360,SC,178.000,24466,4,RP,SC
16159,278611,BC,178.000,24467,2750,CS,BC
16160,335782,MBC,178.000,24468,1216,CS,MBC
16161,204651,BC,178.000,24469,5536,CS,OC
16162,225647,BC,178.000,24470,1216,CS,BC
16163,227046,BC,178.000,24471,2750,EC,BC
16164,293907,BC,178.000,24472,2005,PR,OC
16165,377842,BC,178.000,24474,5910,CS,OC
16166,201136,MBC,178.000,24475,2007,MF,MBC
16167,428056,MBC,178.000,24476,1219,EC,MBC
16168,330038,BC,178.000,24478,2718,AD,BC
16169,414904,BC,178.000,24480,2603,CS,BC
16170,292170,MBC,178.000,24481,1211,CS,MBC
16171,386935,BC,178.000,24483,3465,EC,OC
16172,306686,BC,178.000,24484,2764,MZ,OC
16173,289984,BC,178.000,24485,2739,ME,BC
16174,223539,BC,178.000,24486,2718,AD,BC
16175,310506,MBC,178.000,24488,3465,EE,OC
16176,396630,BCM,178.000,24489,1405,CS,OC
16177,274691,MBC,178.000,24490,4962,AD,OC
16178,254408,MBC,178.000,24492,2764,EV,MBC
16179,282381,BC,178.000,24494,2711,IT,OC
16180,332236,BC,178.000,24496,2718,CJ,OC
16181,395950,BC,178.000,24497,1304,CS,BC
16182,203056,BC,178.000,24498,5901,EE,BC
16183,339999,BC,178.000,24499,2710,AD,BC
16184,476904,BC,178.000,24501,4993,AM,OC
16185,204525,BC,178.000,24502,2709,CS,BC
16186,324406,BC,178.000,24503,2620,CS,OC
16187,349598,MBC,178.000,24504,2603,CS,MBC
16188,342881,BC,178.000,24505,1304,EC,BC
16189,241749,BC,178.000,24506,1422,AD,BC
16190,215438,BC,178.000,24507,4962,EC,OC
16191,350067,SC,178.000,24508,2615,EE,SC
16192,213576,SCA,178.000,24509,2005,AM,SCA
16193,391207,SC,178.000,24511,2007,EY,SC
16194,221938,BC,178.000,24513,2718,IT,OC
16195,200265,MBC,178.000,24514,2,PM,MBC
16196,393447,BC,178.000,24515,1216,EC,BC
16197,263356,MBC,178.000,24516,1211,EC,MBC
16198,400449,BC,178.000,24517,1216,EC,BC
16199,254644,BC,178.000,24519,1304,CD,OC
16200,270494,MBC,178.000,24520,1399,ME,MBC
16201,404923,MBC,178.000,24521,2005,CE,MBC
16202,456285,MBC,178.000,24523,2718,AD,MBC
16203,381450,BC,178.000,24524,2712,ME,BC
16204,299369,BC,178.000,24525,4944,EC,OC
16205,371567,BC,178.000,24527,2718,IT,OC
16206,371867,BC,178.000,24531,2764,MZ,OC
16207,364944,BC,178.000,24532,3830,CS,OC
16208,205271,MBC,178.000,24533,1304,CS,MBC
16209,310085,BC,178.000,24534,1304,CS,BC
16210,452499,BC,178.000,24535,3011,EC,BC
16211,359590,BC,178.000,24537,2718,IT,OC
16212,442845,MBC,178.000,24538,1219,EC,MBC
16213,394058,BC,178.000,24540,4960,CS,BC
16214,201199,BC,178.000,24544,2718,IT,OC
16215,381923,BCM,178.000,24545,1219,EC,BCM
16216,200193,BCM,178.000,24547,1216,CS,BCM
16217,228047,MBC,178.000,24549,1,MN,MBC
16218,385493,MBC,178.000,24551,2749,BM,OC
16219,284751,MBC,178.000,24552,1216,IT,OC
16220,326331,MBC,178.000,24554,4960,EC,OC
16221,457602,BC,178.000,24559,2702,EC,BC
16222,381379,SC,178.000,24563,2005,ME,SC
16223,309259,BC,178.000,24564,2710,AD,BC
16224,277669,MBC,178.000,24566,1304,CS,MBC
16225,205534,BC,178.000,24567,1219,CS,BC
16226,256649,MBC,178.000,24568,2764,CS,MBC
16227,254945,BC,178.000,24569,1211,AU,OC
16228,250637,MBC,178.000,24570,4,RP,MBC
16229,224048,BC,178.000,24571,1111,EC,OC
16230,260461,BC,178.000,24572,1317,AM,OC
16231,464130,BC,178.000,24573,2005,IB,BC
16232,249507,OC,178.000,24574,2706,EC,OC
16233,215688,MBC,178.000,24575,2718,SC,MBC
16234,245902,BC,178.000,24578,2712,ME,BC
16235,491949,BC,178.000,24579,3465,CS,OC
16236,409067,BC,178.000,24580,1304,CS,BC
16237,417130,BC,178.000,24583,2739,ME,BC
16238,366509,BC,178.000,24584,2719,EC,OC
16239,369835,BC,178.000,24585,2615,CE,OC
16240,362426,BC,178.000,24586,3465,CS,OC
16241,297753,BC,178.000,24588,2764,CH,OC
16242,327231,SC,178.000,24589,5901,EC,SC
16243,210124,MBC,178.000,24590,2711,CS,MBC
16244,368360,SC,178.000,24591,2615,EC,SC
16245,259812,BC,178.000,24592,1120,CS,OC
16246,347886,BC,178.000,24593,1304,IT,OC
16247,373457,BC,178.000,24594,4020,EC,OC
16248,207077,MBC,178.000,24595,2739,AD,MBC
16249,291097,BC,178.000,24596,1,PT,BC
16250,294610,BC,178.000,24597,1520,AD,OC
16251,256264,BCM,178.000,24600,1211,AL,BCM
16252,362742,BC,178.000,24601,1317,EC,OC
16253,332124,MBC,178.000,24605,2702,EC,MBC
16254,382926,SC,178.000,24607,1399,AM,SC
16255,254781,BC,178.000,24608,2718,CS,BC
16256,283305,BC,178.000,24609,5986,CS,BC
16257,434767,BC,178.000,24611,1211,BT,BC
16258,353684,BC,178.000,24613,4962,EC,OC
16259,205599,OC,178.000,24614,2718,EE,OC
16260,207320,BC,178.000,24617,2706,EC,OC
16261,271147,BC,178.000,24619,1432,EC,BC
16262,204932,MBC,178.000,24621,1304,RM,OC
16263,405921,MBC,178.000,24622,4917,CS,OC
16264,439005,BC,178.000,24625,2624,EE,OC
16265,352425,MBC,178.000,24628,2718,AD,MBC
16266,418769,BC,178.000,24630,2702,EE,OC
16267,236392,BC,178.000,24631,2702,EE,OC
16268,259599,BC,178.000,24632,1516,CS,OC
16269,414313,BC,178.000,24633,2618,EC,OC
16270,319489,BC,178.000,24635,2750,EC,BC
16271,273083,BC,178.000,24636,4677,CS,OC
16272,282551,BCM,178.000,24637,5986,EC,OC
16273,337333,SC,178.000,24638,2615,AM,SC
16274,397985,BCM,178.000,24639,1432,AD,BCM
16275,243866,SC,178.000,24643,1399,AM,SC
16276,254716,SC,178.000,24644,4670,BM,OC
16277,456227,SC,178.000,24645,2005,EI,SC
16278,461216,BC,178.000,24648,2718,IT,OC
16279,347391,BCM,178.000,24649,5008,MF,BCM
16280,466350,BC,178.000,24652,2706,CS,BC
16281,376778,BC,178.000,24653,3011,IT,OC
16282,411881,BC,178.000,24656,1211,CE,OC
16283,257625,BC,178.000,24660,1414,EC,OC
16284,366726,MBC,178.000,24661,1422,AD,MBC
16285,461025,BCM,178.000,24663,1432,AD,BCM
16286,377934,BC,178.000,24664,2025,EE,BC
16287,308110,BC,178.000,24667,2750,EC,BC
16288,293691,SC,178.000,24670,4020,AD,OC
16289,248094,MBC,178.000,24671,1211,IT,MBC
16290,394695,BC,178.000,24672,2,PM,BC
16291,367662,SC,178.000,24673,5008,EE,SC
16292,469050,MBC,178.000,24675,2718,EE,OC
16293,323221,BC,178.000,24676,4974,CE,OC
16294,343989,SC,178.000,24677,1399,CS,SC
16295,233398,BC,178.000,24678,2718,CS,BC
16296,277796,MBC,178.000,24680,1419,CS,OC
16297,350053,BC,178.000,24681,1450,EE,BC
16298,436049,BC,178.000,24682,2751,IT,OC
16299,220083,MBC,178.000,24683,1113,CS,MBC
16300,375964,BC,178.000,24684,1113,EC,OC
16301,324950,BC,178.000,24685,1317,EC,OC
16302,488990,BC,178.000,24688,1304,AD,BC
16303,337804,BC,178.000,24689,2750,CS,BC
16304,334232,SCA,178.000,24690,5008,CS,SCA
16305,280550,BC,178.000,24691,1304,CS,BC
16306,312504,BC,178.000,24694,4954,CS,OC
16307,487562,MBC,178.000,24695,2718,IT,OC
16308,452842,BC,178.000,24696,1,PT,BC
16309,409915,MBC,178.000,24698,1219,AD,MBC
16310,206060,BC,178.000,24699,1450,EE,BC
16311,417300,BCM,178.000,24700,1211,CS,BCM
16312,357697,MBC,178.000,24702,2369,CS,OC
16313,331799,BC,178.000,24705,4960,AD,OC
16314,246092,BC,178.000,24707,2718,IT,OC
16315,235535,MBC,178.000,24708,1304,CS,MBC
16316,340621,BC,178.000,24709,2710,EC,BC
16317,327476,BC,178.000,24710,1321,PA,OC
16318,216265,MBC,178.000,24711,1432,EV,OC
16319,373000,BC,178.000,24712,5,CH,OC
16320,259382,BC,178.000,24713,2,AP,OC
16321,366782,BC,178.000,24714,1304,EE,OC
16322,369728,MBC,178.000,24716,1432,AD,MBC
16323,380537,BC,178.000,24717,2711,CS,BC
16324,474207,BC,178.000,24722,2006,MY,BC
16325,266531,MBC,178.000,24727,2702,CS,MBC
16326,349914,BC,178.000,24728,2329,CS,OC
16327,299092,BC,178.000,24729,2718,IT,OC
16328,433986,BCM,178.000,24732,2718,CS,BCM
16329,470446,BC,178.000,24733,1414,EC,OC
16330,434537,MBC,178.000,24735,2702,EC,MBC
16331,216308,OC,178.000,24736,1419,SC,OC
16332,337755,BC,178.000,24738,2719,AD,OC
16333,331885,BC,178.000,24739,2708,AE,OC
16334,501560,BC,178.000,24741,2329,CS,OC
16335,366667,BC,178.000,24742,2025,EV,OC
16336,242892,BC,178.000,24745,2718,CS,BC
16337,293815,BC,178.000,24747,1211,IT,BC
16338,352776,OC,178.000,24748A,2718,IT,OC
16339,429508,SC,178.000,24749,2,CH,SC
16340,409131,MBC,178.000,24750,2739,EE,MBC
16341,367798,MBC,178.000,24751,1211,EC,MBC
16342,258854,BC,178.000,24753,4,RP,BC
16343,249338,MBC,178.000,24754,4960,AD,OC
16344,424770,MBC,178.000,24755,2710,CS,MBC
16345,309163,MBC,178.000,24756,2764,AD,MBC
16346,271234,BC,178.000,24757,2711,AD,OC
16347,239279,BC,178.000,24758,1304,BT,OC
16348,430466,BC,178.000,24760,2718,IT,OC
16349,215673,MBC,178.000,24761,1211,CS,MBC
16350,355792,BC,178.000,24762,1216,CS,BC
16351,361051,BC,178.000,24767,2711,CS,BC
16352,411117,BC,178.000,24768,2764,EE,BC
16353,406555,MBC,178.000,24769,1450,IT,MBC
16354,376804,MBC,178.000,24770,2702,EC,MBC
16355,234113,BC,178.000,24772,2710,AD,BC
16356,367691,BCM,178.000,24773,1317,CS,OC
16357,469801,MBC,178.000,24774,1219,CS,MBC
16358,284443,BCM,178.000,24775,1304,AD,BCM
16359,234762,BC,178.000,24776,3011,EC,BC
16360,362142,MBC,178.000,24778,2615,ME,MBC
16361,444290,BC,178.000,24779,1219,EC,BC
16362,356957,SC,178.000,24780,2615,CS,SC
16363,258017,BC,178.000,24781,1450,IT,BC
16364,269635,BCM,178.000,24782,1304,EC,BCM
16365,248889,BC,178.000,24783,3011,EC,BC
16366,336373,SC,178.000,24784,3019,CS,OC
16367,229025,BCM,178.000,24785,2718,CS,BCM
16368,367569,MBC,178.000,24788,2377,IC,MBC
16369,380466,MBC,178.000,24789,2710,EC,MBC
16370,250479,MBC,178.000,24791,2718,EC,MBC
16371,474471,SCA,178.000,24792,2025,CS,SCA
16372,223836,BC,178.000,24796,1211,ME,OC
16373,354311,MBC,178.000,24797,2739,CO,MBC
16374,444455,BC,178.000,24800,2718,IT,OC
16375,489895,BC,178.000,24801,2718,CS,BC
16376,325028,BC,178.000,24802,2750,EC,BC
16377,325808,BC,178.000,24803,1432,EC,BC
16378,233627,SC,178.000,24804,1399,AM,SC
16379,377274,BC,178.000,24806,2718,IT,OC
16380,335305,BC,178.000,24809,5986,CS,BC
16381,269802,BC,178.000,24811,2751,EC,OC
16382,414896,OC,178.000,24812,1211,CB,OC
16383,229388,BC,178.000,24814,1216,CS,BC
16384,207373,SC,178.000,24816,2006,BS,SC
16385,247562,SC,178.000,24817,2615,CS,SC
16386,451818,BC,178.000,24818,1432,CB,OC
16387,220157,MBC,178.000,24820,2764,IT,MBC
16388,309472,MBC,178.000,24821,4974,CS,MBC
16389,233549,BC,178.000,24824,4933,CS,OC
16390,368488,SC,178.000,24825,2,CH,SC
16391,417419,MBC,178.000,24826,1113,CS,MBC
16392,349354,MBC,178.000,24827,2718,AD,MBC
16393,211759,BC,178.000,24828,2718,CJ,OC
16394,411064,BC,178.000,24834,2711,CS,BC
16395,209665,BC,178.000,24837,1113,EC,OC
16396,480012,BCM,178.000,24838,4670,CS,OC
16397,396157,SC,178.000,24840,1304,EC,SC
16398,448939,BC,178.000,24841,2711,CS,BC
16399,309251,BC,178.000,24842,1216,CS,BC
16400,349227,BC,178.000,24843,1419,CS,OC
16401,400094,BC,178.000,24845,1216,EC,BC
16402,276170,BC,178.000,24847,3011,IT,OC
16403,230281,MBC,178.000,24849,2739,SC,MBC
16404,442581,BC,178.000,24851,1432,AD,BC
16405,280101,BC,178.000,24854,3830,EC,OC
16406,305051,BC,178.000,24855,1516,EC,OC
16407,354978,BC,178.000,24859,2005,PR,OC
16408,214184,SC,178.000,24861,1,GI,SC
16409,229214,BC,178.000,24863,2718,CS,BC
16410,444697,OC,178.000,24866,2702,MZ,OC
16411,346328,SC,178.000,24867,2750,EC,SC
16412,353147,MBC,178.000,24869,1432,CO,MBC
16413,312682,MBC,178.000,24871,3465,EC,OC
16414,298227,MBC,178.000,24874,1304,CS,MBC
16415,264383,MBC,178.000,24875,1113,EC,OC
16416,207178,BC,178.000,24876,1304,AD,BC
16417,497700,BCM,178.000,24877,1216,AD,BCM
16418,264748,BC,178.000,24879,1210,AD,OC
16419,468956,MBC,178.000,24881,1211,CS,MBC
16420,395430,BC,178.000,24882,2710,EE,OC
16421,249232,MBC,178.000,24884,2709,EC,MBC
16422,263194,OC,178.000,24890,4962,IT,OC
16423,441646,MBC,178.000,24895,1013,AM,OC
16424,310293,MBC,178.000,24896,2618,CS,OC
16425,413725,MBC,177.700,24903,2709,CF,OC
16426,368326,SC,177.585,24905,2712,AD,SC
16427,245553,BC,177.545,24906,3011,IT,OC
16428,261688,BC,177.500,24908,2750,EC,BC
16429,332386,BC,177.500,24909,2718,IT,OC
16430,392282,BC,177.500,24911,2718,IT,OC
16431,345235,BC,177.500,24913,2005,IB,BC
16432,418742,SCA,177.500,24914,2007,CM,SCA
16433,316852,BC,177.500,24915,2718,CE,OC
16434,273677,BC,177.500,24916,2718,CS,BC
16435,444784,BC,177.500,24917,2710,CS,BC
16436,337520,MBC,177.500,24918,2718,SC,MBC
16437,267262,MBC,177.500,24919,2377,CE,MBC
16438,332654,SCA,177.500,24920,2377,EC,SCA
16439,311600,MBC,177.500,24921,2620,AD,OC
16440,323988,MBC,177.500,24922,2615,ME,MBC
16441,229610,BC,177.500,24923,2764,CB,BC
16442,362284,MBC,177.500,24924,3807,CS,OC
16443,308388,MBC,177.500,24925,1432,AD,MBC
16444,338384,BC,177.500,24926,3011,AM,BC
16445,377242,MBC,177.500,24928,2711,AD,OC
16446,420942,MBC,177.500,24929,2603,SC,OC
16447,318517,BC,177.500,24933,2708,EC,OC
16448,377528,BC,177.500,24934,1211,MZ,OC
16449,380175,MBC,177.500,24935,1317,AD,OC
16450,428252,BC,177.500,24936,1211,MZ,OC
16451,376648,SC,177.500,24937,5901,CS,SC
16452,355822,BC,177.500,24938,1422,CY,OC
16453,271816,MBC,177.500,24939,1520,AD,OC
16454,317361,BC,177.500,24940,4960,CS,BC
16455,471326,BC,177.500,24941,2719,EC,OC
16456,224803,SC,177.500,24942,5901,EC,SC
16457,442850,BC,177.500,24943,1419,CS,OC
16458,293019,BC,177.500,24944,2718,IT,OC
16459,340887,MBC,177.500,24945,2608,AD,OC
16460,457237,MBC,177.500,24947,2752,EC,OC
16461,347835,BC,177.500,24949,2718,IT,OC
16462,266660,BCM,177.500,24950,1321,MN,OC
16463,452360,MBC,177.500,24952,2702,CS,MBC
16464,273192,BC,177.500,24953,2750,CS,BC
16465,460486,MBC,177.500,24954,2739,AD,MBC
16466,238262,BC,177.500,24956,1211,MZ,OC
16467,407769,BC,177.500,24959,1317,CS,OC
16468,261797,MBC,177.500,24962,1419,AD,OC
16469,401569,MBC,177.500,24963,2025,EE,MBC
16470,345411,MBC,177.500,24964,2673,AM,OC
16471,283181,BC,177.500,24965,1113,CA,OC
16472,240137,BCM,177.500,24967,1113,CA,OC
16473,384039,SC,177.500,24969,2739,CS,SC
16474,340188,BC,177.500,24970,1211,MZ,OC
16475,260586,SC,177.500,24972,2615,CS,SC
16476,294916,MBC,177.500,24973,3011,IT,OC
16477,305331,BC,177.500,24974,3011,AM,BC
16478,438314,BCM,177.500,24975,1424,CS,OC
16479,333394,BC,177.500,24977,5986,EC,OC
16480,423014,BC,177.500,24978,2718,SC,BC
16481,321558,BC,177.500,24979,2710,EE,OC
16482,462602,MBC,177.500,24981,2712,EE,MBC
16483,216168,MBC,177.500,24982,2615,MT,OC
16484,348781,BC,177.500,24984,2718,CS,BC
16485,227209,BC,177.500,24985,2706,SC,OC
16486,221398,BC,177.500,24987,4960,EC,OC
16487,251932,MBC,177.500,24989,2702,CS,MBC
16488,273905,ST,177.500,24991,1211,EE,ST
16489,276617,BC,177.500,24992,1414,CS,OC
16490,466272,BC,177.500,24994,2005,CE,BC
16491,335288,MBC,177.500,24997,2710,EC,MBC
16492,202468,BCM,177.500,24999,2718,SC,BCM
16493,242354,BC,177.500,25000,1432,EC,BC
16494,216314,BC,177.500,25001,2603,CS,BC
16495,370795,BC,177.500,25002,2706,AM,OC
16496,292849,SC,177.500,25003,5901,EC,SC
16497,497262,BC,177.500,25005,2736,EC,OC
16498,259533,SC,177.500,25007,1399,AM,SC
16499,212804,BCM,177.500,25008,3819,AD,OC
16500,247685,BC,177.500,25009,4974,EE,BC
16501,452104,MBC,177.500,25010,2764,AM,MBC
16502,299689,OC,177.500,25011,1450,ME,OC
16503,334357,BC,177.500,25012,1216,CS,BC
16504,301413,BC,177.500,25013,2702,BT,OC
16505,332771,MBC,177.500,25014,2622,AM,OC
16506,224866,BC,177.500,25015,1450,EE,BC
16507,266538,BC,177.500,25016,5901,EE,BC
16508,200696,BC,177.500,25017,2719,EC,OC
16509,437026,MBC,177.500,25020,1432,AD,MBC
16510,296588,MBC,177.500,25022,1432,AD,MBC
16511,318891,BC,177.500,25023,1317,IT,OC
16512,239027,BC,177.500,25025,1317,EC,OC
16513,382377,BC,177.500,25027,5986,CS,BC
16514,422132,SC,177.500,25028,3860,AM,OC
16515,337155,BC,177.500,25029,2711,AD,OC
16516,339634,MBC,177.500,25030,2764,CS,MBC
16517,306879,MBC,177.500,25031,1434,SC,OC
16518,442110,OC,177.500,25033,1211,CB,OC
16519,404687,BC,177.500,25034,2710,IT,OC
16520,271623,BC,177.500,25035,2718,SC,BC
16521,306926,BC,177.500,25040,1419,AM,OC
16522,242684,MBC,177.500,25041,1216,CS,MBC
16523,288383,MBC,177.500,25042,1304,CS,MBC
16524,239306,BC,177.500,25043,2622,CS,OC
16525,410975,MBC,177.500,25044,2750,CS,MBC
16526,238333,BC,177.500,25045,2711,CS,BC
16527,303320,BC,177.500,25046,2764,IT,BC
16528,222619,MBC,177.500,25049,1211,EE,MBC
16529,234175,BC,177.500,25050,1317,AD,OC
16530,267060,MBC,177.500,25051,1450,AD,MBC
16531,342018,MBC,177.500,25054,2717,AD,OC
16532,355247,MBC,177.500,25055,4971,CS,OC
16533,395442,OC,177.500,25056,1113,IT,OC
16534,461785,BC,177.500,25057,2718,CS,BC
16535,398525,BC,177.500,25059,2719,EC,OC
16536,395064,BCM,177.500,25060,1432,CS,BCM
16537,278749,MBC,177.500,25062,2615,ME,MBC
16538,407339,BC,177.500,25064,2750,CS,BC
16539,384092,BC,177.500,25065,2718,CS,BC
16540,387494,MBC,177.500,25067,1317,AM,OC
16541,499861,MBC,177.500,25068,2624,BM,OC
16542,425348,MBC,177.500,25069,1419,SC,OC
16543,349854,BC,177.500,25070,5901,EE,BC
16544,230692,BC,177.500,25071,2719,EI,OC
16545,217659,BC,177.500,25072,1414,IT,OC
16546,282728,MBC,177.500,25073,5910,EC,OC
16547,316185,MBC,177.500,25074,2710,AD,MBC
16548,388427,MBC,177.500,25075,1304,CS,MBC
16549,331987,MBC,177.500,25076,1419,CS,OC
16550,360157,BC,177.500,25078,1216,EC,BC
16551,280335,OC,177.500,25079,1111,IT,OC
16552,372897,MBC,177.500,25080,2613,EC,OC
16553,428176,BC,177.500,25081,1516,EC,OC
16554,377656,BC,177.500,25087,2710,EC,BC
16555,218739,BC,177.500,25088,2006,PN,BC
16556,212148,BC,177.500,25090,2718,CJ,OC
16557,275851,BC,177.500,25092,2005,PR,OC
16558,260202,MBC,177.500,25094,3454,EC,OC
16559,336383,BC,177.500,25095,2711,CS,BC
16560,265600,BCM,177.500,25096,1317,CS,OC
16561,272204,MBC,177.500,25098,5901,CE,MBC
16562,443920,SC,177.500,25099,2005,EI,SC
16563,322031,MBC,177.500,25100,2005,CE,MBC
16564,375648,MBC,177.500,25101,1211,EC,MBC
16565,410983,BC,177.500,25103,2718,CS,BC
16566,224140,BC,177.500,25107,1304,AM,BC
16567,208865,BC,177.500,25108,2702,EC,BC
16568,202275,BC,177.500,25109,1304,IT,OC
16569,293729,MBC,177.500,25110,2718,AD,MBC
16570,486692,BC,177.500,25111,2006,PN,BC
16571,394980,BC,177.500,25112,3805,SC,OC
16572,331833,BC,177.500,25114,1419,EC,OC
16573,357708,MBC,177.500,25121,1399,ME,MBC
16574,268228,MBC,177.500,25122,2329,AD,OC
16575,249231,BC,177.500,25123,2711,CS,BC
16576,454389,MBC,177.500,25124,2764,AD,MBC
16577,242829,BC,177.500,25126,1414,CS,OC
16578,378526,SC,177.500,25127,2007,EY,SC
16579,264556,BC,177.500,25128,5901,EE,BC
16580,431154,BC,177.500,25132,2329,EC,OC
16581,269801,BC,177.500,25133,2719,CS,OC
16582,215607,BC,177.500,25137,1112,CS,OC
16583,269848,MBC,177.500,25138,4962,EC,OC
16584,404151,BC,177.500,25139,2718,IT,OC
16585,205072,BC,177.500,25140,2712,ME,BC
16586,281507,BC,177.500,25143,1211,AE,OC
16587,308276,BC,177.500,25144,1414,CS,OC
16588,419480,SC,177.500,25145,2377,AD,SC
16589,446642,MBC,177.500,25147,1126,EC,OC
16590,329137,MBC,177.500,25148,2622,CS,OC
16591,358319,BC,177.500,25149,2750,SC,BC
16592,429931,SC,177.500,25150,2025,EE,SC
16593,238745,BCM,177.500,25151,1304,EC,BCM
16594,205611,MBC,177.500,25152,1,MN,MBC
16595,239473,SC,177.500,25154,1422,EC,OC
16596,400613,SC,177.500,25155,2739,CS,SC
16597,327019,BC,177.500,25156,2710,EC,BC
16598,283217,BC,177.500,25157,2712,ME,BC
16599,254261,BC,177.500,25158,1113,CA,OC
16600,290347,MBC,177.500,25159,1113,EC,OC
16601,370904,BC,177.500,25160,5010,CS,OC
16602,279475,BC,177.500,25161,4020,EC,OC
16603,368927,BCM,177.500,25162,2764,CS,BCM
16604,368191,BC,177.500,25163,1211,AD,BC
16605,394764,MBC,177.500,25165,1211,CS,MBC
16606,278923,BCM,177.500,25166,1216,CS,BCM
16607,351810,BC,177.500,25167,1219,EC,BC
16608,251976,BC,177.500,25168,1211,EE,BC
16609,398111,MBC,177.500,25169,2710,AD,MBC
16610,399905,BC,177.500,25171,2608,AD,OC
16611,354741,SC,177.500,25173,1399,AD,SC
16612,247065,MBC,177.500,25174,2718,IT,OC
16613,233108,BC,177.500,25177,5910,EC,OC
16614,442704,MBC,177.500,25178,2764,CS,MBC
16615,246804,BCM,177.500,25179,1211,EC,BCM
16616,203460,OC,177.500,25180,1216,IT,OC
16617,207439,MBC,177.500,25182,2718,AD,MBC
16618,203880,BC,177.500,25183,2719,CS,OC
16619,318991,BC,177.500,25184,2764,MZ,OC
16620,322722,MBC,177.500,25185,1,MN,MBC
16621,296810,BC,177.500,25186,2736,EC,OC
16622,224021,BC,177.500,25188,2006,TX,OC
16623,361575,MBC,177.500,25189,3011,AM,MBC
16624,392667,SC,177.500,25190,2710,AD,SC
16625,350142,BC,177.500,25191,2710,IT,OC
16626,319182,BC,177.500,25193,2718,CS,BC
16627,326453,BC,177.500,25194,2750,CS,BC
16628,470159,BC,177.500,25196,2615,ME,BC
16629,296646,MBC,177.500,25198,1317,SC,OC
16630,208552,MBC,177.500,25199,1419,CS,OC
16631,292884,BC,177.500,25200,4952,AD,OC
16632,397087,MBC,177.500,25201,2718,AD,MBC
16633,309099,MBC,177.500,25202,1432,AD,MBC
16634,236081,BC,177.500,25204,2005,CE,BC
16635,247350,BC,177.500,25205,3011,BT,OC
16636,260192,BC,177.500,25206,3819,AD,OC
16637,468016,BC,177.500,25207,1304,CS,BC
16638,290675,BC,177.500,25212,2719,AD,OC
16639,392681,MBC,177.500,25213,2639,CS,OC
16640,251625,BC,177.500,25214,2718,CS,BC
16641,275909,BC,177.500,25215,2719,CS,OC
16642,376252,BC,177.500,25216,2702,CS,BC
16643,277376,BC,177.500,25218,1216,CS,BC
16644,380255,BC,177.500,25219,1211,SC,BC
16645,227603,BC,177.500,25220,1120,EC,OC
16646,338849,BC,177.500,25222,1219,CS,BC
16647,243845,BCM,177.500,25224,3819,CS,OC
16648,242911,BC,177.500,25226,2702,IT,OC
16649,352954,SC,177.500,25227,1399,CS,SC
16650,221553,MBC,177.500,25228,2764,IT,MBC
16651,379244,SC,177.500,25231,1211,CS,SC
16652,222008,BC,177.500,25232,2711,CS,BC
16653,293738,BC,177.500,25233,2711,CH,OC
16654,384778,MBC,177.500,25234,2702,CS,MBC
16655,387470,BC,177.500,25236,1219,CS,BC
16656,374872,BC,177.500,25237,2702,AD,OC
16657,447140,MBC,177.500,25240,2656,CS,OC
16658,445987,ST,177.500,25241,3011,CS,ST
16659,270576,BCM,177.500,25242,2615,ME,BCM
16660,209403,BCM,177.500,25243,1211,IT,BCM
16661,342551,BC,177.500,25245,3803,CS,OC
16662,374497,MBC,177.500,25246,2618,AD,OC
16663,264660,BC,177.500,25247,3011,AM,BC
16664,419023,BC,177.500,25248,1419,EC,OC
16665,259423,BC,177.500,25249,2702,AD,OC
16666,286273,BCM,177.500,25250,2764,CS,BCM
16667,207303,MBC,177.500,25251,2653,EC,OC
16668,259968,BC,177.500,25252,1111,CS,BC
16669,377447,BC,177.500,25253,1216,AD,BC
16670,262468,BC,177.500,25254,1210,CS,OC
16671,250023,BC,177.500,25255,1450,IT,BC
16672,258674,BC,177.500,25256,5901,ME,OC
16673,316008,BCM,177.500,25258,5901,CE,BCM
16674,287086,BC,177.500,25260,2615,CE,OC
16675,463244,MBC,177.500,25262,1219,IT,OC
16676,436399,BC,177.500,25264,2764,EE,BC
16677,232254,BCM,177.500,25265,1211,EC,BCM
16678,253480,BC,177.500,25267,4960,EC,OC
16679,262482,BC,177.500,25269,4960,CS,BC
16680,282797,MBC,177.500,25271,2653,CS,OC
16681,232439,BC,177.500,25274,5910,EC,OC
16682,294763,BCM,177.500,25275,2718,SC,BCM
16683,335090,SC,177.500,25276,1,MN,SC
16684,401937,MBC,177.500,25278,2025,EV,OC
16685,260526,SC,177.500,25279,2712,CS,SC
16686,266855,BC,177.500,25281,2706,EC,OC
16687,232662,BC,177.500,25283,2710,EC,BC
16688,296184,BC,177.500,25285,1317,EC,OC
16689,253532,BC,177.500,25286,2726,FD,OC
16690,272904,BC,177.500,25287,2,PM,BC
16691,204970,BC,177.500,25289,5986,CS,BC
16692,305069,BC,177.500,25290,5910,CS,OC
16693,467288,MBC,177.500,25291,2750,EE,OC
16694,330211,BC,177.500,25292,1,PT,BC
16695,382451,MBC,177.500,25295,2709,CF,MBC
16696,218611,MBC,177.500,25296,2377,CE,MBC
16697,345264,MBC,177.500,25297,1317,CS,OC
16698,338459,BC,177.500,25298,1211,CE,OC
16699,387717,BC,177.500,25300,1211,SC,BC
16700,298508,SC,177.500,25301,5008,IM,SC
16701,231746,OC,177.500,25303,1216,AL,OC
16702,260689,SC,177.500,25305,4974,CS,SC
16703,378883,BC,177.500,25308,1304,CS,BC
16704,225970,BC,177.500,25309,4974,CE,OC
16705,317602,MBC,177.500,25310,1,PT,MBC
16706,329440,MBC,177.500,25311,3464,EC,OC
16707,202208,BC,177.500,25312,1317,CS,OC
16708,358295,BC,177.500,25313,5910,CS,OC
16709,322088,BC,177.500,25314,2634,CS,OC
16710,366605,MBC,177.500,25317,2603,SC,OC
16711,259773,MBC,177.500,25318,2706,CS,MBC
16712,243953,BCM,177.500,25319,1216,AL,OC
16713,218532,BC,177.500,25320,2706,EC,OC
16714,350075,BC,177.500,25327,1432,EC,BC
16715,221585,MBC,177.500,25328,1211,AD,MBC
16716,349450,SC,177.500,25329,1,GI,SC
16717,209965,MBC,177.500,25332,2718,AD,MBC
16718,468919,OC,177.500,25333,1126,CS,OC
16719,322895,MBC,177.500,25334,1113,CA,OC
16720,448186,BC,177.500,25335,2607,FD,OC
16721,410435,BC,177.500,25336,2750,CS,BC
16722,321470,BC,177.500,25337,1216,AL,OC
16723,352678,BC,177.500,25338,1304,AM,BC
16724,329706,BC,177.500,25340,1210,CS,OC
16725,372168,BC,177.500,25341,2702,IT,OC
16726,251105,BC,177.500,25342,2620,AD,OC
16727,261016,BC,177.500,25343,2618,SC,OC
16728,354117,MBC,177.500,25344,2718,AD,MBC
16729,266454,MBC,177.500,25345,2718,AD,MBC
16730,211372,BC,177.500,25346,2006,AS,BC
16731,405974,MBC,177.500,25348,2750,CS,MBC
16732,207307,OC,177.500,25349,2736,EC,OC
16733,334184,BC,177.500,25350,2607,EC,OC
16734,321426,BC,177.500,25351,4962,CS,BC
16735,337867,MBC,177.500,25352,2712,EI,MBC
16736,222306,BC,177.500,25353,2764,CB,BC
16737,379058,BC,177.500,25355,1211,CE,OC
16738,371469,BCM,177.500,25356,1216,EC,BCM
16739,206088,BC,177.500,25357,1317,CS,OC
16740,365445,MBC,177.500,25358,2702,CS,MBC
16741,288515,SC,177.500,25359,2615,CS,SC
16742,338155,SC,177.500,25360,5008,CM,SC
16743,378059,MBC,177.500,25361,1216,CS,MBC
16744,350488,MBC,177.500,25362,1219,AD,MBC
16745,260353,MBC,177.500,25363,3807,CS,OC
16746,300797,BC,177.500,25364,2706,EC,OC
16747,380329,MBC,177.500,25365,2622,CS,OC
16748,207784,SC,177.500,25366,2712,AD,SC
16749,422437,BCM,177.500,25368,1432,CS,BCM
16750,370102,BC,177.500,25369,4944,EC,OC
16751,372179,MBC,177.500,25370,2025,CS,MBC
16752,316236,SC,177.500,25371,2712,EC,SC
16753,306047,BC,177.500,25372,1219,EE,OC
16754,253058,BC,177.500,25373,2622,CS,OC
16755,228041,BC,177.500,25375,2751,CS,OC
16756,382380,BCM,177.500,25378,2712,ME,BCM
16757,294803,BC,177.500,25383,2711,EC,BC
16758,323286,BC,177.500,25385,4678,EC,OC
16759,243174,BCM,177.500,25388,2718,CS,BCM
16760,302714,MBC,177.500,25389,2006,MY,MBC
16761,231003,BC,177.500,25391,2702,EC,BC
16762,256726,BC,177.500,25392,1317,SC,OC
16763,288970,MBC,177.500,25393,1216,CS,MBC
16764,363759,BC,177.500,25394,1211,CB,OC
16765,384955,MBC,177.500,25395,2369,CS,OC
16766,231500,BCM,177.500,25396,2025,CS,BCM
16767,331673,BC,177.500,25397,1210,CS,OC
16768,339025,MBC,177.500,25398,2,PM,MBC
16769,351741,BC,177.500,25400,2711,CS,BC
16770,424978,BC,177.500,25402,1113,CA,OC
16771,338336,MBC,177.500,25404,1432,CB,OC
16772,210213,BC,177.500,25407,2711,AD,OC
16773,307302,BC,177.500,25408,2718,CS,BC
16774,400856,BC,177.500,25410,1419,EC,OC
16775,228125,MBC,177.500,25411,2739,AD,MBC
16776,338701,MBC,177.500,25412,2025,EV,OC
16777,474889,BC,177.500,25414,2750,CS,BC
16778,341624,BC,177.500,25415,2718,CS,BC
16779,216188,BC,177.500,25416,1219,EC,BC
16780,265319,BC,177.500,25418,2622,CS,OC
16781,255191,MBC,177.500,25419,2369,CS,OC
16782,324440,OC,177.500,25420,2702,EE,OC
16783,288450,BC,177.500,25421,1216,CS,BC
16784,330737,BC,177.500,25425,1419,EC,OC
16785,434980,BC,177.500,25426,2025,EV,OC
16786,452945,SC,177.500,25428,5008,EM,SC
16787,255489,MBC,177.500,25429,1211,CB,MBC
16788,425189,BC,177.500,25431,1113,EC,OC
16789,338898,SC,177.500,25432,1304,CS,SC
16790,334630,MBC,177.500,25433,1304,CS,MBC
16791,404750,BCM,177.500,25434,2349,BM,OC
16792,465420,BC,177.500,25436,1211,AL,BC
16793,282840,BCM,177.500,25437,1216,CS,BCM
16794,462368,MBC,177.500,25438,2764,EC,MBC
16795,366532,BC,177.500,25440,2622,CS,OC
16796,442089,MBC,177.500,25441,2718,CS,MBC
16797,229308,BC,177.500,25442,2719,EC,OC
16798,318658,BC,177.500,25443,1211,ME,OC
16799,272032,BC,177.500,25444,1317,EC,OC
16800,359584,MBC,177.500,25446,1307,SC,OC
16801,225776,OC,177.500,25447,1419,CS,OC
16802,335002,BC,177.500,25448,2711,EE,OC
16803,319417,MBC,177.500,25451,2739,CO,MBC
16804,311260,MBC,177.500,25452,2603,CS,MBC
16805,278209,MBC,177.500,25453,2710,AD,MBC
16806,370586,MBC,177.500,25457,1405,CS,OC
16807,356745,MBC,177.500,25458,1419,CS,OC
16808,361603,BC,177.500,25459,2349,CS,OC
16809,463517,BC,177.500,25460,2618,EE,OC
16810,239303,MBC,177.500,25461,3830,ME,OC
16811,290506,MBC,177.500,25462,1405,EC,OC
16812,205911,BC,177.500,25463,1211,AL,BC
16813,264945,MBC,177.500,25464,2369,EC,OC
16814,368936,BC,177.500,25465,4954,CS,OC
16815,431029,BC,177.500,25466,1304,AD,BC
16816,379914,MBC,177.500,25467,1414,EC,OC
16817,222867,BC,177.500,25468,5986,CS,BC
16818,492489,BCM,177.500,25469,2712,EE,BCM
16819,369345,MBC,177.500,25470,2710,AD,MBC
16820,288760,BC,177.500,25471,2711,CS,BC
16821,288546,BC,177.500,25473,2726,AL,OC
16822,426622,BC,177.500,25475,3011,CF,OC
16823,256370,BC,177.500,25476,2711,EC,BC
16824,299413,BC,177.500,25477,1118,BM,OC
16825,467945,BC,177.500,25479,2329,BT,OC
16826,471385,MBC,177.500,25480,2329,AD,OC
16827,263982,BCM,177.500,25482,4971,AD,OC
16828,469692,BC,177.500,25483,2711,CS,BC
16829,442134,BCM,177.500,25485,1304,IT,OC
16830,200703,MBC,177.500,25486,1307,CS,OC
16831,271784,BC,177.500,25487,2702,EC,BC
16832,325360,SC,177.500,25488,1,IE,SC
16833,232895,BC,177.500,25489,2377,DA,OC
16834,216561,BC,177.500,25491,1211,IT,BC
16835,306111,BC,177.500,25492,1113,EC,OC
16836,213935,BC,177.500,25493,2719,EC,OC
16837,337510,BC,177.500,25494,1419,EC,OC
16838,380297,BC,177.500,25496,2712,ME,BC
16839,383023,BC,177.500,25499,2718,EE,OC
16840,450708,MBC,177.500,25500,2634,AD,OC
16841,469345,MBC,177.500,25501,2025,AD,MBC
16842,354551,MBC,177.500,25502,2718,IT,OC
16843,275922,BC,177.500,25505,1216,CS,BC
16844,390752,SC,177.500,25507,2377,CS,SC
16845,333848,BC,177.500,25508,1113,VL,OC
16846,284248,BC,177.500,25509,2702,AD,OC
16847,262727,MBC,177.500,25512,5008,MF,MBC
16848,440884,BC,177.500,25513,1211,BT,BC
16849,426293,BC,177.500,25515,1211,AL,BC
16850,218242,BC,177.500,25516,1317,CS,OC
16851,264627,BC,177.500,25517,1216,CS,BC
16852,389307,BC,177.500,25518,1216,EC,BC
16853,235202,MBC,177.500,25520,1211,CS,MBC
16854,469047,BC,177.500,25521,2,FS,BC
16855,383310,BC,177.500,25525,2711,EC,BC
16856,376063,BCM,177.500,25526,2718,CS,BCM
16857,351710,OC,177.500,25527,1113,CA,OC
16858,470250,SC,177.500,25528,1,PT,SC
16859,428877,MBC,177.500,25533,1211,CS,MBC
16860,410047,MBC,177.500,25534,5901,CE,MBC
16861,438650,BC,177.500,25535,2603,CS,BC
16862,336058,MBC,177.500,25539,2739,AD,MBC
16863,261764,BC,177.500,25541,2718,CJ,OC
16864,287166,BC,177.500,25542,1211,EE,BC
16865,356192,MBC,177.500,25543,3807,IT,OC
16866,352281,MBC,177.500,25544,1432,AD,MBC
16867,236408,BC,177.500,25545,1432,AD,BC
16868,247788,MBC,177.500,25546,2764,EE,MBC
16869,395597,MBC,177.500,25547,1317,EC,OC
16870,368785,BC,177.500,25549,2710,EC,BC
16871,217021,MBC,177.500,25550,1113,CS,MBC
16872,277117,MBC,177.500,25552,2718,AD,MBC
16873,366487,MBC,177.500,25554,2750,AM,MBC
16874,418540,SC,177.500,25555,3465,CS,OC
16875,398458,BC,177.500,25557,1211,AD,BC
16876,406498,MBC,177.500,25558,1013,AM,OC
16877,391680,MBC,177.500,25560,1,XM,MBC
16878,248194,BC,177.500,25562,1432,EC,BC
16879,325944,BC,177.500,25563,1210,CS,OC
16880,255892,BC,177.500,25564,3819,CS,OC
16881,377672,MBC,177.500,25565,1219,IT,MBC
16882,294458,BC,177.500,25567,5901,ME,OC
16883,260787,BCM,177.500,25568,1317,EC,OC
16884,379516,BC,177.500,25569,1219,EC,BC
16885,280465,BC,177.500,25571,3011,AM,BC
16886,258656,SC,177.500,25572,3803,CS,OC
16887,409627,MBC,177.500,25575,2709,CS,MBC
16888,434714,MBC,177.500,25576,2603,SC,OC
16889,299841,BC,177.500,25577,2706,AD,OC
16890,219496,BC,177.500,25578,2706,CS,BC
16891,397572,BC,177.500,25579,2719,AD,OC
16892,201577,BC,177.500,25581,2710,EC,BC
16893,381481,SC,177.500,25582,2750,SC,SC
16894,419351,MBC,177.500,25584,1304,AM,MBC
16895,348593,BC,177.500,25588,1304,CS,BC
16896,288377,MBC,177.500,25589,1211,AD,MBC
16897,287389,BCM,177.500,25591,1432,CO,BCM
16898,466590,MBC,177.500,25592,2673,AD,OC
16899,277734,BC,177.500,25593,5842,AM,OC
16900,346449,MBC,177.500,25595,2006,MS,MBC
16901,409907,MBC,177.500,25596,5910,EC,OC
16902,362080,BC,177.500,25597,2719,CS,BC
16903,362759,SC,177.500,25599,1013,AM,OC
16904,377021,OC,177.500,25600,2718,IT,OC
16905,288704,MBC,177.500,25601,1422,AD,MBC
16906,459947,BC,177.500,25602,2718,CS,BC
16907,417306,BC,177.500,25604,4974,EE,BC
16908,245789,SC,177.500,25605,1211,AL,SC
16909,293578,BC,177.500,25606,3819,CS,OC
16910,478484,MBC,177.500,25607,1211,AD,MBC
16911,343172,BC,177.500,25608,1304,IT,OC
16912,382490,MBC,177.500,25610,1211,CS,MBC
16913,422305,BC,177.500,25611,1516,EC,OC
16914,326215,BC,177.500,25613,2711,CS,BC
16915,255414,BC,177.500,25614,2653,IT,OC
16916,463488,BC,177.500,25616,1211,BT,BC
16917,326612,BC,177.500,25617,2,PM,BC
16918,349985,BC,177.500,25618,1304,IT,OC
16919,410169,BC,177.500,25619,2618,EC,OC
16920,213267,BC,177.500,25621,2718,IT,OC
16921,239276,BC,177.500,25622,1317,CS,BC
16922,410856,SC,177.500,25623,2615,AM,SC
16923,495562,MBC,177.500,25624,1450,CS,MBC
16924,491463,BCM,177.500,25626,2622,AD,OC
16925,244102,MBC,177.500,25633,2718,AD,MBC
16926,351319,BC,177.500,25635,5910,CS,OC
16927,201049,BC,177.500,25638,2764,MZ,BC
16928,360882,MBC,177.500,25642,2764,AD,MBC
16929,308596,BC,177.500,25643,2750,BT,OC
16930,303016,BC,177.500,25644,4954,CS,OC
16931,263429,MBC,177.500,25645,2718,AD,MBC
16932,359808,BC,177.500,25646,2702,CS,BC
16933,332585,MBC,177.500,25647,2750,AM,MBC
16934,307414,MBC,177.500,25648,1211,RM,OC
16935,349415,MBC,177.500,25649,2603,EE,OC
16936,399589,MBC,177.500,25654,1516,CS,OC
16937,216825,BC,177.500,25656,1219,EC,BC
16938,265685,BC,177.500,25657,1216,AD,BC
16939,226088,BC,177.500,25658,2706,CS,BC
16940,280838,SC,177.500,25659,1399,AD,SC
16941,206464,BC,177.500,25660,4960,EC,OC
16942,336258,BC,177.500,25661,1219,ME,OC
16943,430980,MBC,177.500,25664,2764,IT,MBC
16944,229113,BC,177.500,25666,5986,CS,BC
16945,416264,MBC,177.500,25667,2777,CS,OC
16946,233052,BC,177.500,25669,2719,CS,BC
16947,447308,MBC,177.500,25670,2750,EC,MBC
16948,310765,MBC,177.500,25673,2615,MT,OC
16949,267302,BCM,177.500,25675,1113,CS,BCM
16950,255828,BC,177.500,25676,2711,CS,BC
16951,331872,BC,177.500,25677,1211,AL,BC
16952,203114,BC,177.500,25679,1419,ME,OC
16953,375379,BC,177.500,25681,2706,CS,BC
16954,309216,MBC,177.500,25682,1317,CS,MBC
16955,367117,MBC,177.500,25683,2710,CS,MBC
16956,376840,BC,177.500,25684,3011,BT,OC
16957,493169,BC,177.500,25685,1211,AD,BC
16958,421230,MBC,177.500,25686,2718,IT,MBC
16959,337127,BC,177.500,25687,2702,AD,OC
16960,357704,BC,177.500,25691,2025,EV,OC
16961,248522,BC,177.500,25694,2702,MZ,OC
16962,324575,BC,177.500,25695,4020,EC,OC
16963,404786,BC,177.500,25696,4957,EC,OC
16964,468861,OC,177.500,25700,1126,CS,OC
16965,305008,MBC,177.500,25701,2712,ME,MBC
16966,239699,BC,177.500,25702,2718,CS,BC
16967,389376,MBC,177.500,25704,1432,EV,OC
16968,204523,BC,177.500,25707,2718,CJ,OC
16969,424959,BC,177.500,25708,2622,CS,BC
16970,305521,MBC,177.500,25709,1211,CB,MBC
16971,255569,BC,177.500,25710,4962,EC,OC
16972,369808,SC,177.500,25711,2712,AD,SC
16973,448634,BCM,177.500,25713,2719,EC,OC
16974,266180,BCM,177.500,25714,1216,IT,OC
16975,303523,MBC,177.500,25715,2712,EE,MBC
16976,286379,BCM,177.500,25716,3843,BM,OC
16977,414438,BC,177.500,25717,2718,ME,OC
16978,410037,MBC,177.500,25718,2769,CS,OC
16979,306428,BC,177.500,25722,2750,CS,BC
16980,205824,BC,177.500,25723,2706,IT,OC
16981,202977,MBC,177.500,25724,1111,CS,MBC
16982,273945,BC,177.500,25725,1216,CS,BC
16983,481363,BC,177.500,25726,2718,CS,BC
16984,279978,BC,177.500,25728,3819,EC,OC
16985,456237,BC,177.500,25729,1304,IT,OC
16986,401897,ST,177.500,25730,1399,CS,ST
16987,372151,BC,177.500,25731,2710,EC,BC
16988,276607,BC,177.500,25736,2712,ME,BC
16989,279931,BC,177.500,25738,2718,EE,OC
16990,245317,MBC,177.500,25739,2712,EE,MBC
16991,222179,BC,177.500,25741,1304,IT,OC
16992,265236,BC,177.500,25742,1211,AD,BC
16993,433218,SC,177.500,25743,2005,ME,SC
16994,249723,BC,177.500,25744,4962,CS,BC
16995,466684,BC,177.500,25745,5008,CN,BC
16996,246715,BC,177.500,25750,2709,EE,OC
16997,312405,BC,177.500,25752,5010,EC,OC
16998,458336,MBC,177.500,25753,2764,AD,MBC
16999,366723,BC,177.500,25756,1219,EC,BC
17000,249350,BC,177.500,25758,2702,AD,OC
17001,460675,BC,177.500,25760,2764,MZ,BC
17002,212141,BC,177.500,25762,1450,IT,BC
17003,426881,BC,177.500,25764,1317,CS,BC
17004,444994,BC,177.500,25765,1304,EC,BC
17005,283768,MBC,177.500,25766,2712,AE,MBC
17006,230375,SC,177.500,25770,1399,CS,SC
17007,244948,BC,177.500,25771,5901,EE,BC
17008,468806,OC,177.500,25772,1126,CS,OC
17009,337761,MBC,177.500,25776,1501,AD,OC
17010,386450,BC,177.500,25777,5010,EC,OC
17011,305778,BC,177.500,25778,2706,EC,OC
17012,298370,BC,177.500,25780,1113,EC,BC
17013,398041,MBC,177.500,25782,3011,CS,MBC
17014,347093,MBC,177.500,25784,1304,CS,MBC
17015,444842,SC,177.500,25785,2615,CS,SC
17016,468236,BC,177.500,25788,2329,AD,OC
17017,342463,BC,177.500,25789,1304,IT,OC
17018,389165,MBC,177.500,25790,2710,EC,MBC
17019,496149,BC,177.500,25791,2710,CS,BC
17020,314160,MBC,177.500,25792,3804,AD,OC
17021,326268,MBC,177.500,25793,2710,AD,MBC
17022,332972,BC,177.500,25794,1026,CS,OC
17023,206657,BC,177.500,25795,1309,CS,OC
17024,405910,OC,177.151,25799,1419,AD,OC
17025,376253,BC,177.000,25800,1211,SC,BC
17026,255072,BC,177.000,25802,2025,ME,OC
17027,439251,MBC,177.000,25804,5901,EE,MBC
17028,445412,MBC,177.000,25805,2706,CS,MBC
17029,254442,MBC,177.000,25807,2710,CS,MBC
17030,396343,MBC,177.000,25809,2718,AD,MBC
17031,326774,BC,177.000,25810,2710,AD,BC
17032,234842,SC,177.000,25812,1113,CV,OC
17033,425866,BC,177.000,25813,1111,IT,OC
17034,353594,BC,177.000,25814,1450,IT,BC
17035,229863,BC,177.000,25816,2718,CS,BC
17036,441792,BC,177.000,25817,1211,SC,BC
17037,338258,SC,177.000,25818,2006,MY,SC
17038,214962,BC,177.000,25819,4960,AD,OC
17039,308895,BC,177.000,25820,2710,IT,OC
17040,307225,BC,177.000,25821,2750,CS,BC
17041,347774,MBC,177.000,25822,1,MI,MBC
17042,253577,BC,177.000,25823,4974,ME,OC
17043,476836,BC,177.000,25824,2710,AD,BC
17044,465073,SC,177.000,25825,1,MN,SC
17045,302704,BC,177.000,25826,5901,CE,BC
17046,230944,SC,177.000,25827,2005,IB,SC
17047,314521,BC,177.000,25828,1321,MN,OC
17048,364895,BC,177.000,25831,1419,AM,OC
17049,461555,BC,177.000,25832,2702,CS,BC
17050,352682,SCA,177.000,25833,1399,CS,SCA
17051,298826,BC,177.000,25834,1113,EC,BC
17052,253009,BC,177.000,25835,5008,CN,BC
17053,470809,BC,177.000,25836,2006,AS,BC
17054,265906,BC,177.000,25838,1216,AD,BC
17055,229255,BC,177.000,25839,1113,CA,OC
17056,287476,BC,177.000,25841,2764,CB,BC
17057,317635,BC,177.000,25843,1304,IT,OC
17058,210227,BC,177.000,25846,1211,AL,BC
17059,452055,BC,177.000,25847,1304,EC,BC
17060,291772,BC,177.000,25848,2710,EC,BC
17061,279020,MBC,177.000,25850,2710,AD,MBC
17062,335624,BC,177.000,25851,1211,AD,BC
17063,367352,MBC,177.000,25854,1316,IT,OC
17064,439577,BC,177.000,25855,2707,CS,OC
17065,305981,MBC,177.000,25856,3826,EC,OC
17066,280967,MBC,177.000,25857,1432,EV,OC
17067,363586,BC,177.000,25859,2718,CS,BC
17068,284595,MBC,177.000,25860,2007,CL,MBC
17069,384397,BC,177.000,25861,1210,EC,OC
17070,384682,BC,177.000,25862,2712,CE,BC
17071,360920,MBC,177.000,25863,1432,CB,OC
17072,258905,BC,177.000,25864,2706,EC,OC
17073,435293,BC,177.000,25866,2718,AD,BC
17074,326627,MBC,177.000,25869,1321,PA,OC
17075,345552,BCM,177.000,25871,4020,CS,OC
17076,403561,BC,177.000,25873,2718,CS,BC
17077,403579,BC,177.000,25874,2603,EC,BC
17078,347055,BC,177.000,25876,2711,CS,BC
17079,302951,MBC,177.000,25877,2751,CB,OC
17080,258536,MBC,177.000,25878,5901,EE,MBC
17081,224344,SC,177.000,25882,2377,EC,SC
17082,397140,BC,177.000,25884,1219,EE,OC
17083,261201,BC,177.000,25886,2710,CE,OC
17084,462103,MBC,177.000,25888,2718,SC,MBC
17085,452102,MBC,177.000,25889,2718,CS,MBC
17086,256179,MBC,177.000,25894,2710,CS,MBC
17087,207016,MBC,177.000,25895,4960,CS,MBC
17088,365585,MBC,177.000,25896,2718,AD,MBC
17089,322406,MBC,177.000,25897,2025,ME,OC
17090,238202,BC,177.000,25898,2710,IT,OC
17091,328706,BC,177.000,25900,1216,CS,BC
17092,244109,BC,177.000,25901,5986,CS,BC
17093,382986,MBC,177.000,25904,4974,EE,MBC
17094,400874,SC,177.000,25905,2739,EV,SC
17095,321687,MBC,177.000,25906,1304,EC,MBC
17096,284665,BC,177.000,25907,2709,CS,BC
17097,224608,BC,177.000,25908,1211,IT,BC
17098,309936,SC,177.000,25909,1120,EC,OC
17099,285712,BCM,177.000,25910,3819,AM,OC
17100,285828,SC,177.000,25911,2005,CE,SC
17101,432692,BC,177.000,25913,5986,CS,BC
17102,445900,BC,177.000,25914,1113,CA,OC
17103,322500,BC,177.000,25917,1419,EE,OC
17104,249694,BC,177.000,25918,1304,EE,OC
17105,371749,BC,177.000,25919,2005,IB,BC
17106,315707,MBC,177.000,25920,1304,AM,MBC
17107,305304,MBC,177.000,25921,2750,BM,OC
17108,231259,MBC,177.000,25922,2739,AD,MBC
17109,411791,BC,177.000,25923,2719,EC,OC
17110,254984,BC,177.000,25924,2711,AD,OC
17111,200715,BC,177.000,25925,5910,CS,OC
17112,340837,MBC,177.000,25926,1211,CS,MBC
17113,331735,BC,177.000,25929,2712,MZ,BC
17114,331063,BC,177.000,25930,2702,EE,OC
17115,252040,BC,177.000,25933,2,TX,OC
17116,347306,BC,177.000,25934,1211,IT,BC
17117,204820,MBC,177.000,25935,2329,CS,OC
17118,201582,SC,177.000,25936,1304,EC,SC
17119,202508,BC,177.000,25937,2718,MZ,OC
17120,204479,BCM,177.000,25938,2739,CS,BCM
17121,241247,BC,177.000,25942,1211,IT,BC
17122,246709,SC,177.000,25943,2377,EE,SC
17123,406628,SC,177.000,25944,2377,AD,SC
17124,336070,MBC,177.000,25948,2712,MZ,MBC
17125,341492,BCM,177.000,25949,1211,EC,BCM
17126,223078,BC,177.000,25950,2764,ME,OC
17127,293337,BCM,177.000,25951,1317,CS,BCM
17128,465802,MBC,177.000,25954,2718,CJ,OC
17129,408775,MBC,177.000,25955,1304,EC,MBC
17130,400781,MBC,177.000,25956,2615,CE,OC
17131,452667,BC,177.000,25957,1219,AD,BC
17132,332773,BC,177.000,25958,1211,IT,BC
17133,359425,OC,177.000,25958A,1304,IT,OC
17134,239483,MBC,177.000,25961,2006,TX,MBC
17135,413507,BC,177.000,25962,2603,SC,OC
17136,451659,BC,177.000,25963,2706,CS,BC
17137,424191,BC,177.000,25964,5910,AM,OC
17138,417164,SC,177.000,25965,1211,EC,SC
17139,420327,BC,177.000,25966,1219,ME,OC
17140,395044,MBC,177.000,25967,3819,EC,OC
17141,354135,BC,177.000,25969,2702,EC,BC
17142,252183,BC,177.000,25970,1211,CE,OC
17143,376104,SC,177.000,25971,5008,IM,SC
17144,344965,BC,177.000,25972,1317,BT,OC
17145,448930,BC,177.000,25973,2702,AD,OC
17146,434498,MBC,177.000,25974,1419,CS,OC
17147,364530,MBC,177.000,25975,2025,ME,OC
17148,306362,BC,177.000,25976,2764,CB,BC
17149,340061,SC,177.000,25977,5901,EC,SC
17150,235549,BC,177.000,25978,4974,EE,BC
17151,217110,BC,177.000,25980,1304,IT,OC
17152,400883,BC,177.000,25981,2743,AD,OC
17153,216399,BCM,177.000,25982,2025,EC,BCM
17154,344623,SC,177.000,25983,2005,IB,SC
17155,236492,BC,177.000,25984,1113,CA,OC
17156,341757,BC,177.000,25986,1216,AD,BC
17157,249957,BC,177.000,25988,2702,IT,OC
17158,358634,BC,177.000,25989,2711,CS,BC
17159,468539,BCM,177.000,25990,1101,AM,OC
17160,374684,BCM,177.000,25991,1304,EC,BCM
17161,443416,BC,177.000,25992,2005,CE,BC
17162,430714,MBC,177.000,25993,2743,AD,OC
17163,323093,BC,177.000,25994,4670,AM,OC
17164,263013,SC,177.000,25995,2,FS,SC
17165,325052,BC,177.000,25996,5910,EC,OC
17166,394916,BC,177.000,25997,2,PP,BC
17167,397666,MBC,177.000,25998,1211,AD,MBC
17168,400133,BCM,177.000,25999,5907,CS,OC
17169,215812,BC,177.000,26000,1211,IT,BC
17170,391482,BC,177.000,26001,2702,AD,OC
17171,453664,BC,177.000,26002,2719,BM,OC
17172,415068,BC,177.000,26003,4670,ME,OC
17173,410854,BC,177.000,26006,2719,CS,BC
17174,469739,BC,177.000,26007A,2718,CS,BC
17175,421028,BCM,177.000,26008,1120,SC,OC
17176,332928,MBC,177.000,26010,1414,CS,OC
17177,206637,BC,177.000,26011,1419,EC,OC
17178,246758,BC,177.000,26012,1216,AD,BC
17179,227575,MBC,177.000,26015,2718,AD,MBC
17180,293054,BC,177.000,26016,1317,CS,BC
17181,302043,BC,177.000,26017,1113,IT,OC
17182,383089,BCM,177.000,26020,1317,CS,BCM
17183,379172,SC,177.000,26022,1321,MN,OC
17184,413642,MBC,177.000,26024,2764,BM,OC
17185,258888,MBC,177.000,26025,2736,CS,OC
17186,239982,BC,177.000,26026,2712,ME,BC
17187,350885,OC,177.000,26027,2702,IT,OC
17188,216175,MBC,177.000,26028,2710,CS,MBC
17189,437738,MBC,177.000,26032,1516,CS,OC
17190,224151,SC,177.000,26033,5008,CG,SC
17191,395297,MBC,177.000,26035,2708,CS,OC
17192,235264,BC,177.000,26038,2719,IT,OC
17193,202147,BC,177.000,26039,5986,CS,BC
17194,425416,MBC,177.000,26040,3011,IT,OC
17195,422288,BC,177.000,26042,3830,CS,OC
17196,356515,BC,177.000,26043,2719,CS,BC
17197,384968,MBC,177.000,26045,2622,AD,OC
17198,497563,MBC,177.000,26046,1304,AD,MBC
17199,272618,BC,177.000,26047,2711,CS,BC
17200,312839,SC,177.000,26048,5008,ME,SC
17201,354186,BC,177.000,26049,1405,CS,OC
17202,491664,OC,177.000,26050,1126,AD,OC
17203,341127,MBC,177.000,26051,2711,CS,MBC
17204,321981,MBC,177.000,26052,1304,EC,MBC
17205,378626,BC,177.000,26055,2369,CS,OC
17206,381866,BC,177.000,26057,1216,EC,BC
17207,491736,OC,177.000,26059,1126,CS,OC
17208,226577,BC,177.000,26060,1211,ME,OC
17209,372351,BC,177.000,26061,2710,IT,OC
17210,203141,MBC,177.000,26062,2718,EC,MBC
17211,370047,BC,177.000,26064,2707,CS,OC
17212,210289,BC,177.000,26066,1317,CS,BC
17213,342466,BC,177.000,26067,1211,MZ,OC
17214,389768,SC,177.000,26068,2006,RA,SC
17215,456174,MBC,177.000,26069,1026,EC,OC
17216,280676,BC,177.000,26071,2711,EC,BC
17217,324205,BC,177.000,26072,2764,CH,OC
17218,229287,BC,177.000,26073,1211,AL,BC
17219,429247,BC,177.000,26075,2709,IT,OC
17220,255719,OC,177.000,26078,2719,EC,OC
17221,380334,OC,177.000,26080,4023,CS,OC
17222,207860,BC,177.000,26081,1211,SC,BC
17223,243098,BC,177.000,26082,1211,MZ,OC
17224,389582,BC,177.000,26083,2764,EE,BC
17225,366248,BC,177.000,26084,1216,EC,BC
17226,292341,BC,177.000,26085,1219,CS,BC
17227,480355,BC,177.000,26086,1211,ME,OC
17228,405410,MBC,177.000,26088,1317,CS,MBC
17229,346543,BCM,177.000,26090,2,CR,OC
17230,392078,SC,177.000,26091,1113,CS,SC
17231,434494,BC,177.000,26093,3819,AD,OC
17232,370502,MBC,177.000,26094,4974,EC,MBC
17233,275934,BC,177.000,26095,5910,CS,OC
17234,376259,MBC,177.000,26096,2712,EE,MBC
17235,394316,MBC,177.000,26097,1431,AD,OC
17236,241258,BC,177.000,26098,4960,ME,OC
17237,218725,BCM,177.000,26099,2764,CS,BCM
17238,302978,MBC,177.000,26100,1211,CS,MBC
17239,421808,BC,177.000,26101,2711,CS,BC
17240,284104,MBC,177.000,26102,1304,CS,MBC
17241,317101,BC,177.000,26103,2006,PN,BC
17242,219969,MBC,177.000,26104,2706,EC,OC
17243,316827,BC,177.000,26105,2702,AD,OC
17244,230564,BC,177.000,26106,2711,EC,BC
17245,394720,BC,177.000,26109,2,PP,BC
17246,356065,MBC,177.000,26110,2621,AM,OC
17247,446251,SC,177.000,26111,2025,CS,SC
17248,261443,BC,177.000,26112,3465,EE,OC
17249,330067,MBC,177.000,26114,1304,AD,MBC
17250,352871,BC,177.000,26115,2377,DA,OC
17251,381634,MBC,177.000,26117,2702,EC,MBC
17252,300006,BC,177.000,26118,1211,IT,BC
17253,230310,BCM,177.000,26119,1211,RM,BCM
17254,261680,MBC,177.000,26122,2710,AD,MBC
17255,258374,BC,177.000,26123,1432,CB,OC
17256,323667,MBC,177.000,26125,2739,AD,MBC
17257,239928,BC,177.000,26126,1113,EC,BC
17258,295839,MBC,177.000,26127,1211,CB,MBC
17259,371879,BC,177.000,26128,4020,EC,OC
17260,428646,MBC,177.000,26129,2764,EV,MBC
17261,263030,BC,177.000,26130,2718,CS,BC
17262,405734,BC,177.000,26131,2702,AD,OC
17263,388509,BCM,177.000,26132,2702,EC,BCM
17264,228198,BC,177.000,26134,1211,AL,BC
17265,274497,BC,177.000,26135,1216,AL,OC
17266,221546,BC,177.000,26137,2702,BT,OC
17267,281533,BCM,177.000,26138,4974,ME,OC
17268,264355,BC,177.000,26139,1317,CS,BC
17269,235393,BC,177.000,26141,2709,EE,OC
17270,362520,BC,177.000,26142,4957,EC,OC
17271,308971,MBC,177.000,26146,4974,EC,MBC
17272,424908,MBC,177.000,26147,1014,CA,OC
17273,374997,BC,177.000,26150,2718,AD,BC
17274,395137,BCM,177.000,26155,5901,CE,BCM
17275,355132,BC,177.000,26156,1113,EC,BC
17276,479997,BC,177.000,26160,1216,AL,OC
17277,313984,MBC,177.000,26161,2006,MS,MBC
17278,281882,BC,177.000,26162,1113,EC,BC
17279,350523,BC,177.000,26165,1216,EC,BC
17280,289992,OC,177.000,26166,1013,AM,OC
17281,457959,BC,177.000,26167,4994,AD,OC
17282,232891,BC,177.000,26168,1113,CA,OC
17283,341032,BC,177.000,26171,3819,EE,OC
17284,248278,BC,177.000,26174,3011,AM,BC
17285,339610,BCM,177.000,26175,3830,CS,OC
17286,288029,MBC,177.000,26176,1304,EE,OC
17287,237678,SC,177.000,26177,5008,EM,SC
17288,431037,BC,177.000,26180,1304,IT,OC
17289,280708,MBC,177.000,26183,2622,AD,OC
17290,346108,BC,177.000,26184,4960,EC,OC
17291,393245,BC,177.000,26185,4955,CS,OC
17292,235950,MBC,177.000,26186,2007,MF,MBC
17293,242568,BC,177.000,26188,2702,IT,OC
17294,347730,BC,177.000,26189,2,LE,OC
17295,397374,BC,177.000,26191,2750,EC,BC
17296,219824,SC,177.000,26192,1113,CS,SC
17297,331014,BC,177.000,26196,1419,AD,OC
17298,238144,OC,177.000,26197,2618,CS,OC
17299,425390,SC,177.000,26198,3011,BT,OC
17300,397367,BC,177.000,26199,2750,CS,BC
17301,286514,MBC,177.000,26200,2711,MZ,OC
17302,217284,BC,177.000,26201,4917,CS,OC
17303,298155,MBC,177.000,26202,2718,EC,MBC
17304,200861,MBC,177.000,26205,2706,AM,OC
17305,436210,SC,177.000,26207,1399,AD,SC
17306,339626,BC,177.000,26208,1432,EC,BC
17307,270762,MBC,177.000,26209,5901,CE,MBC
17308,327956,BC,177.000,26214,2764,IT,BC
17309,211156,MBC,177.000,26215,2618,CS,OC
17310,388936,OC,177.000,26216,1113,IT,OC
17311,365959,BC,177.000,26217,1216,AD,BC
17312,421694,BC,177.000,26218,2603,EC,BC
17313,237266,MBC,177.000,26220,1304,AD,MBC
17314,351389,BC,177.000,26222,2718,CS,BC
17315,421142,MBC,177.000,26223,2006,MT,MBC
17316,365769,OC,177.000,26224,3464,EC,OC
17317,386658,MBC,177.000,26225,2025,CS,MBC
17318,341283,BCM,177.000,26226,4974,ME,OC
17319,455659,BC,177.000,26228,2702,IT,OC
17320,420495,MBC,177.000,26229,1211,EC,MBC
17321,422644,BC,177.000,26230,2711,CS,BC
17322,332473,BC,177.000,26232,1211,IT,BC
17323,212571,BC,177.000,26233,5986,CS,BC
17324,394321,OC,177.000,26234,1111,EC,OC
17325,433105,BC,177.000,26235,1419,CS,OC
17326,440409,MBC,177.000,26236,1304,AM,MBC
17327,291538,MBC,177.000,26237,5901,EE,MBC
17328,209468,BC,177.000,26239,1,PT,BC
17329,313980,BC,177.000,26240,5901,ME,OC
17330,377269,BC,177.000,26241,2751,SC,OC
17331,442883,BC,177.000,26242,1432,AD,BC
17332,238494,BC,177.000,26243,4960,EC,OC
17333,287824,BC,177.000,26244,2006,TX,BC
17334,452780,OC,177.000,26245,1113,IT,OC
17335,212517,MBC,177.000,26247,1211,EC,MBC
17336,432643,MBC,177.000,26248,2709,EE,OC
17337,450003,MBC,177.000,26250,1219,IT,MBC
17338,418664,BC,177.000,26251,2710,EC,BC
17339,338749,BC,177.000,26252,1216,EC,BC
17340,216660,BC,177.000,26254,4962,EC,OC
17341,411487,BC,177.000,26259,2719,EC,OC
17342,227676,BC,177.000,26260,1309,EC,OC
17343,453120,BC,177.000,26261,1432,ME,BC
17344,403730,MBC,177.000,26262,2618,CS,OC
17345,309581,BC,177.000,26266,2005,CE,BC
17346,433580,MBC,177.000,26267,2726,AL,OC
17347,414401,BC,177.000,26268,5010,CS,OC
17348,465710,BC,177.000,26271,2764,EV,BC
17349,291883,MBC,177.000,26273,2712,CE,MBC
17350,331887,MBC,177.000,26274,1304,CS,MBC
17351,280243,MBC,177.000,26275,1113,EC,MBC
17352,478245,MBC,177.000,26276,1304,IT,OC
17353,215698,OC,177.000,26277,1419,EC,OC
17354,406483,BCM,177.000,26278,2620,AD,OC
17355,316724,BCM,177.000,26279,2709,CS,BCM
17356,466825,BC,177.000,26280,2329,AM,OC
17357,425400,MBC,177.000,26281,1219,AD,MBC
17358,383082,BC,177.000,26283,2712,MZ,BC
17359,367158,MBC,177.000,26285,3819,AM,OC
17360,323950,BC,177.000,26288,2711,EC,BC
17361,405374,SCA,177.000,26289,2712,CS,SCA
17362,369460,MBC,177.000,26291,1113,EC,MBC
17363,287568,BC,177.000,26293,4974,EE,BC
17364,368930,BC,177.000,26294,2719,EC,OC
17365,259453,MBC,177.000,26295,1211,CD,OC
17366,219251,SC,177.000,26296,4,RP,SC
17367,260517,BC,177.000,26298,2710,AD,BC
17368,378512,BC,177.000,26299,1304,EE,OC
17369,393194,BC,177.000,26300,1211,CH,OC
17370,489566,BC,177.000,26301,2717,CS,OC
17371,367529,MBC,177.000,26302,2710,AD,MBC
17372,367940,BC,177.000,26303,2718,AD,BC
17373,283048,MBC,177.000,26304,1211,CS,MBC
17374,376101,MBC,177.000,26305,1219,EC,MBC
17375,368083,MBC,177.000,26306,1120,CS,OC
17376,478130,ST,177.000,26308,4,EI,ST
17377,260041,MBC,177.000,26309,1317,CH,OC
17378,250305,MBC,177.000,26310,1113,CS,MBC
17379,272323,BC,177.000,26314,2719,CS,BC
17380,371534,BC,177.000,26319,1304,IT,OC
17381,304400,MBC,177.000,26320,2702,EC,MBC
17382,257523,BC,177.000,26321,1450,ME,OC
17383,206268,BC,177.000,26322,2718,CS,BC
17384,217453,BCM,177.000,26323,1419,CS,OC
17385,483128,OC,177.000,26324,2776,AM,OC
17386,278184,BC,177.000,26326,2750,AM,BC
17387,406196,BC,177.000,26327,2702,IT,OC
17388,258177,SC,177.000,26328,1113,CA,OC
17389,305338,BCM,177.000,26329,3908,IT,OC
17390,441773,MBC,177.000,26331,1216,CS,MBC
17391,446216,MBC,177.000,26332,2718,EC,MBC
17392,212766,BC,177.000,26334,1118,SC,OC
17393,241807,BC,177.000,26335,5008,CN,BC
17394,445374,MBC,177.000,26336,2718,IT,MBC
17395,354002,MBC,177.000,26338,2764,AD,MBC
17396,307424,BC,177.000,26339,1309,CS,OC
17397,207634,BC,177.000,26341,2603,EE,OC
17398,379212,BCM,177.000,26342,2718,IT,BCM
17399,206024,BC,177.000,26344,2006,PN,BC
17400,305292,SC,177.000,26345,2,FS,SC
17401,207158,MBC,177.000,26346,2718,AD,MBC
17402,355546,BC,177.000,26348,2718,CS,BC
17403,240305,BC,177.000,26349,1122,AD,OC
17404,361174,BC,177.000,26350,1219,ME,OC
17405,348000,MBC,177.000,26351,2718,AD,MBC
17406,351428,BC,177.000,26354,1219,EE,OC
17407,292667,MBC,177.000,26356,2718,IT,MBC
17408,469982,BC,177.000,26358,1216,CS,BC
17409,484838,BCM,177.000,26359,1111,CS,BCM
17410,409742,BC,177.000,26360,2706,CS,BC
17411,339902,SC,177.000,26363,1399,IT,SC
17412,397480,BCM,177.000,26363A,2006,FY,OC
17413,427532,OC,177.000,26365,1304,IT,OC
17414,256658,BC,177.000,26366,1211,AD,BC
17415,381046,BC,177.000,26368,1419,EI,OC
17416,360090,SC,177.000,26370,5008,IM,SC
17417,281333,MBC,177.000,26371,1211,CS,MBC
17418,433670,SC,177.000,26372,1399,IT,SC
17419,242659,BC,177.000,26374,1219,EC,BC
17420,203104,BC,177.000,26375,1211,EE,BC
17421,313218,MBC,177.000,26376,2710,CS,MBC
17422,309863,BCM,177.000,26381,1304,CS,BCM
17423,480349,SC,177.000,26382,2749,AM,OC
17424,360951,BC,177.000,26384,2702,IT,OC
17425,252758,SC,177.000,26386,1399,IT,SC
17426,316548,BC,177.000,26391,2702,AD,OC
17427,250901,BC,177.000,26392,1419,EE,OC
17428,273718,BC,177.000,26393,2712,ME,BC
17429,306354,SC,177.000,26395,1399,AD,SC
17430,338671,MBC,177.000,26397,1219,IT,MBC
17431,234380,BC,177.000,26399,1211,AL,BC
17432,331787,BC,177.000,26403,1419,EC,OC
17433,378776,BC,177.000,26404,2702,AD,OC
17434,433322,MBC,177.000,26405,2712,CE,MBC
17435,286887,BC,177.000,26406,2750,EC,BC
17436,253493,BC,177.000,26409,2608,EC,OC
17437,386645,BC,177.000,26411,2718,AD,BC
17438,370972,BC,177.000,26412,1317,EC,OC
17439,312783,BC,177.000,26414,1210,CS,OC
17440,421550,BC,177.000,26415,1432,CB,OC
17441,305112,BC,177.000,26416,5010,AM,OC
17442,304048,SC,177.000,26418,5008,EM,SC
17443,318880,BCM,177.000,26420,4974,EE,BCM
17444,294824,MBC,177.000,26421,1317,CS,MBC
17445,325354,BC,177.000,26422,2621,CS,OC
17446,276909,MBC,177.000,26425,2708,EC,OC
17447,384459,MBC,177.000,26426,2712,EE,MBC
17448,378901,BC,177.000,26428,2750,CS,BC
17449,271350,BC,177.000,26429,2706,EC,OC
17450,323301,SC,177.000,26430,2,PM,SC
17451,223942,BC,177.000,26431,2718,CS,BC
17452,213623,BC,177.000,26432,5986,EC,OC
17453,355797,BC,177.000,26435,2377,DA,OC
17454,349333,SC,177.000,26437,1211,CS,SC
17455,362855,BC,177.000,26438,2005,CE,BC
17456,416617,MBC,177.000,26439,2702,EC,MBC
17457,382619,MBC,177.000,26440,2607,AD,OC
17458,427144,BC,177.000,26444,2343,HT,OC
17459,318780,BC,177.000,26445,2706,EC,OC
17460,301112,BC,177.000,26446,2603,EE,OC
17461,325809,BC,177.000,26447,2718,MZ,OC
17462,216472,BC,177.000,26449,3908,AD,OC
17463,387144,MBC,177.000,26450,2739,AD,MBC
17464,205501,BC,177.000,26451,1216,EC,BC
17465,288469,MBC,177.000,26452,1113,EC,MBC
17466,357967,BC,177.000,26455,1317,AD,OC
17467,433581,BC,177.000,26456,1216,AL,OC
17468,235604,BC,177.000,26457,2702,EC,BC
17469,324397,BC,177.000,26459,4971,CS,OC
17470,341378,MBC,177.000,26460,5901,EE,MBC
17471,228952,OC,177.000,26461,2727,BT,OC
17472,358231,MBC,177.000,26462,2702,EC,MBC
17473,361798,BC,177.000,26463,2711,EI,OC
17474,275201,BC,177.000,26464,2706,EC,OC
17475,342670,MBC,177.000,26468,2718,CB,MBC
17476,393178,BC,177.000,26469,2711,CS,BC
17477,332206,MBC,177.000,26471,1450,CS,MBC
17478,380927,MBC,177.000,26473,5901,CE,MBC
17479,301800,MBC,177.000,26474,2615,ME,MBC
17480,201362,BC,177.000,26475,2719,EC,OC
17481,415161,BC,177.000,26476,5986,ME,OC
17482,260522,OC,177.000,26478,2711,AD,OC
17483,360130,BC,177.000,26479,5986,CS,BC
17484,311905,BC,177.000,26481,1113,CA,OC
17485,417801,BC,177.000,26482,3011,BT,OC
17486,275567,MBC,177.000,26483,1450,AD,MBC
17487,401022,BC,177.000,26485,2711,IT,OC
17488,324774,MBC,177.000,26486,2718,CS,MBC
17489,382547,SC,177.000,26487,1399,AD,SC
17490,376115,BC,177.000,26491,2718,CS,BC
17491,470381,BC,177.000,26492,1317,CS,BC
17492,374404,BC,177.000,26494,4962,AD,OC
17493,410574,BC,177.000,26495,3806,EC,OC
17494,476862,OC,177.000,26497,1317,AM,OC
17495,339697,BC,177.000,26498,3011,CS,BC
17496,484576,SC,177.000,26499,1399,IT,SC
17497,315272,BC,177.000,26500,2718,CS,BC
17498,373153,BC,177.000,26504,2710,AD,BC
17499,308442,MBC,177.000,26505,4974,EE,MBC
17500,258313,BC,177.000,26506,3804,IT,OC
17501,451598,OC,177.000,26507,1424,CS,OC
17502,291374,BC,177.000,26508,2764,BM,OC
17503,417309,MBC,177.000,26509,2702,EC,MBC
17504,316407,BC,177.000,26511,2764,CB,BC
17505,287016,OC,177.000,26513,1113,IT,OC
17506,501421,BC,177.000,26516,2006,AS,BC
17507,285042,BC,177.000,26517,1211,IT,BC
17508,297239,MBC,177.000,26518,2710,EC,MBC
17509,265206,BC,177.000,26521,4962,EC,OC
17510,284469,SC,177.000,26522,2712,CS,SC
17511,320923,MBC,177.000,26524,1304,CS,MBC
17512,442643,BC,177.000,26525,2710,IT,OC
17513,225966,BC,177.000,26526,2702,IT,OC
17514,468986,BC,177.000,26527,2718,CS,BC
17515,275446,MBC,177.000,26528,4676,AD,OC
17516,324706,BC,177.000,26529,2702,AD,OC
17517,222086,MBC,177.000,26533,1216,AD,MBC
17518,376946,BC,177.000,26536,1216,AD,BC
17519,234598,MBC,177.000,26537,2764,IT,MBC
17520,249946,BC,177.000,26538,2710,EC,BC
17521,364287,BC,177.000,26540,1111,EC,OC
17522,318151,MBC,177.000,26542,1450,CS,MBC
17523,436661,BC,177.000,26543,1216,EC,BC
17524,275848,MBC,177.000,26544,5986,EC,OC
17525,380655,SC,177.000,26545,2712,CS,SC
17526,380249,BC,177.000,26547,1013,EC,OC
17527,440283,BC,177.000,26548,1432,EC,BC
17528,351352,BC,177.000,26550,1219,EE,OC
17529,466098,BC,177.000,26553,2329,AM,OC
17530,424586,BC,177.000,26555,2702,IT,OC
17531,397421,BC,177.000,26556,1317,CS,BC
17532,389667,OC,177.000,26559,1216,AL,OC
17533,379540,BC,177.000,26561,2711,EE,OC
17534,336649,MBC,177.000,26562,2005,IB,MBC
17535,343820,SC,177.000,26563,1399,AM,SC
17536,284809,BC,177.000,26566,2706,EC,OC
17537,330488,SC,177.000,26567,2005,CE,SC
17538,258928,SC,177.000,26568,5008,IM,SC
17539,243270,MBC,177.000,26569,1432,ME,MBC
17540,241854,MBC,177.000,26572,2718,IT,MBC
17541,309661,BC,177.000,26574,1304,BT,OC
17542,206061,MBC,177.000,26576,2603,SC,OC
17543,204091,BC,177.000,26578,2718,AD,BC
17544,330133,BCM,177.000,26579,1419,CS,OC
17545,423804,BC,177.000,26580,1126,EC,OC
17546,267597,BC,177.000,26584,1216,EC,BC
17547,491724,OC,177.000,26585,1126,AD,OC
17548,465246,BCM,177.000,26588,2702,AD,OC
17549,434625,BC,177.000,26589,2702,IT,OC
17550,272447,BC,177.000,26590,2710,ME,OC
17551,202085,BC,177.000,26591,3011,CS,BC
17552,225402,BC,177.000,26592,2718,CS,BC
17553,237835,SC,177.000,26593,2712,CS,SC
17554,277153,BC,177.000,26594,1419,AD,OC
17555,323022,MBC,177.000,26595,2718,AD,MBC
17556,327413,SC,177.000,26602,1432,EC,SC
17557,429394,BC,177.000,26604,2727,AD,OC
17558,400292,BC,177.000,26605,2719,CS,BC
17559,316794,SC,177.000,26606,1211,CS,SC
17560,430909,BC,177.000,26607,1432,CB,OC
17561,407971,BC,177.000,26611,1419,CS,OC
17562,309184,BC,177.000,26612,3830,AM,OC
17563,349316,BC,177.000,26614,4974,EI,OC
17564,295298,SC,177.000,26615,1399,CS,SC
17565,365330,BC,177.000,26616,5921,AD,OC
17566,446845,MBC,177.000,26617,2708,AL,OC
17567,289255,MBC,177.000,26618,2719,EC,OC
17568,237943,BC,177.000,26620,1432,EC,BC
17569,242184,MBC,177.000,26623,2764,IT,MBC
17570,265170,BC,177.000,26624,1317,CS,BC
17571,369001,BC,177.000,26626,2711,AD,OC
17572,382061,BC,177.000,26628,5901,EE,BC
17573,377593,BC,177.000,26629,5986,EC,OC
17574,454168,BC,177.000,26631,2710,CE,OC
17575,382209,MBC,177.000,26632,1211,EC,MBC
17576,261256,BC,177.000,26634,2615,CE,OC
17577,398488,BC,177.000,26635,1419,CS,OC
17578,434426,BCM,177.000,26636,3011,CS,BCM
17579,268848,SCA,177.000,26638,1,ME,SCA
17580,419374,BC,177.000,26641,5008,CN,BC
17581,384378,MBC,177.000,26646,2603,SC,OC
17582,408234,MBC,177.000,26649,1211,CD,OC
17583,258540,MBC,177.000,26650,2764,EC,MBC
17584,259093,BC,177.000,26651,4974,CE,OC
17585,465220,BCM,177.000,26653,3852,EC,OC
17586,338280,BC,177.000,26654,1211,IT,BC
17587,464366,OC,177.000,26656,1432,CB,OC
17588,345078,BC,177.000,26657,2702,CS,BC
17589,354956,BCM,177.000,26659,3805,AD,OC
17590,412951,MBC,177.000,26661,1216,SC,MBC
17591,269634,BC,177.000,26664,3831,IT,OC
17592,267993,BC,177.000,26665,1216,AL,OC
17593,213444,BC,177.000,26668,5910,EC,OC
17594,328351,MBC,177.000,26669,2702,CS,MBC
17595,357906,SC,177.000,26670,4974,CS,SC
17596,280024,BCM,177.000,26671,1432,CO,BCM
17597,396685,BC,177.000,26673,2710,IT,OC
17598,314355,MBC,177.000,26674,2710,EC,MBC
17599,386023,MBC,177.000,26676,1317,CS,MBC
17600,209281,BC,177.000,26677,2718,ME,OC
17601,378768,BC,177.000,26678,1,PT,BC
17602,383493,BC,177.000,26679,1317,CS,BC
17603,216236,MBC,177.000,26680,2764,EC,MBC
17604,356247,BCM,177.000,26683,2709,EC,BCM
17605,295100,MBC,177.000,26687,1113,EC,MBC
17606,394357,SC,177.000,26689,5901,CE,SC
17607,465276,BC,177.000,26692,4962,EC,BC
17608,223637,BC,177.000,26695,1211,IT,BC
17609,376210,SC,177.000,26696,1120,AD,OC
17610,442364,BC,177.000,26697,1211,IT,BC
17611,408474,MBC,177.000,26698,2702,CS,MBC
17612,243344,BC,177.000,26700,1304,CS,BC
17613,402105,BC,177.000,26701,2709,EE,OC
17614,437457,BC,177.000,26704,2718,CS,BC
17615,348179,BC,177.000,26705,1216,AL,OC
17616,404270,BC,177.000,26706,2357,CS,OC
17617,278817,MBC,177.000,26707,1309,AD,OC
17618,404196,OC,177.000,26709,1419,EC,OC
17619,421792,MBC,177.000,26711,2708,CS,OC
17620,326442,MBC,177.000,26712,2702,CS,MBC
17621,463746,OC,177.000,26714,1216,IT,OC
17622,392444,BC,177.000,26716,1419,CS,OC
17623,297197,MBC,177.000,26717,2,PP,MBC
17624,369117,MBC,177.000,26719,2764,ME,OC
17625,394915,OC,177.000,26720,5986,EC,OC
17626,468425,BC,177.000,26723,2764,MZ,BC
17627,374637,BC,177.000,26724,1211,SC,BC
17628,468510,MBC,177.000,26725,2329,BT,OC
17629,356365,BC,177.000,26727,1216,IT,OC
17630,326508,BC,177.000,26729,2706,IT,OC
17631,206290,SC,177.000,26730,2712,CS,SC
17632,357180,BC,177.000,26731,5910,CS,OC
17633,395142,MBC,177.000,26738,1216,EC,MBC
17634,334691,BCM,177.000,26739,1317,CS,BCM
17635,330281,BC,177.000,26741,2025,EE,BC
17636,222884,BC,177.000,26744,1216,AL,BC
17637,433357,BCM,177.000,26745,2745,ME,OC
17638,361749,BC,177.000,26748,1317,CS,BC
17639,318663,OC,177.000,26749,1419,EC,OC
17640,343705,MBC,177.000,26750,2750,BT,OC
17641,350497,BC,177.000,26753,1419,CS,OC
17642,394928,BC,177.000,26754,1211,SC,BC
17643,410129,BC,177.000,26756,2718,CS,BC
17644,279393,BC,177.000,26757,1304,AM,BC
17645,491871,OC,177.000,26758,1126,AD,OC
17646,363880,BC,177.000,26762,1216,AL,BC
17647,387584,MBC,177.000,26766,5901,ME,OC
17648,388335,BC,177.000,26767,1304,CS,BC
17649,473772,MBC,177.000,26769,2776,AM,OC
17650,411103,BC,177.000,26770,1211,IT,BC
17651,491782,OC,177.000,26771,1126,EC,OC
17652,348994,BC,177.000,26773,1414,EC,OC
17653,346901,BC,177.000,26774,2750,AM,BC
17654,379826,SC,177.000,26775,1399,IT,SC
17655,364711,MBC,177.000,26778,2718,IT,MBC
17656,387504,BC,177.000,26780,1419,CS,OC
17657,291129,BCM,177.000,26783,2710,CS,BCM
17658,340389,MBC,177.000,26786,1216,EC,MBC
17659,404605,MBC,177.000,26787,1211,EC,MBC
17660,372919,BC,177.000,26788,1304,IT,OC
17661,401046,BC,177.000,26789,1111,IT,OC
17662,462393,MBC,177.000,26790,1026,EC,OC
17663,452612,MBC,177.000,26791,2718,CS,MBC
17664,254655,OC,176.890,26794,1516,EC,OC
17665,210669,MBC,176.667,26795,1,PT,MBC
17666,367749,BC,176.667,26796,2718,MZ,OC
17667,411382,MBC,176.500,26799,3843,EC,OC
17668,446469,MBC,176.500,26800,2718,AD,MBC
17669,293444,MBC,176.500,26802,5901,CE,MBC
17670,397809,MBC,176.500,26803,1216,AD,MBC
17671,341977,BC,176.500,26804,1304,SC,BC
17672,243792,BC,176.500,26805,3825,CS,OC
17673,214042,MBC,176.500,26806,1412,AD,OC
17674,395335,MBC,176.500,26808,2025,AD,MBC
17675,448407,MBC,176.500,26809,2750,CS,MBC
17676,267137,OC,176.500,26811,1211,ME,OC
17677,417028,BC,176.500,26812,2719,CS,BC
17678,340702,BC,176.500,26814,4962,CS,BC
17679,273155,BC,176.500,26815,2718,CS,BC
17680,389118,MBC,176.500,26817,2718,AD,MBC
17681,206691,MBC,176.500,26818,1219,IT,MBC
17682,295618,MBC,176.500,26820,2764,CS,MBC
17683,369302,MBC,176.500,26822,2702,CS,MBC
17684,305838,BC,176.500,26824,2711,CS,BC
17685,217514,BC,176.500,26825,1304,EC,BC
17686,211380,BC,176.500,26826,5986,CS,BC
17687,453491,BC,176.500,26828,2710,EC,BC
17688,469779,BCM,176.500,26829,2006,PN,BCM
17689,290913,BCM,176.500,26830,2718,EC,BCM
17690,226135,BC,176.500,26835,4962,EC,BC
17691,350630,MBC,176.500,26836,5901,CE,MBC
17692,297700,BC,176.500,26838,1128,CS,OC
17693,205575,MBC,176.500,26839,3830,AD,OC
17694,267043,BC,176.500,26840,2025,ME,OC
17695,319937,BC,176.500,26841,1211,AD,BC
17696,212532,BC,176.500,26842,1317,AM,OC
17697,304795,SC,176.500,26843,4670,AD,OC
17698,208773,SC,176.500,26844,1211,CS,SC
17699,452107,BC,176.500,26846,1317,CS,BC
17700,372761,OC,176.500,26847,1419,EC,OC
17701,209807,BCM,176.500,26848,1219,CS,BCM
17702,328601,OC,176.500,26849,2750,AD,OC
17703,216178,BC,176.500,26850,2329,BT,OC
17704,254019,BC,176.500,26853,1432,CB,OC
17705,264339,BC,176.500,26854,3011,IT,OC
17706,432626,BC,176.500,26855,2723,EC,OC
17707,282713,OC,176.500,26856,1113,CA,OC
17708,255249,OC,176.500,26857,3465,EC,OC
17709,472606,BC,176.500,26858,2006,MY,BC
17710,328968,BC,176.500,26859,2764,IT,BC
17711,307711,BC,176.500,26860,2718,CS,BC
17712,215193,BC,176.500,26862,3812,EC,OC
17713,310534,BC,176.500,26863,2702,IT,OC
17714,340506,BC,176.500,26864,2702,AD,OC
17715,211718,BC,176.500,26865,1219,EC,BC
17716,316431,BC,176.500,26866,2702,IT,OC
17717,384153,SC,176.500,26867,1216,EC,SC
17718,422926,BC,176.500,26868,1211,AD,BC
17719,435002,BC,176.500,26869,2702,AD,OC
17720,318407,BC,176.500,26870,5910,EC,OC
17721,314751,MBC,176.500,26873,1516,EC,OC
17722,483581,BC,176.500,26874,5008,CN,BC
17723,420871,MBC,176.500,26875,2615,ME,MBC
17724,431871,BC,176.500,26876,2702,CS,BC
17725,213708,BC,176.500,26877,2706,CS,BC
17726,469813,MBC,176.500,26878,1120,EE,OC
17727,301913,BC,176.500,26880,1432,CB,OC
17728,237326,BC,176.500,26881,2615,ME,BC
17729,350876,MBC,176.500,26882,1321,MN,OC
17730,219187,BC,176.500,26883,2711,EC,BC
17731,238769,MBC,176.500,26884,1211,EC,MBC
17732,301995,MBC,176.500,26885,1211,BT,MBC
17733,431464,MBC,176.500,26886,2718,AD,MBC
17734,280533,MBC,176.500,26887,2750,SC,MBC
17735,331150,SCA,176.500,26889,4,EI,SCA
17736,317988,BC,176.500,26892,2718,CS,BC
17737,452778,MBC,176.500,26893,2718,SC,MBC
17738,476698,MBC,176.500,26895,4962,CS,MBC
17739,440178,SC,176.500,26896,2603,SC,OC
17740,203229,BC,176.500,26898,2706,CS,BC
17741,239310,MBC,176.500,26900,1516,EC,OC
17742,227316,BC,176.500,26902,1304,CS,BC
17743,439732,BC,176.500,26905,2719,CS,BC
17744,361232,BC,176.500,26906,1211,AD,BC
17745,457610,BC,176.500,26907,2610,EC,OC
17746,446881,BC,176.500,26908,2615,CE,OC
17747,269355,MBC,176.500,26910,1317,EC,OC
17748,217485,BC,176.500,26912,2615,CE,OC
17749,261818,BC,176.500,26913,2718,CJ,BC
17750,302297,MBC,176.500,26914,2750,CS,MBC
17751,303752,MBC,176.500,26915,2718,IT,MBC
17752,303803,MBC,176.500,26916,3011,CF,OC
17753,206683,BC,176.500,26922,1211,ME,OC
17754,233778,MBC,176.500,26925,2718,AD,MBC
17755,292704,BC,176.500,26927,2719,EC,OC
17756,281203,BC,176.500,26928,4960,EC,OC
17757,406149,MBC,176.500,26929,1211,AD,MBC
17758,313308,BC,176.500,26930,2,PM,BC
17759,364724,BC,176.500,26931,1113,CS,BC
17760,262215,BCM,176.500,26932,2718,SC,BCM
17761,243010,BC,176.500,26933,2764,ME,OC
17762,299394,MBC,176.500,26934,2702,CS,MBC
17763,220608,BC,176.500,26935,2764,EV,BC
17764,302855,BC,176.500,26937,1317,EC,OC
17765,223982,BC,176.500,26938,1211,AD,BC
17766,273876,MBC,176.500,26939,2711,EE,OC
17767,262071,MBC,176.500,26941,2718,IT,MBC
17768,236837,MBC,176.500,26943,2702,EC,MBC
17769,354323,BC,176.500,26944,2711,IT,OC
17770,229398,MBC,176.500,26945,5008,MF,MBC
17771,208000,BC,176.500,26946,2718,MZ,OC
17772,237955,MBC,176.500,26947,2764,IT,MBC
17773,204585,MBC,176.500,26948,1216,EC,MBC
17774,289383,BCM,176.500,26949,1211,EC,BCM
17775,370051,BC,176.500,26950,2749,SC,OC
17776,494964,MBC,176.500,26951,2329,CS,OC
17777,281244,MBC,176.500,26956,1432,EV,OC
17778,209795,MBC,176.500,26957,1113,CS,MBC
17779,207673,BC,176.500,26958,5910,EC,OC
17780,386039,BC,176.500,26960,2750,AM,BC
17781,250845,BC,176.500,26961,2718,EE,OC
17782,393485,OC,176.500,26962,2711,AD,OC
17783,386383,BC,176.500,26965,4928,CS,OC
17784,214625,OC,176.500,26966,1114,CS,OC
17785,214914,MBC,176.500,26968,3843,IT,OC
17786,292822,BC,176.500,26971,2708,AL,OC
17787,266478,MBC,176.500,26972,1211,AL,MBC
17788,412795,BC,176.500,26973,1304,IT,OC
17789,201353,BC,176.500,26974,3819,EC,OC
17790,264420,MBC,176.500,26977,5901,CE,MBC
17791,301139,BC,176.500,26979,5910,EC,OC
17792,362801,BC,176.500,26980,2702,EI,OC
17793,278648,BC,176.500,26981,1211,SC,BC
17794,270892,BC,176.500,26984,4962,CS,BC
17795,221670,OC,176.500,26985,1304,IT,OC
17796,348108,BC,176.500,26987,1419,SC,OC
17797,268559,SC,176.500,26988,2712,AD,SC
17798,231255,BC,176.500,26991,1111,CS,BC
17799,378294,BC,176.500,26992,2729,AE,OC
17800,358413,SC,176.500,26994,2710,CS,SC
17801,244032,BCM,176.500,26995,4974,ME,OC
17802,395899,BC,176.500,26996,2,TX,OC
17803,401752,BC,176.500,26998,2764,IT,BC
17804,384516,OC,176.500,26999,1304,IT,OC
17805,410664,BC,176.500,27000,2751,RM,OC
17806,257237,BC,176.500,27002,2610,AD,OC
17807,374313,SC,176.500,27003,1399,CS,SC
17808,357215,SC,176.500,27005,5901,EC,SC
17809,409605,BC,176.500,27006,5910,EV,OC
17810,459460,MBC,176.500,27007,2764,ME,OC
17811,304687,BC,176.500,27008,2711,EC,BC
17812,282389,OC,176.500,27009,2673,SC,OC
17813,415131,MBC,176.500,27010,2764,AD,MBC
17814,236627,BC,176.500,27011,2716,CS,OC
17815,366234,BC,176.500,27012,2750,CS,BC
17816,311591,BCM,176.500,27013,2739,CS,BCM
17817,436135,SC,176.500,27014,2006,MF,SC
17818,346600,BC,176.500,27015,1419,CS,OC
17819,443352,MBC,176.500,27017,2329,CS,OC
17820,257831,BC,176.500,27019,1311,IT,OC
17821,382666,BC,176.500,27021,2711,CS,BC
17822,271200,MBC,176.500,27022,1304,IT,OC
17823,237239,SC,176.500,27024,2005,ME,SC
17824,314395,BC,176.500,27025,1408,CS,OC
17825,374236,MBC,176.500,27026,1304,EC,MBC
17826,212640,BC,176.500,27028,1120,AD,OC
17827,218819,BC,176.500,27029,1219,CE,OC
17828,422596,BC,176.500,27030,5986,CS,BC
17829,414509,BC,176.500,27031,2719,EC,OC
17830,243672,BC,176.500,27032,2764,CB,BC
17831,270911,BC,176.500,27033,4962,EC,BC
17832,495090,MBC,176.500,27034,2702,CS,MBC
17833,440004,BC,176.500,27035,2622,EC,OC
17834,269394,BC,176.500,27038,2603,SC,OC
17835,350839,SC,176.500,27039,2712,EC,SC
17836,318902,BC,176.500,27040,4020,EC,OC
17837,270980,MBC,176.500,27041,4680,AD,OC
17838,317719,BC,176.500,27042,3465,EC,OC
17839,364767,BC,176.500,27043,1113,EC,BC
17840,379835,MBC,176.500,27046,1113,EC,MBC
17841,250087,BC,176.500,27047,2719,EC,BC
17842,206804,SCA,176.500,27048,2006,EE,SCA
17843,248994,BC,176.500,27049,1317,EC,OC
17844,300140,BC,176.500,27050,2,TX,OC
17845,312385,BCM,176.500,27051,4944,CS,OC
17846,277610,BC,176.500,27053,2706,EC,OC
17847,317545,BC,176.500,27054,1211,CE,OC
17848,285380,BC,176.500,27058,1419,AM,OC
17849,360359,SC,176.500,27062,2005,CE,SC
17850,359804,MBC,176.500,27063,2712,EI,MBC
17851,456951,BC,176.500,27064,2707,AD,OC
17852,341082,BCM,176.500,27067,1304,AD,BCM
17853,320062,MBC,176.500,27068,1210,AD,OC
17854,315542,BC,176.500,27070,5008,FY,OC
17855,272805,BC,176.500,27073,1317,SC,OC
17856,384995,MBC,176.500,27074,2007,CL,MBC
17857,388920,BC,176.500,27076,2711,AD,OC
17858,319453,BCM,176.500,27077,2709,CF,BCM
17859,307182,MBC,176.500,27078,2343,HT,OC
17860,374247,MBC,176.500,27079,2673,AD,OC
17861,238899,SC,176.500,27080,2712,CS,SC
17862,221636,MBC,176.500,27083,2718,IT,MBC
17863,466864,BC,176.500,27084,2710,IT,OC
17864,403620,BC,176.500,27086,1304,AM,BC
17865,470008,OC,176.500,27087,1422,CS,OC
17866,203980,BC,176.500,27090,2764,IT,BC
17867,455372,BC,176.500,27092,2711,IT,OC
17868,440593,SCA,176.500,27093,2007,EE,SCA
17869,398054,OC,176.500,27096,2710,IT,OC
17870,244358,BCM,176.500,27097,2764,EC,BCM
17871,443997,BC,176.500,27099,1,PT,BC
17872,398362,SC,176.500,27100,5008,EL,SC
17873,261524,BC,176.500,27101,2006,MY,BC
17874,275048,MBC,176.500,27105,1211,CD,OC
17875,396236,MBC,176.500,27106,1211,EC,MBC
17876,361848,BC,176.500,27107,2719,AE,OC
17877,312834,BC,176.500,27108,4677,AD,OC
17878,464012,BCM,176.500,27109,2726,AO,OC
17879,416658,BC,176.500,27111,2615,CE,OC
17880,246691,BC,176.500,27112,2615,ME,BC
17881,262512,BC,176.500,27113,4020,EC,OC
17882,245699,SC,176.500,27114,1013,IT,OC
17883,280388,MBC,176.500,27115,1317,EC,OC
17884,427409,BC,176.500,27116,2727,CS,OC
17885,414114,BC,176.500,27117,2707,SC,OC
17886,460488,MBC,176.500,27118,2005,PR,OC
17887,379109,BC,176.500,27119,2718,MZ,OC
17888,309335,BC,176.500,27120,2711,AD,OC
17889,302126,BC,176.500,27121,2636,EC,OC
17890,229973,MBC,176.500,27123,1419,AD,OC
17891,289856,BC,176.500,27124,1304,CS,BC
17892,360175,MBC,176.500,27125,1211,IT,MBC
17893,330511,BC,176.500,27126,1211,BT,BC
17894,377638,BC,176.500,27127,2603,EC,BC
17895,305713,BC,176.500,27129,1210,CS,OC
17896,218862,BC,176.500,27133,1219,EC,BC
17897,206237,BC,176.500,27134,2369,CS,OC
17898,268338,MBC,176.500,27135,2718,SC,MBC
17899,330635,SC,176.500,27136,2005,ME,SC
17900,359740,MBC,176.500,27137,2718,IT,MBC
17901,209268,SCA,176.500,27138,2719,CS,SCA
17902,229661,OC,176.500,27139,1419,CS,OC
17903,321805,BC,176.500,27142,2718,CS,BC
17904,297928,BCM,176.500,27143,1211,AL,BCM
17905,401365,MBC,176.500,27144,2615,ME,MBC
17906,315466,BC,176.500,27146,4023,CS,OC
17907,340805,BC,176.500,27147,2719,EC,BC
17908,331546,MBC,176.500,27148,2702,CS,MBC
17909,202580,BC,176.500,27149,1317,AD,OC
17910,320424,BC,176.500,27150,5008,CN,BC
17911,242141,BC,176.500,27151,2719,AD,OC
17912,386917,BC,176.500,27152,5008,CN,BC
17913,448427,BC,176.500,27154,2723,MD,OC
17914,405702,SC,176.500,27155,1399,CS,SC
17915,316770,BC,176.500,27158,2719,AD,OC
17916,340889,MBC,176.500,27160,2709,EE,OC
17917,327612,BC,176.500,27165,1211,IT,BC
17918,331691,MBC,176.500,27166,2718,AD,MBC
17919,220539,BC,176.500,27167,2615,MT,OC
17920,226726,BC,176.500,27168,2712,CE,BC
17921,375534,BC,176.500,27169,2711,EC,BC
17922,398675,BC,176.500,27171,1113,EC,BC
17923,290152,BC,176.500,27172,2764,IT,BC
17924,280013,MBC,176.500,27173,1317,CS,MBC
17925,461824,MBC,176.500,27174,2764,EC,MBC
17926,448540,BC,176.500,27175,2718,CS,BC
17927,261474,BC,176.500,27176,2723,CS,OC
17928,262745,BC,176.500,27177,2710,IT,OC
17929,326013,BC,176.500,27178,2750,CS,BC
17930,236442,SC,176.500,27179,2006,MF,SC
17931,350291,MBC,176.500,27180,1431,EC,OC
17932,203347,BC,176.500,27181,1113,EC,BC
17933,416517,BCM,176.500,27184,2718,AD,BCM
17934,437231,BC,176.500,27185,2718,CS,BC
17935,416020,BC,176.500,27187,2718,CS,BC
17936,420044,BC,176.500,27188,4962,CS,BC
17937,377310,OC,176.500,27189,4960,CE,OC
17938,379076,BC,176.500,27190,1304,IT,OC
17939,306721,BC,176.500,27192,2624,BM,OC
17940,271413,BC,176.500,27193,5921,EC,OC
17941,335139,SC,176.500,27194,2007,ME,SC
17942,293744,BC,176.500,27198,4959,AD,OC
17943,231440,SC,176.500,27199,2005,ME,SC
17944,420686,BCM,176.500,27201,1408,CS,OC
17945,291611,BC,176.500,27202,2025,EV,OC
17946,368106,BC,176.500,27204,1113,EC,BC
17947,474320,BC,176.500,27206,2702,IT,OC
17948,385524,BC,176.500,27209,2718,CJ,BC
17949,458117,BC,176.500,27213,2710,EC,BC
17950,402702,BC,176.500,27214,4864,CS,OC
17951,352957,ST,176.500,27215,1399,CS,ST
17952,440368,BC,176.500,27216,2702,CS,BC
17953,339373,MBC,176.500,27218,2603,EC,MBC
17954,328600,MBC,176.500,27221,2712,BT,MBC
17955,324549,BC,176.500,27222,4960,CS,BC
17956,356488,MBC,176.500,27223,2603,SC,OC
17957,389063,MBC,176.500,27224,2718,EC,MBC
17958,229711,BC,176.500,27225,2764,IT,BC
17959,385519,BC,176.500,27226,1317,IT,OC
17960,216943,BC,176.500,27227,5901,EE,BC
17961,372642,MBC,176.500,27228,2750,CS,MBC
17962,286937,OC,176.500,27231,2618,EC,OC
17963,206037,BC,176.500,27233,1516,EC,OC
17964,321255,OC,176.500,27235,1419,CS,OC
17965,386566,MBC,176.500,27236,1216,CS,MBC
17966,409861,SC,176.500,27237,2712,EC,SC
17967,367034,BC,176.500,27238,1422,CY,OC
17968,486044,BC,176.500,27239,4954,EC,OC
17969,365275,MBC,176.500,27241,2702,EC,MBC
17970,215337,BC,176.500,27242,2702,EC,BC
17971,344957,BC,176.500,27243,1216,AL,BC
17972,303375,SC,176.500,27247,2712,CS,SC
17973,345480,SC,176.500,27248,2615,AM,SC
17974,383348,MBC,176.500,27249,1,PT,MBC
17975,293380,MBC,176.500,27250,2750,EC,MBC
17976,386032,MBC,176.500,27252,1317,CS,MBC
17977,408433,MBC,176.500,27253,1013,SC,OC
17978,345727,SC,176.500,27254,1211,CS,SC
17979,326362,BC,176.500,27257,1304,IT,OC
17980,273976,MBC,176.500,27259,1304,EC,MBC
17981,453790,SC,176.500,27260,2377,EE,SC
17982,245501,BC,176.500,27261,1211,SC,BC
17983,377944,MBC,176.500,27262,1113,CA,OC
17984,246452,MBC,176.500,27263,2764,IT,MBC
17985,436662,BC,176.500,27264,1211,AL,BC
17986,385012,BC,176.500,27265,2764,IT,BC
17987,304953,BC,176.500,27267,1219,CS,BC
17988,309857,BCM,176.500,27268,2712,CE,BCM
17989,347185,MBC,176.500,27270,2718,EC,MBC
17990,441751,BC,176.500,27272,2750,EC,BC
17991,246218,MBC,176.500,27273,2702,EC,MBC
17992,381265,OC,176.500,27274,1304,CD,OC
17993,424594,MBC,176.500,27275,2712,EE,MBC
17994,303530,MBC,176.500,27278,1113,CS,MBC
17995,355434,BC,176.500,27279,1317,CS,BC
17996,322901,BC,176.500,27285,2615,CE,OC
17997,217102,MBC,176.500,27289,3830,EC,OC
17998,344863,MBC,176.500,27291,2718,AD,MBC
17999,216784,BC,176.500,27293,1219,CS,BC
18000,271380,MBC,176.500,27295,3830,AM,OC
18001,300655,BC,176.500,27297,2719,IT,OC
18002,477264,BC,176.500,27299,1216,EC,BC
18003,313498,BC,176.500,27300,4962,EE,OC
18004,283943,MBC,176.500,27301,1516,EC,OC
18005,352341,MBC,176.500,27302,1211,AL,MBC
18006,308073,BC,176.500,27306,1317,EC,OC
18007,393505,MBC,176.500,27308,2603,CS,MBC
18008,457027,BC,176.500,27309,2656,CS,OC
18009,299768,MBC,176.500,27310,2025,AD,MBC
18010,295538,MBC,176.500,27311,2718,IT,MBC
18011,203077,BC,176.500,27313,1419,CS,OC
18012,432367,SC,176.500,27314,2711,CS,SC
18013,310531,BC,176.500,27315,2719,AD,BC
18014,207149,BC,176.500,27316,2702,AD,OC
18015,377888,BC,176.500,27317,1216,CS,BC
18016,422923,BC,176.500,27318,5910,CS,OC
18017,405832,BC,176.500,27319,2751,CS,OC
18018,252767,OC,176.500,27320,2750,EV,OC
18019,284606,OC,176.500,27321,1432,CB,OC
18020,349114,BC,176.500,27322,1211,AD,BC
18021,263317,BC,176.500,27323,3011,AM,BC
18022,264410,BC,176.500,27324,1113,CA,BC
18023,202783,MBC,176.500,27325,1419,SC,OC
18024,211400,MBC,176.500,27326,1211,EE,MBC
18025,250528,BC,176.500,27327,5010,CS,OC
18026,256752,MBC,176.500,27329,2702,CS,MBC
18027,495972,SCA,176.500,27330,5008,EC,SCA
18028,420508,MBC,176.500,27331,2740,EC,OC
18029,328687,BCM,176.500,27332,5986,CS,BCM
18030,221139,BC,176.500,27334,2025,EV,OC
18031,241072,BC,176.500,27339,2718,SC,BC
18032,319869,SC,176.500,27341,1113,EC,SC
18033,446100,MBC,176.500,27343,3464,EC,OC
18034,428070,MBC,176.500,27344,2750,AD,OC
18035,213384,MBC,176.500,27345,5010,EC,OC
18036,374929,BC,176.500,27348,5986,IT,OC
18037,281167,OC,176.500,27350,1211,ME,OC
18038,279425,BC,176.500,27354,2711,CS,BC
18039,386647,BC,176.500,27356,2711,IT,OC
18040,340983,BC,176.500,27357,2706,IT,OC
18041,338832,BCM,176.500,27358,3819,EC,OC
18042,222156,MBC,176.500,27359,1304,AD,MBC
18043,364657,BCM,176.500,27360,4955,CS,OC
18044,346444,BC,176.500,27361,2711,AL,OC
18045,338260,BCM,176.500,27362,3826,CS,OC
18046,335641,OC,176.500,27363,1419,CS,OC
18047,478415,OC,176.500,27364,2706,EC,OC
18048,245638,BC,176.500,27366,2764,EV,BC
18049,492515,MBC,176.500,27368,1304,AM,MBC
18050,458673,BC,176.500,27370,1304,BT,OC
18051,205901,BC,176.500,27371,1211,IT,BC
18052,342563,BC,176.500,27374,1211,IT,BC
18053,203081,BC,176.500,27375,1211,AL,BC
18054,218938,MBC,176.500,27376,1113,CS,MBC
18055,239197,BC,176.500,27378,1405,AM,OC
18056,325613,BC,176.500,27379,2656,AD,OC
18057,318707,OC,176.500,27380,2718,MZ,OC
18058,335485,OC,176.500,27381,2751,AM,OC
18059,238180,MBC,176.500,27382,2712,EE,MBC
18060,331754,BC,176.500,27384,1211,ME,BC
18061,338056,MBC,176.500,27385,2702,EC,MBC
18062,314094,SC,176.500,27387,2739,EC,SC
18063,221327,BC,176.500,27388,1317,EC,OC
18064,201821,BC,176.500,27390,1219,CS,BC
18065,335807,SC,176.500,27391,2006,CN,SC
18066,252661,MBC,176.500,27393,1432,CS,MBC
18067,246463,BC,176.500,27394,1211,AE,OC
18068,392055,MBC,176.500,27397,1317,CS,MBC
18069,480538,BC,176.500,27398,2776,AM,OC
18070,285989,BC,176.500,27399,2750,CS,BC
18071,349122,MBC,176.500,27401,2718,AD,MBC
18072,329893,BC,176.500,27402,1304,IT,OC
18073,272129,MBC,176.500,27403,2718,IT,MBC
18074,337043,MBC,176.500,27405,1317,AD,OC
18075,337245,SC,176.500,27406,2025,CS,SC
18076,293753,BC,176.500,27408,2718,AD,BC
18077,241351,OC,176.500,27409,1419,CS,OC
18078,233804,BC,176.500,27410,1317,EC,OC
18079,282485,MBC,176.500,27413,1211,EC,MBC
18080,238188,BC,176.500,27414,2718,SC,BC
18081,483496,BC,176.500,27416,2711,AD,OC
18082,406497,MBC,176.500,27417,2718,CS,MBC
18083,379215,BC,176.500,27418,1211,BT,BC
18084,257639,MBC,176.500,27419,2624,AD,OC
18085,387834,SC,176.500,27420,2712,CS,SC
18086,381214,BC,176.500,27421,2719,EC,BC
18087,201632,BC,176.500,27422,5008,CN,BC
18088,398464,MBC,176.500,27423,2369,EC,OC
18089,256391,BC,176.500,27425,3465,EC,OC
18090,455585,BC,176.500,27426,2711,AD,OC
18091,425125,BC,176.500,27428,5986,CS,BC
18092,248106,BC,176.500,27429,1113,EC,BC
18093,301061,SC,176.500,27431,1399,CS,SC
18094,429582,SC,176.500,27433,5010,EC,OC
18095,396558,OC,176.500,27434,1432,BT,OC
18096,394795,BC,176.500,27435,2764,EE,BC
18097,460639,SC,176.500,27436,1399,CS,SC
18098,490350,BC,176.500,27438,1211,BT,BC
18099,243977,BC,176.500,27439,2702,IT,OC
18100,330234,BC,176.500,27442,5910,CS,OC
18101,257045,MBC,176.500,27445,2739,CO,MBC
18102,205904,BC,176.500,27446,1211,IT,BC
18103,459516,BC,176.500,27447,1317,EC,OC
18104,238372,BC,176.500,27449,1304,EC,BC
18105,395572,MBC,176.500,27452,2750,AD,OC
18106,410610,BC,176.500,27454,1422,CS,OC
18107,348866,MBC,176.500,27455,1211,SC,MBC
18108,388433,MBC,176.500,27457,1450,IT,MBC
18109,325707,MBC,176.500,27458,1516,EC,OC
18110,378384,BC,176.500,27459,5901,EE,BC
18111,245846,BC,176.500,27460,5,CH,OC
18112,226337,MBC,176.500,27462,1219,EC,MBC
18113,417046,BC,176.500,27463,2718,CS,BC
18114,270783,BC,176.500,27465,5986,SC,OC
18115,360855,OC,176.500,27466,2329,CS,OC
18116,367122,BCM,176.500,27468,5910,CB,OC
18117,221558,BC,176.500,27470,3465,MZ,OC
18118,293684,MBC,176.500,27473,1219,CE,OC
18119,398513,MBC,176.500,27475,2718,IT,MBC
18120,403264,BC,176.500,27476,4971,SC,OC
18121,323300,BC,176.500,27478,1432,CB,OC
18122,414328,BC,176.500,27479,2750,EC,BC
18123,436044,BC,176.500,27480,1304,CB,OC
18124,478795,BC,176.500,27482,2622,AD,OC
18125,247739,BCM,176.500,27483,3819,IT,OC
18126,379610,BC,176.500,27484,5910,EC,OC
18127,441069,BC,176.500,27485,2622,AD,OC
18128,341483,BC,176.500,27486,2709,CS,BC
18129,294787,BCM,176.500,27491,2005,CE,BCM
18130,380090,BC,176.500,27494,2329,AD,OC
18131,396260,MBC,176.500,27495,2025,CS,MBC
18132,249260,SC,176.500,27497,5901,IT,SC
18133,424362,SCA,176.500,27498,2377,AD,SCA
18134,221767,SC,176.500,27500,1419,CS,OC
18135,487205,BC,176.500,27501,1431,CS,OC
18136,320594,BC,176.500,27502,1412,AD,OC
18137,437625,BC,176.500,27503,2622,EC,OC
18138,235249,BC,176.500,27505,2764,CE,OC
18139,285294,BC,176.500,27506,3807,EC,OC
18140,253080,BC,176.500,27507,1516,EC,OC
18141,233962,BC,176.500,27508,2006,TX,BC
18142,414615,BC,176.500,27509,2702,AD,OC
18143,449371,MBC,176.500,27512,2710,CS,MBC
18144,350773,MBC,176.500,27513,1304,AD,MBC
18145,473818,OC,176.500,27515A,1419,AD,OC
18146,200995,MBC,176.500,27516,1211,EC,MBC
18147,202417,BC,176.500,27518,2764,EE,BC
18148,210259,BC,176.500,27519,2618,CS,OC
18149,260932,BC,176.500,27520,5986,CS,BC
18150,261691,MBC,176.500,27521,2711,EE,OC
18151,233499,BC,176.500,27522,2711,EI,OC
18152,361032,BC,176.500,27523,1516,EC,OC
18153,480010,MBC,176.500,27524,2710,CS,MBC
18154,224053,BC,176.500,27527,4955,CS,OC
18155,478173,MBC,176.500,27528,3465,EC,OC
18156,334734,BC,176.500,27529,1111,IT,OC
18157,393737,BC,176.500,27530,4974,CE,OC
18158,459864,BC,176.500,27531,5703,AM,OC
18159,501788,BC,176.500,27533,1216,CS,BC
18160,203594,MBC,176.500,27537,2712,AE,MBC
18161,212244,BC,176.500,27538,2702,EC,BC
18162,424573,BC,176.500,27542,2719,AD,BC
18163,208974,BC,176.500,27545,2025,EE,BC
18164,219451,MBC,176.500,27546,1304,EC,MBC
18165,337175,BC,176.500,27547,3011,CF,OC
18166,444959,BC,176.500,27549,2718,ME,OC
18167,200365,BC,176.500,27550,1419,CS,OC
18168,464278,MBC,176.500,27552,1516,EC,OC
18169,311213,BC,176.500,27553,4670,EC,OC
18170,332008,BCM,176.500,27555,5910,SC,OC
18171,218219,MBC,176.500,27556,2609,CS,OC
18172,254187,OC,176.500,27558,1317,SC,OC
18173,384871,OC,176.500,27562,3830,EC,OC
18174,403493,BC,176.500,27563,4971,EC,OC
18175,288366,BC,176.500,27564,2711,IT,OC
18176,304950,SC,176.500,27565,1432,CS,SC
18177,383885,BC,176.500,27566,2750,EC,BC
18178,410149,BC,176.500,27569,1432,EC,BC
18179,236313,BC,176.500,27570,1419,CS,OC
18180,269681,MBC,176.500,27571,1432,CO,MBC
18181,272688,BC,176.500,27572,2702,IT,OC
18182,318404,BC,176.500,27573,2719,IT,OC
18183,294533,BC,176.500,27574,2750,EV,OC
18184,313327,BC,176.500,27575,2750,CS,BC
18185,384747,BC,176.500,27577,1113,EC,BC
18186,384359,MBC,176.500,27582,2603,CS,MBC
18187,235241,BC,176.500,27584,2711,EC,BC
18188,222434,BC,176.500,27585,1419,AD,OC
18189,272870,MBC,176.500,27586,5010,EC,OC
18190,331079,MBC,176.500,27587,1432,CS,MBC
18191,372327,SC,176.500,27589,2615,AM,SC
18192,223134,SC,176.500,27592,2007,ME,SC
18193,258152,BC,176.500,27593,2702,AD,OC
18194,400177,SC,176.500,27594,5008,EM,SC
18195,389818,BC,176.500,27595,2711,AD,OC
18196,284559,BC,176.500,27596,1126,AD,OC
18197,242487,MBC,176.500,27597,5010,EC,OC
18198,481671,MBC,176.500,27599,2025,CS,MBC
18199,267033,MBC,176.500,27602,2718,SC,MBC
18200,214556,BC,176.500,27603,2006,AS,BC
18201,334139,BC,176.500,27604,1112,AM,OC
18202,458371,BC,176.500,27605,2,PM,BC
18203,494556,BC,176.500,27606,2710,AD,BC
18204,280707,MBC,176.500,27608,4971,IT,OC
18205,283296,BC,176.500,27613,1113,CA,BC
18206,372742,MBC,176.500,27614,2,PP,MBC
18207,201089,MBC,176.500,27617,1419,CS,OC
18208,399915,BC,176.500,27618,2719,EC,BC
18209,293107,BC,176.500,27620,2750,EC,BC
18210,211696,BC,176.500,27627,1210,CS,OC
18211,318963,BCM,176.500,27628,1309,EC,OC
18212,455391,SC,176.500,27629,1399,AM,SC
18213,319004,BC,176.500,27630,1112,CS,OC
18214,368039,BC,176.500,27631,1309,CS,OC
18215,344361,BC,176.500,27632,5986,EC,OC
18216,301755,BC,176.500,27636,1113,EC,BC
18217,219319,BC,176.500,27637,4678,EC,OC
18218,303461,SC,176.500,27638,1,MN,SC
18219,255486,BC,176.500,27643,1325,EC,OC
18220,206880,OC,176.500,27644,2025,ME,OC
18221,352023,BC,176.500,27645,1219,CS,BC
18222,302267,BC,176.500,27646,5901,ME,OC
18223,223450,BC,176.500,27647,5910,AM,OC
18224,320543,BC,176.500,27650,1210,AD,OC
18225,287008,MBC,176.500,27651,1304,CS,MBC
18226,460521,BC,176.500,27652,2329,AM,OC
18227,396518,MBC,176.500,27654,1211,SC,MBC
18228,297619,BC,176.500,27657,1113,CA,BC
18229,319684,BC,176.500,27659,1211,AL,BC
18230,316034,BC,176.500,27661,1419,AD,OC
18231,391225,BC,176.500,27662,1113,EC,BC
18232,409921,BC,176.500,27670,1414,EC,OC
18233,320372,BC,176.500,27672,2712,AE,BC
18234,235974,BC,176.500,27673,1419,EC,OC
18235,405388,BC,176.500,27674,2718,EE,OC
18236,475086,MBC,176.500,27675,1211,EC,MBC
18237,310635,MBC,176.500,27676,1408,AD,OC
18238,352285,BC,176.500,27677,2718,CS,BC
18239,206725,BC,176.500,27679,1317,CS,BC
18240,322046,BC,176.500,27680,2706,EC,BC
18241,214006,BC,176.500,27681,1450,AD,BC
18242,266878,BCM,176.500,27683,2718,CS,BCM
18243,339001,MBC,176.500,27684,2005,PR,OC
18244,231616,MBC,176.500,27686,1414,CS,OC
18245,262793,MBC,176.500,27687,5008,MF,MBC
18246,306092,BC,176.500,27689,5901,ME,OC
18247,433430,BC,176.500,27690,2712,CE,BC
18248,448845,MBC,176.500,27691,2718,IT,MBC
18249,435714,SC,176.500,27692,1414,CS,OC
18250,316275,MBC,176.500,27693,5901,EE,MBC
18251,339073,BC,176.500,27694,1317,CS,BC
18252,206129,SC,176.500,27695,1399,IT,SC
18253,200165,BC,176.500,27701,1211,IT,BC
18254,251623,BC,176.500,27703,2711,AD,OC
18255,405261,BC,176.500,27705,2618,EC,OC
18256,384350,BC,176.500,27706,2764,IT,BC
18257,398625,BC,176.500,27708,1211,IT,BC
18258,388417,BC,176.500,27709,3011,IT,OC
18259,431117,BC,176.500,27710,1013,AM,OC
18260,298620,OC,176.500,27711,1419,CS,OC
18261,228168,MBC,176.500,27714,1211,IT,MBC
18262,284473,BC,176.500,27718,1211,AD,BC
18263,306897,MBC,176.500,27719,1304,EC,MBC
18264,428408,BC,176.500,27720,1304,IT,OC
18265,418435,BC,176.500,27722,1216,EE,OC
18266,442858,MBC,176.500,27724,1419,CS,OC
18267,379902,MBC,176.500,27725,2718,SC,MBC
18268,422143,SC,176.500,27726,1110,SC,OC
18269,242480,SC,176.500,27727,2006,AS,SC
18270,215574,BC,176.500,27730,2718,CS,BC
18271,243195,SCA,176.500,27731,2006,RA,SCA
18272,285727,BC,176.500,27733,1113,CS,BC
18273,232693,MBC,176.500,27734,2006,MS,MBC
18274,475392,BC,176.500,27736,2706,EC,BC
18275,485532,BC,176.500,27740,2642,AD,OC
18276,435126,BC,176.500,27741,1304,IT,OC
18277,409600,MBC,176.500,27742,2718,CS,MBC
18278,225501,BC,176.500,27744,1211,AD,BC
18279,214439,OC,176.500,27745,1317,IT,OC
18280,388740,BC,176.500,27746,1111,EC,OC
18281,427151,MBC,176.500,27747,2718,CS,MBC
18282,278222,MBC,176.500,27748,2615,ME,MBC
18283,461210,BC,176.500,27749,3807,AD,OC
18284,425602,BC,176.500,27750,2718,CS,BC
18285,209758,BC,176.500,27752,2764,IT,BC
18286,343677,SC,176.500,27753,2,IB,SC
18287,499774,MBC,176.500,27754,2377,CE,MBC
18288,280663,BCM,176.500,27755,2025,CS,BCM
18289,206547,OC,176.500,27756,2751,IT,OC
18290,448076,BC,176.500,27758,2706,EC,BC
18291,433103,BCM,176.500,27760,2745,ME,OC
18292,263910,MBC,176.500,27762,1419,AD,OC
18293,442439,OC,176.500,27763,1419,IT,OC
18294,427750,SC,176.500,27764,2704,SC,OC
18295,310512,BC,176.500,27765,2718,CS,BC
18296,432485,MBC,176.500,27767,2743,EC,OC
18297,271602,BC,176.500,27768,2718,CS,BC
18298,301205,BC,176.500,27769,3819,CS,OC
18299,241996,BC,176.500,27773,2702,IT,OC
18300,380186,BC,176.500,27774,1210,EE,OC
18301,351789,MBC,176.500,27775,1216,CS,MBC
18302,364527,MBC,176.500,27776,2673,EE,OC
18303,218009,MBC,176.500,27777,2764,CH,OC
18304,302596,BC,176.210,27782,1432,CB,OC
18305,305689,BC,176.000,27785,2718,CS,BC
18306,339161,BC,176.000,27787,5910,CS,OC
18307,410339,BC,176.000,27788,2749,CS,OC
18308,263020,SC,176.000,27791,1211,BT,SC
18309,372294,BC,176.000,27792,2702,AD,OC
18310,332709,MBC,176.000,27794,1113,CA,MBC
18311,395624,BC,176.000,27796,5910,CS,OC
18312,230056,BC,176.000,27797,1211,AD,BC
18313,453165,MBC,176.000,27798,2710,ME,OC
18314,316750,BC,176.000,27799,2656,CS,OC
18315,219324,BC,176.000,27800,2702,IT,OC
18316,341738,BC,176.000,27801,2615,CE,OC
18317,369237,BC,176.000,27803,2702,IT,OC
18318,430334,BC,176.000,27804,2005,PR,BC
18319,383526,SC,176.000,27805,2377,EC,SC
18320,442843,MBC,176.000,27806,2007,MF,MBC
18321,323427,MBC,176.000,27807,5910,EC,OC
18322,312025,SC,176.000,27808,1399,AM,SC
18323,253264,MBC,176.000,27809,1216,EE,OC
18324,347953,MBC,176.000,27810,5986,CS,MBC
18325,289060,MBC,176.000,27811,1211,AD,MBC
18326,242481,BC,176.000,27812,1304,RM,OC
18327,242819,BC,176.000,27813,2710,EC,BC
18328,382438,BCM,176.000,27817,1137,EC,OC
18329,386077,BC,176.000,27820,1304,IT,OC
18330,208203,BC,176.000,27822,2006,TX,BC
18331,277433,BC,176.000,27824,1219,CS,BC
18332,383747,MBC,176.000,27825,5008,MG,MBC
18333,487641,MBC,176.000,27826A,2718,CS,MBC
18334,278374,MBC,176.000,27827,2615,CE,OC
18335,218708,MBC,176.000,27830,3465,EC,MBC
18336,360238,BC,176.000,27833,2620,EC,OC
18337,237662,OC,176.000,27834,4020,CS,OC
18338,345080,BC,176.000,27835,3011,EC,BC
18339,229557,BC,176.000,27837,2706,EC,BC
18340,435907,SCA,176.000,27839,1419,AM,OC
18341,211808,BCM,176.000,27841,1450,EE,BCM
18342,362991,BC,176.000,27842,2719,EC,BC
18343,235068,MBC,176.000,27843,2710,CS,MBC
18344,305494,BC,176.000,27849,2706,CS,BC
18345,266042,BC,176.000,27850,1317,CS,BC
18346,233455,BC,176.000,27852,2718,CS,BC
18347,406341,MBC,176.000,27853,2764,IT,MBC
18348,353414,OC,176.000,27854,2736,CS,OC
18349,367290,BCM,176.000,27855,1216,EC,BCM
18350,226902,BC,176.000,27856,2702,CS,BC
18351,385558,MBC,176.000,27857,2702,EC,MBC
18352,286631,BC,176.000,27858,1211,AD,BC
18353,392829,BC,176.000,27859,2607,EE,OC
18354,227620,BC,176.000,27860,2718,MZ,OC
18355,451637,MBC,176.000,27861,5901,ME,OC
18356,269095,BC,176.000,27863,5901,EE,BC
18357,203465,MBC,176.000,27864,1113,CA,MBC
18358,430463,SC,176.000,27865,2006,BS,SC
18359,477434,BC,176.000,27866,2710,CE,OC
18360,395011,BC,176.000,27867,1,PT,BC
18361,249259,BC,176.000,27869,4974,EI,OC
18362,457616,BC,176.000,27870,2729,CS,OC
18363,331051,MBC,176.000,27871,4974,CS,MBC
18364,406649,BC,176.000,27872,2719,IT,OC
18365,275084,BC,176.000,27873,1317,EC,OC
18366,336841,MBC,176.000,27876,1317,EC,OC
18367,426569,BC,176.000,27877,2712,AE,BC
18368,247050,BC,176.000,27878,2710,EV,OC
18369,498546,SC,176.000,27880,2,FS,SC
18370,292943,BC,176.000,27881,1304,IT,OC
18371,421339,BC,176.000,27882,2751,AD,OC
18372,281635,BC,176.000,27886,1419,CS,OC
18373,211291,BC,176.000,27887,3830,AD,OC
18374,296569,BC,176.000,27889,4944,CS,OC
18375,314870,BC,176.000,27890,1304,CB,OC
18376,475060,BC,176.000,27893,2764,IT,BC
18377,457865,ST,176.000,27894,2006,EE,ST
18378,473959,MBC,176.000,27895,2603,EC,MBC
18379,376050,BCM,176.000,27896,2717,AD,OC
18380,359108,BC,176.000,27897,1216,AL,BC
18381,361000,BC,176.000,27898,4955,EC,OC
18382,320809,MBC,176.000,27899,2750,SC,MBC
18383,408907,MBC,176.000,27900,1304,EC,MBC
18384,414393,MBC,176.000,27906,2764,IT,MBC
18385,220146,SC,176.000,27907,2025,CS,SC
18386,248961,BC,176.000,27910,1304,IT,BC
18387,440845,BCM,176.000,27911,1509,CS,OC
18388,215480,MBC,176.000,27913,1450,IT,MBC
18389,204793,BC,176.000,27914,2,PP,BC
18390,265783,BC,176.000,27916,2764,IT,BC
18391,317792,BC,176.000,27917,2025,EV,BC
18392,249581,MBC,176.000,27920,2704,EC,OC
18393,416607,BC,176.000,27922,2719,CJ,OC
18394,229777,MBC,176.000,27924,5008,CN,MBC
18395,394948,BC,176.000,27925,1317,CS,BC
18396,319232,BC,176.000,27926,1304,EC,BC
18397,408890,MBC,176.000,27927,2653,EC,OC
18398,444339,MBC,176.000,27928,1216,EC,MBC
18399,377740,MBC,176.000,27931,2710,CS,MBC
18400,375427,MBC,176.000,27934,1113,CS,MBC
18401,202612,BC,176.000,27938,2764,IT,BC
18402,388467,BC,176.000,27940,2712,AE,BC
18403,295748,BC,176.000,27941,4974,EI,OC
18404,369847,OC,176.000,27943,2710,EV,OC
18405,327001,BC,176.000,27944,1211,IT,BC
18406,447673,BC,176.000,27945,1219,EC,BC
18407,283489,BC,176.000,27946,1317,AM,BC
18408,201451,BC,176.000,27950,1419,CS,OC
18409,226476,MBC,176.000,27951,5986,EC,OC
18410,214436,BC,176.000,27952,2711,AD,OC
18411,231897,BC,176.000,27953,1219,EC,BC
18412,345041,BC,176.000,27954,5901,CE,BC
18413,341094,MBC,176.000,27955,2653,AD,OC
18414,250010,BC,176.000,27957,2718,ME,OC
18415,347015,BC,176.000,27958,1113,EC,BC
18416,315345,BC,176.000,27960,1304,CB,OC
18417,341415,BC,176.000,27962,1211,ME,BC
18418,291622,BC,176.000,27963,1211,BM,OC
18419,238283,MBC,176.000,27964,1419,EC,OC
18420,401075,BCM,176.000,27966,4931,AD,OC
18421,238456,BC,176.000,27967,1304,AM,BC
18422,258961,MBC,176.000,27968,2739,SC,MBC
18423,300628,BC,176.000,27969,3810,ME,OC
18424,458796,BC,176.000,27971,1210,EC,OC
18425,335441,BC,176.000,27972,1216,AL,BC
18426,386448,BC,176.000,27974,2710,EC,BC
18427,253926,MBC,176.000,27975,2710,EC,MBC
18428,249663,BC,176.000,27977,2357,CS,OC
18429,275671,BC,176.000,27978,2025,EV,BC
18430,386063,BC,176.000,27979,4974,EE,BC
18431,345572,BC,176.000,27982,2718,CS,BC
18432,347011,BC,176.000,27983,1419,EC,OC
18433,244954,BC,176.000,27984,2710,CS,BC
18434,376908,BC,176.000,27985,2736,EC,OC
18435,238452,BC,176.000,27987,1120,AD,OC
18436,276726,SC,176.000,27990,2615,EE,SC
18437,267423,BC,176.000,27992,1317,CS,BC
18438,415729,BC,176.000,27993,1432,EV,BC
18439,323496,BC,176.000,27994,2702,EC,BC
18440,318392,BC,176.000,27995,1120,EE,OC
18441,359191,BC,176.000,27996,2618,CS,OC
18442,396909,MBC,176.000,27998,1210,EC,OC
18443,263735,MBC,176.000,28001,1432,CB,MBC
18444,349153,BC,176.000,28003,2622,CS,BC
18445,402746,BC,176.000,28005,2750,CS,BC
18446,348918,MBC,176.000,28008,1304,AD,MBC
18447,342734,MBC,176.000,28010,2750,CS,MBC
18448,410223,MBC,176.000,28011,2750,AD,OC
18449,414612,BC,176.000,28012,2702,AD,OC
18450,208200,MBC,176.000,28013,2377,IC,MBC
18451,442920,MBC,176.000,28016,1216,CS,MBC
18452,221813,BC,176.000,28017,4960,EC,OC
18453,285919,BC,176.000,28018,2329,AD,OC
18454,457153,BC,176.000,28020,2710,EV,OC
18455,246315,SC,176.000,28021,1399,AM,SC
18456,256433,MBC,176.000,28022,2731,CS,OC
18457,339816,OC,176.000,28023,4023,EC,OC
18458,391952,MBC,176.000,28024,2603,EC,MBC
18459,388784,BC,176.000,28026,1419,CS,OC
18460,352558,BC,176.000,28027,1219,AD,BC
18461,326224,BC,176.000,28028,4020,AD,OC
18462,293950,MBC,176.000,28030,2702,CS,MBC
18463,354097,BC,176.000,28031,1219,EE,OC
18464,220250,BC,176.000,28032,4974,ME,OC
18465,420290,BC,176.000,28034,2702,AD,OC
18466,357126,MBC,176.000,28037,1304,AD,MBC
18467,223020,MBC,176.000,28038,2007,CL,MBC
18468,270695,BC,176.000,28041,4680,EE,OC
18469,404510,BC,176.000,28042,2711,CE,OC
18470,432296,BC,176.000,28046,1219,EC,BC
18471,230395,MBC,176.000,28047,1516,EC,OC
18472,395752,BC,176.000,28048,1419,CS,OC
18473,358416,MBC,176.000,28050,1216,AL,MBC
18474,403120,BC,176.000,28052,5010,AM,OC
18475,351442,MBC,176.000,28054,2329,AM,OC
18476,420611,BC,176.000,28056,1211,BT,BC
18477,323503,MBC,176.000,28058,2622,CS,MBC
18478,303584,BC,176.000,28061,2736,AD,OC
18479,297920,BC,176.000,28063,2702,IT,OC
18480,203483,BC,176.000,28064,1113,IT,OC
18481,224847,BC,176.000,28065,2711,AD,OC
18482,285971,BC,176.000,28066,2702,CS,BC
18483,479743,MBC,176.000,28067,2731,IT,OC
18484,367073,BC,176.000,28068,4960,EC,BC
18485,241809,BC,176.000,28069,2719,IT,OC
18486,276480,BC,176.000,28071,1317,EC,OC
18487,427519,BC,176.000,28072,1309,SC,OC
18488,262438,SCA,176.000,28076,2729,AD,OC
18489,273062,MBC,176.000,28079,2764,EE,MBC
18490,351041,MBC,176.000,28080,2718,SC,MBC
18491,217634,BC,176.000,28082,5986,EC,OC
18492,389030,BCM,176.000,28083,4981,EC,OC
18493,299451,BC,176.000,28084,2,PM,BC
18494,389715,BC,176.000,28085,1516,EC,OC
18495,457771,BC,176.000,28086,2717,EC,OC
18496,436845,SC,176.000,28089,2007,CE,SC
18497,229090,MBC,176.000,28091,1112,IT,OC
18498,208328,BC,176.000,28092,2764,ME,OC
18499,434387,MBC,176.000,28093,1516,EC,OC
18500,271892,BC,176.000,28094,1126,EC,OC
18501,318019,MBC,176.000,28096,2718,IT,MBC
18502,376052,MBC,176.000,28097,2764,IT,MBC
18503,389690,BC,176.000,28100,2711,FD,OC
18504,474331,MBC,176.000,28102,5008,MF,MBC
18505,333792,BC,176.000,28103,2707,CJ,OC
18506,453147,BC,176.000,28104,5010,AM,OC
18507,381422,SCA,176.000,28106,1,ME,SCA
18508,218777,BC,176.000,28108,1111,EC,OC
18509,331785,BC,176.000,28113,2702,CS,BC
18510,232803,BC,176.000,28114,2710,IT,OC
18511,479546,BCM,176.000,28115,1219,CS,BCM
18512,209995,BC,176.000,28117,2764,IT,BC
18513,432624,BC,176.000,28119,2750,CS,BC
18514,290042,BC,176.000,28120,2702,AD,OC
18515,382102,BC,176.000,28121,2718,CS,BC
18516,220169,BC,176.000,28122,1304,EC,BC
18517,264942,BC,176.000,28123,2702,AD,OC
18518,267837,SC,176.000,28124,1432,BT,OC
18519,465027,BC,176.000,28125,2718,CS,BC
18520,245055,BC,176.000,28126,2711,IT,OC
18521,352066,SC,176.000,28127,5,IT,OC
18522,359792,MBC,176.000,28128,2603,EE,OC
18523,212832,BC,176.000,28129,1216,AD,BC
18524,345245,BC,176.000,28133,5986,CS,BC
18525,395129,MBC,176.000,28134,2718,AD,MBC
18526,213294,SC,176.000,28135,4,AU,SC
18527,328433,MBC,176.000,28136,3011,AM,MBC
18528,265022,BC,176.000,28137,1419,AM,OC
18529,398139,OC,176.000,28138,1114,CS,OC
18530,373559,SC,176.000,28141,4,PR,SC
18531,393388,MBC,176.000,28142,2764,AM,MBC
18532,225296,BC,176.000,28144,2712,AE,BC
18533,302003,SC,176.000,28145,1210,EC,OC
18534,224821,BC,176.000,28146,1304,EC,BC
18535,269112,BCM,176.000,28149,1216,CS,BCM
18536,254316,BC,176.000,28150,1216,IT,OC
18537,312016,BC,176.000,28151,2711,AD,OC
18538,261231,BC,176.000,28152,4960,CS,BC
18539,215808,BC,176.000,28153,2736,CS,OC
18540,313128,BC,176.000,28154,2751,CS,OC
18541,256289,BC,176.000,28155,1210,CS,OC
18542,347207,MBC,176.000,28156,3011,IT,OC
18543,353080,BC,176.000,28157,5904,AD,OC
18544,350832,MBC,176.000,28159,1113,CA,MBC
18545,234880,BC,176.000,28160,2736,SC,OC
18546,290657,BCM,176.000,28161,3805,EC,OC
18547,352260,MBC,176.000,28163,1216,EC,MBC
18548,325894,MBC,176.000,28164,2764,EC,MBC
18549,416879,MBC,176.000,28165,1216,CS,MBC
18550,248171,BC,176.000,28167,2718,EE,OC
18551,366657,BC,176.000,28168,2711,CS,BC
18552,274384,SC,176.000,28171,5986,CS,SC
18553,250310,MBC,176.000,28172,5008,MG,MBC
18554,348432,MBC,176.000,28173,1210,CS,OC
18555,332574,BC,176.000,28176,2719,AD,BC
18556,201601,BC,176.000,28178,2329,SC,OC
18557,261509,BC,176.000,28179,2718,CS,BC
18558,238198,MBC,176.000,28180,2718,EE,OC
18559,208902,BC,176.000,28181,2736,EC,OC
18560,243429,BC,176.000,28182,2615,CE,OC
18561,300192,BC,176.000,28185A,3830,EC,OC
18562,262818,MBC,176.000,28186,2764,IT,MBC
18563,246330,BC,176.000,28188,1211,IT,BC
18564,271169,MBC,176.000,28189,5986,CE,OC
18565,288969,BC,176.000,28190,2702,IT,OC
18566,213803,OC,176.000,28192,2718,EE,OC
18567,338278,BC,176.000,28193,1321,PA,OC
18568,323491,BC,176.000,28194,1216,IT,OC
18569,285038,MBC,176.000,28195,2711,AD,OC
18570,364094,MBC,176.000,28196,2625,CS,OC
18571,219099,BC,176.000,28197,1216,AL,BC
18572,228923,BC,176.000,28198,5010,CS,OC
18573,392985,BC,176.000,28199,1210,CS,OC
18574,382502,BC,176.000,28200,5008,CN,BC
18575,289903,BC,176.000,28201,1211,IT,BC
18576,254469,BC,176.000,28202,2719,IT,OC
18577,205536,BC,176.000,28203,5986,CS,BC
18578,423161,BC,176.000,28204,2750,AD,OC
18579,425709,BC,176.000,28205,2718,EE,OC
18580,288084,BC,176.000,28206,2702,IT,OC
18581,417116,BC,176.000,28208,5986,EC,OC
18582,332141,SCA,176.000,28209,5008,CM,SCA
18583,431097,MBC,176.000,28212,2369,IT,OC
18584,301984,BC,176.000,28213,2706,AD,OC
18585,362835,BC,176.000,28215,4962,CS,BC
18586,298287,OC,176.000,28217,4962,EE,OC
18587,238010,BC,176.000,28218,1140,AD,OC
18588,421027,MBC,176.000,28219,3465,EC,MBC
18589,233067,BC,176.000,28220,2718,IT,BC
18590,334293,SC,176.000,28221,4974,CS,SC
18591,219652,BC,176.000,28223,5009,CS,OC
18592,368717,BC,176.000,28227,4,RP,BC
18593,331007,BC,176.000,28228,1120,EC,OC
18594,338968,BC,176.000,28229,2710,IT,OC
18595,360142,BC,176.000,28231,1516,EC,OC
18596,391539,MBC,176.000,28232,2603,EC,MBC
18597,397848,MBC,176.000,28233,1026,CS,OC
18598,460602,BC,176.000,28234,2718,EE,OC
18599,382617,BC,176.000,28236,1516,EC,OC
18600,389864,BC,176.000,28238,2615,ME,BC
18601,253490,MBC,176.000,28241,1216,CS,MBC
18602,277454,BCM,176.000,28242,1211,IT,BCM
18603,341812,MBC,176.000,28243,2718,IT,MBC
18604,388072,BCM,176.000,28244,2349,SC,OC
18605,333928,BC,176.000,28245,1211,IT,BC
18606,257137,BC,176.000,28246,1317,CS,BC
18607,366304,MBC,176.000,28247,2719,IT,OC
18608,348284,BC,176.000,28249,2615,CE,OC
18609,295127,MBC,176.000,28250,1216,EC,MBC
18610,332463,MBC,176.000,28251,2718,IT,MBC
18611,328333,MBC,176.000,28252,1211,SC,MBC
18612,241841,SC,176.000,28253,2712,CS,SC
18613,367342,BC,176.000,28254,5008,CN,BC
18614,320163,BC,176.000,28255,3803,CS,OC
18615,278797,BC,176.000,28258,5,CH,OC
18616,347602,BC,176.000,28260,2718,CS,BC
18617,337762,BC,176.000,28261,2702,EE,OC
18618,416835,BC,176.000,28263,1210,AD,OC
18619,416913,BC,176.000,28264,1216,IT,OC
18620,439483,BC,176.000,28265,2622,EC,OC
18621,336106,BC,176.000,28266,1219,EC,BC
18622,378740,BC,176.000,28268,2702,AD,OC
18623,263133,MBC,176.000,28269,1128,CA,OC
18624,407938,BC,176.000,28271,1111,EC,OC
18625,279843,MBC,176.000,28272,2710,CS,MBC
18626,309829,BC,176.000,28273,1317,EC,OC
18627,464553,BC,176.000,28276,2615,CE,OC
18628,414567,BCM,176.000,28277,2739,IT,BCM
18629,271931,BC,176.000,28278,2615,CE,OC
18630,307894,BC,176.000,28280,1317,CS,BC
18631,261637,BC,176.000,28282,4960,EC,BC
18632,317691,BC,176.000,28284,1211,IT,BC
18633,277497,BC,176.000,28285,1211,IT,BC
18634,271947,BC,176.000,28287,1304,CS,BC
18635,348964,BC,176.000,28288,2608,AD,OC
18636,461590,BC,176.000,28290,2613,SC,OC
18637,206642,BC,176.000,28292,2710,IT,OC
18638,243000,MBC,176.000,28295,2764,IT,MBC
18639,287306,BC,176.000,28296,2718,CS,BC
18640,354452,MBC,176.000,28298,5910,EC,OC
18641,415469,SC,176.000,28300,1405,CS,OC
18642,415558,BC,176.000,28302,1317,CS,BC
18643,299402,BC,176.000,28303,1113,VL,OC
18644,391991,BC,176.000,28304,2,PM,BC
18645,259943,BCM,176.000,28306,2718,IT,BCM
18646,398510,BC,176.000,28307,2702,BT,OC
18647,252033,BC,176.000,28308,2702,MZ,OC
18648,203044,BC,176.000,28310,1112,EC,OC
18649,307251,MBC,176.000,28311,3011,IT,OC
18650,384456,SC,176.000,28315,2712,EC,SC
18651,410963,MBC,176.000,28317,3803,EC,OC
18652,379123,BC,176.000,28318,4020,EC,OC
18653,333227,BC,176.000,28319,3011,IT,OC
18654,287316,BC,176.000,28320,1216,IT,OC
18655,481888,OC,176.000,28321,1216,IT,OC
18656,282754,BC,176.000,28322,2706,EV,OC
18657,243156,BC,176.000,28326,1219,CS,BC
18658,395318,SC,176.000,28327,2005,ME,SC
18659,257590,MBC,176.000,28328,5010,CS,OC
18660,309514,MBC,176.000,28329,2719,AD,MBC
18661,482960,BC,176.000,28331,2718,CS,BC
18662,298455,BCM,176.000,28333,3011,IT,OC
18663,428725,BC,176.000,28334,1408,AD,OC
18664,246451,SC,176.000,28335,2,IB,SC
18665,316919,MBC,176.000,28336,1216,CS,MBC
18666,305862,MBC,176.000,28337,5010,CS,OC
18667,358109,BC,176.000,28338,2710,CS,BC
18668,243466,BC,176.000,28339,1419,EC,OC
18669,341964,SC,176.000,28343,2750,AD,OC
18670,285570,MBC,176.000,28345,1304,CS,MBC
18671,317612,SC,176.000,28346,1399,CS,SC
18672,315784,MBC,176.000,28348,2723,AD,OC
18673,295779,MBC,176.000,28352,1216,EC,MBC
18674,200485,MBC,176.000,28354,1216,CS,MBC
18675,251225,BC,176.000,28357,2764,CH,OC
18676,296707,BC,176.000,28358,3465,EE,OC
18677,351251,BC,176.000,28364,2702,EE,OC
18678,393438,BC,176.000,28365,2653,IT,OC
18679,377153,MBC,176.000,28367,4962,EC,MBC
18680,499207,MBC,176.000,28368,2369,EC,OC
18681,361739,OC,176.000,28368A,5901,ME,OC
18682,309708,BCM,176.000,28369,1432,EC,BCM
18683,277248,OC,176.000,28370,2702,EE,OC
18684,248397,BC,176.000,28371,2718,CS,BC
18685,247035,MBC,176.000,28372,4974,EC,MBC
18686,361288,MBC,176.000,28373,1111,AD,OC
18687,370048,BC,176.000,28375,4960,CS,BC
18688,332951,BC,176.000,28376,2608,EC,OC
18689,323437,BC,176.000,28379,1210,AD,OC
18690,274324,BC,176.000,28380,1120,SC,OC
18691,413986,OC,176.000,28384,2357,AD,OC
18692,369643,BCM,176.000,28386,2,TX,OC
18693,330049,BC,176.000,28387,1216,IT,OC
18694,342997,BC,176.000,28389,1211,IT,BC
18695,319541,MBC,176.000,28391,2719,CJ,OC
18696,402988,BC,176.000,28392,4960,EC,BC
18697,342860,BC,176.000,28394,2608,EC,OC
18698,280745,BC,176.000,28396,2718,CS,BC
18699,374072,BCM,176.000,28397,1414,IT,OC
18700,443336,BC,176.000,28399,2711,AD,OC
18701,440320,BC,176.000,28400,2630,CS,OC
18702,447349,MBC,176.000,28401,2710,AD,MBC
18703,217053,BC,176.000,28402,1211,RM,BC
18704,381177,BC,176.000,28403,1,PT,BC
18705,212671,BC,176.000,28404,1210,CS,OC
18706,200525,MBC,176.000,28407,2006,AS,MBC
18707,328974,BC,176.000,28408,2615,ME,BC
18708,278978,BC,176.000,28410,1422,EC,OC
18709,204297,BC,176.000,28413,1317,SC,OC
18710,421971,BC,176.000,28414,2777,AD,OC
18711,327435,MBC,176.000,28419,1113,EC,MBC
18712,267730,SC,176.000,28420,2377,EE,SC
18713,335711,BC,176.000,28424,1304,EC,BC
18714,385648,MBC,176.000,28425,1317,EC,OC
18715,292508,BC,176.000,28426,2718,CS,BC
18716,304675,BC,176.000,28427,5010,AM,OC
18717,397474,BC,176.000,28428,2718,CS,BC
18718,206426,MBC,176.000,28430,1211,SC,MBC
18719,276564,BC,176.000,28431,4023,EC,OC
18720,339190,BC,176.000,28434,5986,CS,BC
18721,435095,BC,176.000,28435,2706,AM,BC
18722,244189,BC,176.000,28436,2718,CS,BC
18723,252788,BC,176.000,28437,2718,CS,BC
18724,333361,BC,176.000,28439,2719,CS,BC
18725,329994,BCM,176.000,28440,2005,PR,BCM
18726,259490,BC,176.000,28441,4974,EE,BC
18727,350748,BC,176.000,28443,1110,AD,OC
18728,426451,BC,176.000,28444,2702,AD,OC
18729,436702,BCM,176.000,28445,2711,CS,BCM
18730,395239,BC,176.000,28450,2702,IT,OC
18731,221247,BC,176.000,28451,1211,BT,BC
18732,335192,BC,176.000,28453,1211,IT,BC
18733,383409,MBC,176.000,28454,1216,EC,MBC
18734,394216,BC,176.000,28455,2608,CS,OC
18735,368006,BC,176.000,28456,1219,CS,BC
18736,320726,BC,176.000,28457,1419,AM,OC
18737,254410,BC,176.000,28461,2719,IT,OC
18738,406801,BC,176.000,28462,1422,EC,OC
18739,300047,OC,176.000,28463,1419,AM,OC
18740,341285,BC,176.000,28465,2622,EC,OC
18741,366093,BC,176.000,28467,1304,CS,BC
18742,385680,BC,176.000,28469,2711,AD,OC
18743,471672,BC,176.000,28470,2622,CS,BC
18744,358967,BC,176.000,28471,2,LE,OC
18745,265521,BC,176.000,28472,2706,EV,OC
18746,439375,MBC,176.000,28474,2710,EC,MBC
18747,471545,BC,176.000,28475,1419,ME,OC
18748,392855,BC,176.000,28478,5901,ME,OC
18749,401455,BC,176.000,28479,2615,MT,OC
18750,249080,BCM,176.000,28483,5986,CS,BCM
18751,244784,MBC,176.000,28486,2656,EC,OC
18752,293055,BC,176.000,28487,1210,CS,OC
18753,208677,BC,176.000,28489,2764,CB,BC
18754,228059,BC,176.000,28490,2710,IT,OC
18755,244391,MBC,176.000,28491,1114,CS,OC
18756,407722,BC,176.000,28492,2710,IT,OC
18757,264505,BC,176.000,28493,1113,VL,OC
18758,396008,MBC,176.000,28495,1419,CS,OC
18759,349301,OC,176.000,28496,1419,EC,OC
18760,359956,MBC,176.000,28497,2653,CS,OC
18761,240663,BC,176.000,28499,1211,IT,BC
18762,247148,BC,176.000,28501,2706,EC,BC
18763,439279,BCM,176.000,28502,5010,CS,OC
18764,324676,BC,176.000,28503,2302,CS,OC
18765,257711,BC,176.000,28504,2711,IT,OC
18766,232069,BC,176.000,28505,1114,EC,OC
18767,320994,BC,176.000,28508,2750,CB,BC
18768,276981,BC,176.000,28509,5010,EC,OC
18769,418688,BC,176.000,28510,1317,CS,BC
18770,387600,BC,176.000,28511,2710,IT,OC
18771,369386,BC,176.000,28514,2751,CS,OC
18772,438969,BC,176.000,28515,1419,CS,OC
18773,348545,BC,176.000,28516,5986,CS,BC
18774,316036,BC,176.000,28517,2702,AD,OC
18775,306651,SC,176.000,28519,2005,ME,SC
18776,387707,MBC,176.000,28520,2607,AD,OC
18777,455770,BC,176.000,28522,2329,CS,OC
18778,262782,BC,176.000,28523,2620,EC,OC
18779,277267,BC,176.000,28527,2710,IT,OC
18780,378690,BC,176.000,28529,1216,EE,OC
18781,368988,BC,176.000,28532,2726,AL,OC
18782,216376,MBC,176.000,28533,1432,EV,MBC
18783,234315,BC,176.000,28534,1309,CS,OC
18784,286120,BC,176.000,28536,4962,EC,BC
18785,383344,SC,176.000,28537,4,AU,SC
18786,333617,BC,176.000,28538,3011,XC,OC
18787,234223,MBC,176.000,28540,2763,CS,OC
18788,457014,BC,176.000,28543,1317,EC,OC
18789,450355,BC,176.000,28545,2777,CS,OC
18790,272745,BC,176.000,28546,4971,CS,OC
18791,475900,BC,176.000,28547,2718,EE,BC
18792,215102,MBC,176.000,28548,1422,EI,OC
18793,452512,BC,176.000,28551,2702,IT,OC
18794,308160,MBC,176.000,28554,1211,EC,MBC
18795,307371,MBC,176.000,28555,5910,CS,OC
18796,293567,MBC,176.000,28557,2710,CS,MBC
18797,316736,BC,176.000,28558,1216,AL,BC
18798,458845,SC,176.000,28563,5008,EM,SC
18799,215077,OC,176.000,28564,1112,EC,OC
18800,213016,BC,176.000,28565,1211,CD,BC
18801,384070,MBC,176.000,28566,2718,IT,MBC
18802,492392,BC,176.000,28567,1216,AL,BC
18803,474339,BC,176.000,28569,1311,AO,OC
18804,305559,BC,176.000,28570,5010,CS,OC
18805,445648,MBC,176.000,28573,3786,AE,OC
18806,396577,BC,176.000,28575,2702,IT,OC
18807,297627,MBC,176.000,28576,3804,CS,OC
18808,243234,BC,176.000,28577,1304,AM,BC
18809,246167,MBC,176.000,28578,1113,EC,MBC
18810,430680,MBC,176.000,28579,2369,CS,OC
18811,409758,BC,176.000,28582,2718,CS,BC
18812,465960,SC,176.000,28583,2006,IY,SC
18813,320279,BC,176.000,28585,1307,CS,OC
18814,263147,BC,176.000,28587,4960,EC,BC
18815,377833,MBC,176.000,28589,2726,AL,OC
18816,332264,SCA,176.000,28590,3011,EC,SCA
18817,216655,BC,176.000,28592,1304,AD,BC
18818,201082,BC,176.000,28593,2702,EE,OC
18819,266178,BCM,176.000,28594,2711,CS,BCM
18820,449653,MBC,176.000,28595,2710,IT,OC
18821,418440,BC,176.000,28596,5910,CS,OC
18822,215322,BCM,176.000,28597,2702,EC,BCM
18823,428184,MBC,176.000,28598,2702,CS,MBC
18824,327751,BC,176.000,28601,2621,AD,OC
18825,319562,BC,176.000,28602,1216,AL,BC
18826,469087,BC,176.000,28603,1211,CH,BC
18827,396005,MBC,176.000,28607,1211,EC,MBC
18828,217655,BC,176.000,28609,4020,CS,OC
18829,448982,BCM,176.000,28610,2621,EC,OC
18830,315715,BC,176.000,28611,2706,CS,BC
18831,351649,MBC,176.000,28614,1304,SC,MBC
18832,321486,BC,176.000,28616,1211,CB,BC
18833,284728,BC,176.000,28617,2718,CS,BC
18834,284366,BC,176.000,28618,2,TX,OC
18835,287719,BC,176.000,28619,5910,EC,OC
18836,491919,OC,176.000,28620,1126,SC,OC
18837,390331,MBC,176.000,28621,1211,SC,MBC
18838,242155,BC,176.000,28623,3011,PC,OC
18839,224112,MBC,176.000,28625,2712,EI,MBC
18840,219058,MBC,176.000,28626,1432,EV,MBC
18841,284064,BC,176.000,28627,1419,CS,OC
18842,363540,MBC,176.000,28628,4962,CS,MBC
18843,409633,MBC,176.000,28629,2636,AD,OC
18844,363162,BC,176.000,28633,2025,EV,BC
18845,452951,BC,176.000,28634,1216,IT,OC
18846,299909,BC,176.000,28637,2618,ME,OC
18847,427320,MBC,176.000,28638,2329,AD,OC
18848,376326,SC,176.000,28639,3011,IT,OC
18849,337085,BC,176.000,28641,1113,CA,BC
18850,313031,BC,176.000,28642,1216,AL,BC
18851,401039,MBC,176.000,28643,1408,IT,OC
18852,298090,BC,176.000,28645,3465,EC,BC
18853,344731,MBC,176.000,28647,2709,CS,MBC
18854,248406,BC,176.000,28649,1211,IT,BC
18855,203029,BC,176.000,28650,1113,IT,OC
18856,210136,BC,176.000,28653,4974,CE,OC
18857,324233,MBC,176.000,28657,4944,EC,OC
18858,321541,BC,176.000,28661,1113,CA,BC
18859,249045,BC,176.000,28665,3819,CS,OC
18860,241454,BC,176.000,28666,2727,AG,OC
18861,323351,BCM,176.000,28667,1304,AD,BCM
18862,316251,BC,176.000,28672,2718,CS,BC
18863,499155,MBC,176.000,28673,2718,AD,MBC
18864,369597,BC,176.000,28674,5010,CS,OC
18865,334564,BC,176.000,28675,2711,CS,BC
18866,265491,BC,176.000,28676,1110,AM,OC
18867,220414,BC,176.000,28678,2718,CS,BC
18868,459623,BC,176.000,28679,2710,IT,OC
18869,467580,BC,176.000,28680,1304,EC,BC
18870,354562,MBC,176.000,28681,3465,CS,OC
18871,358922,SC,176.000,28682,1450,EC,SC
18872,240560,BC,176.000,28685,2750,CB,BC
18873,473788,MBC,176.000,28686,2329,CS,OC
18874,415041,BCM,176.000,28689,2607,CS,OC
18875,296682,BC,176.000,28690,1,PT,BC
18876,236850,SC,176.000,28692,2712,CS,SC
18877,256824,BC,176.000,28693,1216,EC,BC
18878,316667,SC,176.000,28696,2615,AM,SC
18879,279091,MBC,176.000,28697,2025,CS,MBC
18880,414094,SC,176.000,28698,1399,IT,SC
18881,267294,BC,176.000,28700,1211,BT,BC
18882,483814,BC,176.000,28701,2718,CS,BC
18883,330452,MBC,176.000,28702,1211,EC,MBC
18884,211289,BC,176.000,28703,2750,CS,BC
18885,456611,MBC,176.000,28705,3843,EC,OC
18886,363116,BC,176.000,28707,2601,CS,OC
18887,278775,BC,176.000,28708,2607,CS,OC
18888,412028,BC,176.000,28709,1304,CB,OC
18889,413207,BC,176.000,28711,1211,BM,OC
18890,386009,BC,176.000,28712,2736,EC,OC
18891,477666,BCM,176.000,28713,2622,AD,OC
18892,203886,MBC,176.000,28716,2005,PR,MBC
18893,287343,MBC,176.000,28717,3,BP,MBC
18894,422539,MBC,176.000,28718,1211,EC,MBC
18895,295996,BC,176.000,28720,1211,IT,BC
18896,439247,SC,176.000,28721,2025,AD,SC
18897,216545,MBC,176.000,28724,1317,EC,OC
18898,388665,MBC,176.000,28727,5,EC,OC
18899,266541,BC,176.000,28728,1317,EC,OC
18900,386873,MBC,176.000,28729,5,CE,OC
18901,457538,BC,176.000,28731,4974,EE,BC
18902,493383,OC,176.000,28733,1126,AD,OC
18903,287194,MBC,176.000,28734,2764,AM,MBC
18904,220069,BC,176.000,28735,1113,IT,OC
18905,260084,BC,176.000,28736,1216,EC,BC
18906,429883,BCM,176.000,28737,3425,CS,OC
18907,493387,OC,176.000,28738,1126,EC,OC
18908,445351,BCM,176.000,28739,2603,CS,BCM
18909,474782,BC,176.000,28741,1211,CD,BC
18910,420189,MBC,176.000,28744,2624,AD,OC
18911,462143,MBC,175.845,28747,2025,AD,MBC
18912,292206,OC,175.667,28748,1216,ME,OC
18913,205850,BC,175.500,28751,2718,AD,BC
18914,427684,MBC,175.500,28752,1211,SC,MBC
18915,321809,SC,175.500,28753,5008,IM,SC
18916,339101,BC,175.500,28754,2710,IT,OC
18917,294056,BC,175.500,28756,5921,CE,OC
18918,384971,MBC,175.500,28757,2622,CS,MBC
18919,300830,BC,175.500,28759,4971,EC,OC
18920,467171,BC,175.500,28760,2329,AM,OC
18921,231890,BC,175.500,28761,2710,IT,OC
18922,223586,MBC,175.500,28762,2711,EC,MBC
18923,296536,BC,175.500,28763,3011,BT,OC
18924,329375,BC,175.500,28764,1419,AD,OC
18925,367102,BCM,175.500,28766,1118,IT,OC
18926,446965,BC,175.500,28767,1317,CS,BC
18927,222826,BC,175.500,28768,1317,CS,BC
18928,231065,BC,175.500,28770,2727,EC,OC
18929,429557,BC,175.500,28774,4020,ME,OC
18930,416266,BC,175.500,28775,2750,AD,OC
18931,292937,SCA,175.500,28778,2007,EL,SCA
18932,200748,SC,175.500,28780,2005,ME,SC
18933,242677,BC,175.500,28782,2750,SC,BC
18934,206260,BC,175.500,28786,1210,CS,OC
18935,292509,ST,175.500,28789,1399,AD,ST
18936,307733,BC,175.500,28791,2710,CS,BC
18937,233839,BC,175.500,28792,1432,EV,BC
18938,366788,BC,175.500,28793,4974,EE,BC
18939,270962,BC,175.500,28795,1419,EC,OC
18940,374977,BCM,175.500,28796,2764,EC,BCM
18941,355202,BC,175.500,28797,2603,SC,BC
18942,212940,MBC,175.500,28798,4969,CS,OC
18943,292348,MBC,175.500,28799,2764,CS,MBC
18944,331733,BC,175.500,28800,5986,EC,OC
18945,471981,MBC,175.500,28801,2,CR,OC
18946,441470,BC,175.500,28802,2743,AD,OC
18947,227889,BC,175.500,28803,2711,IT,OC
18948,488872,BC,175.500,28805,2702,EC,BC
18949,321627,BC,175.500,28807,2718,CS,BC
18950,321695,BC,175.500,28809,2711,IT,OC
18951,437598,BC,175.500,28810,1516,CS,BC
18952,232357,BC,175.500,28811,2603,SC,BC
18953,305804,BC,175.500,28812,1113,CA,BC
18954,341070,SC,175.500,28815,2007,EL,SC
18955,415913,BC,175.500,28816,5901,CE,BC
18956,209260,BC,175.500,28818,1419,ME,OC
18957,423746,SC,175.500,28819,1399,CB,SC
18958,264293,BC,175.500,28820,2751,EC,OC
18959,454261,BCM,175.500,28821,2615,CE,OC
18960,242330,BC,175.500,28822,1113,CA,BC
18961,287620,BC,175.500,28823,1216,CS,BC
18962,473564,MBC,175.500,28825,2608,EC,OC
18963,294412,BC,175.500,28827,5009,EC,OC
18964,392979,BC,175.500,28829,1113,CS,BC
18965,296735,BC,175.500,28832,3801,EC,OC
18966,360357,MBC,175.500,28833,1216,AL,MBC
18967,267762,BC,175.500,28834,3464,CS,OC
18968,451479,BC,175.500,28835,2718,CS,BC
18969,256028,BC,175.500,28836,3011,AM,BC
18970,463562,BC,175.500,28838,2615,CE,OC
18971,283374,BC,175.500,28839,1113,IT,OC
18972,282137,BCM,175.500,28842,5901,EE,BCM
18973,359122,SC,175.500,28844,2615,AM,SC
18974,395895,BC,175.500,28845,2718,CS,BC
18975,218249,BC,175.500,28849,2702,AD,OC
18976,272406,BCM,175.500,28850,2718,AD,BCM
18977,222486,BC,175.500,28851,1304,EE,OC
18978,387993,BCM,175.500,28853,2711,EI,OC
18979,323904,SC,175.500,28854,1,PT,SC
18980,375226,MBC,175.500,28855,3011,AM,MBC
18981,224394,SC,175.500,28856,2718,CS,SC
18982,217834,BCM,175.500,28858,1317,EC,OC
18983,323695,BC,175.500,28859,2718,CS,BC
18984,410146,MBC,175.500,28860,3464,EC,OC
18985,212229,BC,175.500,28863,2702,EC,BC
18986,350735,MBC,175.500,28865,1516,CS,MBC
18987,360374,BC,175.500,28866,1419,IT,OC
18988,379287,MBC,175.500,28867,1432,CO,MBC
18989,286002,MBC,175.500,28868,1422,CS,OC
18990,310554,BC,175.500,28869,1316,CS,OC
18991,285406,MBC,175.500,28871,3011,CE,OC
18992,387932,SC,175.500,28872,2624,EC,OC
18993,376534,BC,175.500,28873,2750,AD,OC
18994,240178,BCM,175.500,28874,4962,CS,BCM
18995,351424,BC,175.500,28875,1113,CA,BC
18996,416383,MBC,175.500,28876,1317,ME,OC
18997,411848,MBC,175.500,28877,2710,AD,MBC
18998,414693,BCM,175.500,28878,4962,AD,BCM
18999,387574,BCM,175.500,28879,1211,AU,OC
19000,245079,MBC,175.500,28880,1216,CS,MBC
19001,413367,MBC,175.500,28881,2764,IT,MBC
19002,332232,MBC,175.500,28882,5008,CN,MBC
19003,227688,BC,175.500,28883,2719,CS,BC
19004,250700,BC,175.500,28884,2,CR,OC
19005,312554,BC,175.500,28886,2377,DA,OC
19006,412602,BC,175.500,28887,2711,AD,OC
19007,314328,BC,175.500,28888,4678,AD,OC
19008,265449,OC,175.500,28889,2719,IT,OC
19009,410180,BC,175.500,28890,1304,CB,OC
19010,339112,BC,175.500,28892,1419,EC,OC
19011,458090,BC,175.500,28893,2712,CE,BC
19012,245418,MBC,175.500,28894,2709,EE,OC
19013,432791,SC,175.500,28895,2603,EC,SC
19014,345600,BC,175.500,28896,1419,EC,OC
19015,273506,MBC,175.500,28897,2719,CS,MBC
19016,455363,BC,175.500,28898,3908,CS,OC
19017,242876,BC,175.500,28899,2718,CS,BC
19018,203150,MBC,175.500,28902,1113,EC,MBC
19019,347830,MBC,175.500,28903,2718,IT,MBC
19020,376454,BC,175.500,28904,1216,IT,OC
19021,223930,BC,175.500,28905,2719,CS,BC
19022,416342,MBC,175.500,28906,1216,EC,MBC
19023,209271,OC,175.500,28908,2719,EI,OC
19024,443598,MBC,175.500,28910,2708,SC,OC
19025,383485,BC,175.500,28911,1216,IT,OC
19026,435678,BC,175.500,28913,1419,EC,OC
19027,404975,MBC,175.500,28914,1211,ME,MBC
19028,270660,SC,175.500,28915,1211,AD,SC
19029,254221,BC,175.500,28917,1216,IT,OC
19030,349127,BC,175.500,28923,1216,EC,BC
19031,354804,MBC,175.500,28924,2711,CS,MBC
19032,410183,BC,175.500,28925,2706,EC,BC
19033,346152,BC,175.500,28927,1210,AD,OC
19034,390692,BC,175.500,28929,2621,AD,OC
19035,245437,MBC,175.500,28930,1219,IT,MBC
19036,442421,MBC,175.500,28932,5010,CS,MBC
19037,312672,OC,175.500,28933,1422,IT,OC
19038,370170,BC,175.500,28934,3830,AM,OC
19039,423118,MBC,175.500,28935,5901,EE,MBC
19040,417266,BCM,175.500,28937,1419,AD,OC
19041,431836,BC,175.500,28938,2764,CE,OC
19042,360112,SC,175.500,28939,5008,CE,SC
19043,220454,BC,175.500,28941,5910,CS,OC
19044,247612,SC,175.500,28942,2739,CS,SC
19045,375768,BC,175.500,28943,1210,CS,OC
19046,363048,BC,175.500,28945,2,PM,BC
19047,272774,BCM,175.500,28946,4974,CE,OC
19048,292732,BC,175.500,28947,4960,EC,BC
19049,352793,BC,175.500,28948,2718,MZ,OC
19050,258029,BC,175.500,28951,2736,SC,OC
19051,455603,MBC,175.500,28952,4969,CS,OC
19052,282988,BC,175.500,28953,1113,CA,BC
19053,417608,MBC,175.500,28954,1317,CS,MBC
19054,292197,MBC,175.500,28955,2702,CS,MBC
19055,219856,MBC,175.500,28956,1419,IT,OC
19056,339701,BC,175.500,28959,2702,AD,OC
19057,275646,BC,175.500,28962,4672,AD,OC
19058,418723,OC,175.500,28963,2750,AD,OC
19059,254347,BC,175.500,28964,2723,AD,OC
19060,425805,MBC,175.500,28966,3826,AD,OC
19061,407870,MBC,175.500,28969,5910,EC,OC
19062,333609,BC,175.500,28971,1216,IT,OC
19063,351028,BC,175.500,28974,2718,CS,BC
19064,295630,BC,175.500,28975,2764,CB,BC
19065,258255,BC,175.500,28976,1419,AD,OC
19066,356815,SC,175.500,28977,4974,EC,SC
19067,229477,BC,175.500,28979,2702,AD,OC
19068,276260,BC,175.500,28980,3464,CS,OC
19069,200536,BC,175.500,28981,2726,CS,OC
19070,316775,BCM,175.500,28982,2764,AM,BCM
19071,256597,BC,175.500,28983,1216,IT,OC
19072,304455,MBC,175.500,28984,1317,IT,OC
19073,307092,MBC,175.500,28986,1317,EC,OC
19074,275595,BC,175.500,28988,4965,EC,OC
19075,233560,MBC,175.500,28989,2711,AL,OC
19076,282274,BC,175.500,28991,2702,IT,OC
19077,231511,BC,175.500,28995,2706,AD,OC
19078,211471,MBC,175.500,28997,2622,EC,OC
19079,255703,MBC,175.500,28998,1516,EC,OC
19080,276704,BC,175.500,28999,2718,MZ,OC
19081,295527,MBC,175.500,29002,2603,SC,MBC
19082,387758,MBC,175.500,29006,3011,IT,MBC
19083,416587,BC,175.500,29007,1419,CS,OC
19084,233196,BCM,175.500,29008,2710,CS,BCM
19085,469207,SC,175.500,29011,1,XM,SC
19086,346245,BC,175.500,29012,2702,AD,OC
19087,297119,BC,175.500,29013,2603,EC,BC
19088,222762,MBC,175.500,29014,1516,CS,MBC
19089,347780,OC,175.500,29015,1419,EC,OC
19090,460354,BC,175.500,29016,2710,CS,BC
19091,227426,BC,175.500,29017,2740,EC,OC
19092,267604,BC,175.500,29018,2710,IT,OC
19093,270455,BCM,175.500,29019,1219,EE,OC
19094,408705,BC,175.500,29020,2656,EC,OC
19095,442037,MBC,175.500,29022,1432,CB,MBC
19096,447241,BC,175.500,29023,2621,AD,OC
19097,380135,MBC,175.500,29024,1304,IT,MBC
19098,272146,MBC,175.500,29025,2702,CS,MBC
19099,283153,BC,175.500,29026,2711,EC,BC
19100,299916,BC,175.500,29027,1210,AD,OC
19101,262711,BC,175.500,29028,2709,CS,BC
19102,345683,BC,175.500,29029,1118,CS,OC
19103,349483,BC,175.500,29030,1419,EC,OC
19104,220187,BC,175.500,29031,2711,IT,OC
19105,396401,BC,175.500,29032,1112,CS,OC
19106,279389,MBC,175.500,29034,1113,CA,MBC
19107,201669,BC,175.500,29036,2719,EC,BC
19108,363024,MBC,175.500,29037,2718,EC,MBC
19109,317863,MBC,175.500,29038,1414,CS,OC
19110,277558,MBC,175.500,29039,1216,AL,MBC
19111,245871,BC,175.500,29040,1113,CA,BC
19112,217764,MBC,175.500,29041,2718,EC,MBC
19113,421926,MBC,175.500,29042,3425,CS,OC
19114,395009,SC,175.500,29043,2007,CE,SC
19115,209012,BC,175.500,29044,5910,CS,OC
19116,366455,MBC,175.500,29045,1219,IT,MBC
19117,368797,MBC,175.500,29046,1504,CS,OC
19118,445718,MBC,175.500,29046A,2736,AD,OC
19119,257931,BC,175.500,29048,1317,CS,BC
19120,277559,MBC,175.500,29049,2615,CE,OC
19121,416074,BC,175.500,29050,2623,IT,OC
19122,440907,BC,175.500,29051,5910,EC,OC
19123,351127,BC,175.500,29053,1304,EC,BC
19124,384878,MBC,175.500,29054,1408,CS,OC
19125,450040,BCM,175.500,29055,5921,CS,OC
19126,288872,BC,175.500,29056,2736,CS,OC
19127,438794,BC,175.500,29057,2710,IT,BC
19128,337506,BC,175.500,29059,4954,EC,OC
19129,436848,BC,175.500,29060,2712,AU,OC
19130,343489,BC,175.500,29061,1405,EE,OC
19131,206345,BC,175.500,29062,1304,RM,OC
19132,289492,MBC,175.500,29063,2764,EC,MBC
19133,331936,BC,175.500,29064,2702,AD,OC
19134,414939,BC,175.500,29068,3803,EC,OC
19135,202713,MBC,175.500,29069,3819,CS,OC
19136,359255,MBC,175.500,29071,2718,IT,MBC
19137,284362,BC,175.500,29072,1432,AM,BC
19138,207914,MBC,175.500,29073,2736,EC,OC
19139,291165,BC,175.500,29074,2719,IT,OC
19140,403110,BC,175.500,29075,4960,CS,BC
19141,287794,BCM,175.500,29076,2711,CS,BCM
19142,319068,MBC,175.500,29077,1422,CS,OC
19143,386937,BC,175.500,29081,2718,CS,BC
19144,459593,MBC,175.500,29085,1421,EC,OC
19145,479290,BC,175.500,29086,2710,IT,BC
19146,253727,MBC,175.500,29087,1216,CS,MBC
19147,227772,BC,175.500,29088,2718,AD,BC
19148,331012,BC,175.500,29089,1211,RM,BC
19149,315205,BC,175.500,29093,2750,EC,BC
19150,200762,BC,175.500,29094,3465,EE,OC
19151,367030,BC,175.500,29095,2764,MZ,BC
19152,270802,BC,175.500,29097,2711,EE,OC
19153,482775,MBC,175.500,29098,1211,AD,MBC
19154,337266,MBC,175.500,29099,2025,CS,MBC
19155,262600,MBC,175.500,29104,2711,EC,MBC
19156,408310,BC,175.500,29105,2634,CS,OC
19157,418756,MBC,175.500,29107,2710,AD,MBC
19158,439887,BCM,175.500,29109,2750,EC,BCM
19159,365607,BC,175.500,29110,2702,AD,OC
19160,453283,BC,175.500,29111,1317,EC,OC
19161,365456,BC,175.500,29113,4962,CS,BC
19162,483146,BC,175.500,29115,2702,AD,OC
19163,328420,BC,175.500,29119,2329,SC,OC
19164,380803,BC,175.500,29120,2709,CS,BC
19165,253437,BC,175.500,29123,2005,PR,BC
19166,429785,BC,175.500,29125,2025,EE,BC
19167,451326,SC,175.500,29126,1432,AM,SC
19168,309015,BC,175.500,29127,2702,AD,BC
19169,277187,OC,175.500,29130,2711,EE,OC
19170,231399,BC,175.500,29131,4974,EE,BC
19171,270034,BC,175.500,29132,3464,EC,OC
19172,223569,OC,175.500,29135,2630,CS,OC
19173,335591,BC,175.500,29139,2777,CS,OC
19174,262198,BC,175.500,29140,1432,AM,BC
19175,338009,BC,175.500,29141,2706,CS,BC
19176,452397,BC,175.500,29143,2357,IT,OC
19177,203876,BC,175.500,29144,2718,CS,BC
19178,230022,BC,175.500,29145,1304,CS,BC
19179,215072,BC,175.500,29146,1317,EC,OC
19180,374263,BC,175.500,29147,1233,CS,OC
19181,446394,MBC,175.500,29148,2622,EC,OC
19182,225752,BC,175.500,29149,2750,SC,BC
19183,327005,MBC,175.500,29150,2750,CS,MBC
19184,365875,BC,175.500,29151,2764,MZ,BC
19185,301215,BC,175.500,29152,5986,AD,OC
19186,333409,MBC,175.500,29156,2025,CS,MBC
19187,251592,BC,175.500,29157,2603,SC,BC
19188,361982,MBC,175.500,29158,1432,EV,MBC
19189,243469,BC,175.500,29159,1432,ME,BC
19190,338605,MBC,175.500,29160,1216,CS,MBC
19191,385335,MBC,175.500,29161,2653,EC,OC
19192,271734,BC,175.500,29162,1419,EC,OC
19193,293557,BC,175.500,29163,2711,AL,OC
19194,339768,BC,175.500,29164,1419,CS,OC
19195,353803,BC,175.500,29165,1419,EC,OC
19196,346828,OC,175.500,29167,2719,IT,OC
19197,289874,BC,175.500,29168,1211,IT,BC
19198,408618,MBC,175.500,29169,1317,CS,MBC
19199,251112,MBC,175.500,29170,1424,CS,OC
19200,203773,BC,175.500,29171,2727,SC,OC
19201,300791,BC,175.500,29173,1126,CS,OC
19202,235386,BC,175.500,29174,1118,AD,OC
19203,284578,BC,175.500,29175,5010,CS,BC
19204,223377,BC,175.500,29176,5901,CE,BC
19205,292830,BC,175.500,29177,2702,AD,BC
19206,294881,BC,175.500,29179,2718,CS,BC
19207,271036,BC,175.500,29180,1419,EC,OC
19208,346934,BC,175.500,29182,1431,CS,OC
19209,301706,BC,175.500,29183,1414,EC,OC
19210,313506,BC,175.500,29185,1419,AM,OC
19211,223862,BC,175.500,29186,1419,EC,OC
19212,433795,MBC,175.500,29188,2749,AD,OC
19213,345647,MBC,175.500,29189,1507,AD,OC
19214,218633,BCM,175.500,29191,2769,PC,OC
19215,454832,BC,175.500,29192,2711,CD,OC
19216,213508,BC,175.500,29193,1419,CS,OC
19217,457438,BCM,175.500,29198,1441,ME,OC
19218,291457,BCM,175.500,29199,2710,CS,BCM
19219,380429,BC,175.500,29200,2711,IT,OC
19220,292639,BC,175.500,29201,2764,CH,OC
19221,295577,MBC,175.500,29202,2764,EE,MBC
19222,399181,MBC,175.500,29203,1304,IT,MBC
19223,300779,BC,175.500,29205,2718,CS,BC
19224,272662,BC,175.500,29207,5910,CS,OC
19225,203119,BC,175.500,29209,2718,CS,BC
19226,433819,BC,175.500,29210,3011,IT,BC
19227,270087,BC,175.500,29212,2005,PR,BC
19228,275346,BC,175.500,29213,2711,EC,BC
19229,363353,BC,175.500,29214,2718,CS,BC
19230,254426,MBC,175.500,29215,2777,CS,OC
19231,485478,BC,175.500,29219,2711,IT,OC
19232,218414,BC,175.500,29220,2634,AD,OC
19233,287659,BC,175.500,29222,2702,AD,BC
19234,382125,BC,175.500,29225,2609,CY,OC
19235,407596,OC,175.500,29227,1128,EC,OC
19236,437852,BC,175.500,29228,1211,MZ,OC
19237,417535,BC,175.500,29230,2603,CS,BC
19238,213530,SC,175.500,29231,2006,BS,SC
19239,457170,BC,175.500,29234,2702,AD,BC
19240,396857,MBC,175.500,29235,1211,AD,MBC
19241,377967,BC,175.500,29236,1211,BM,OC
19242,383882,BCM,175.500,29238,1211,IT,BCM
19243,436360,BC,175.500,29240,2729,AD,OC
19244,428232,BC,175.500,29242,2718,EE,BC
19245,256737,BCM,175.500,29247,2764,SC,BCM
19246,293093,BC,175.500,29250,2702,AD,BC
19247,334344,BC,175.500,29253,1211,IT,BC
19248,265864,BC,175.500,29255,1419,CS,OC
19249,311878,BC,175.500,29257,2329,AM,OC
19250,389124,MBC,175.500,29258,2006,MY,MBC
19251,477469,MBC,175.500,29259,2329,CS,OC
19252,372651,BC,175.500,29260,1317,EC,OC
19253,433418,MBC,175.500,29261,2653,CS,OC
19254,417421,MBC,175.500,29263,1210,CS,OC
19255,415560,BC,175.500,29264,2764,BM,OC
19256,284750,BC,175.500,29268,1113,CS,BC
19257,469382,BC,175.500,29271,2751,AM,OC
19258,245097,MBC,175.500,29272,2718,IT,MBC
19259,289538,BC,175.500,29273,1211,CB,BC
19260,315162,MBC,175.500,29274,2751,CS,OC
19261,270605,BC,175.500,29276,1111,IT,OC
19262,305593,BC,175.500,29278,5910,CS,OC
19263,480560,SC,175.500,29281,2624,EE,OC
19264,353871,BC,175.500,29282,1211,EE,BC
19265,350195,BC,175.500,29284,2615,ME,BC
19266,261097,BC,175.500,29286,4971,SC,OC
19267,209430,BC,175.500,29287,2718,MZ,OC
19268,394602,BC,175.500,29289,2718,CB,BC
19269,220369,BC,175.500,29290,2622,IT,OC
19270,392721,BCM,175.500,29291,2764,AD,BCM
19271,201006,BCM,175.500,29292,1424,CS,OC
19272,213663,BC,175.500,29296,3465,CS,OC
19273,337171,MBC,175.500,29297,2718,IT,MBC
19274,434717,BC,175.500,29298,1216,EC,BC
19275,386320,BC,175.500,29299,2736,AD,OC
19276,423389,MBC,175.500,29300,2025,CS,MBC
19277,225030,BC,175.500,29301,1026,ME,OC
19278,379514,BC,175.500,29304,2603,EC,BC
19279,278761,BC,175.500,29306,1113,IT,OC
19280,281451,BC,175.500,29309,1317,AD,OC
19281,275658,BC,175.500,29311,2750,EV,OC
19282,262718,BC,175.500,29312,2718,SC,BC
19283,424058,SC,175.500,29316,4,AU,SC
19284,332605,BC,175.500,29317,2718,AD,BC
19285,297490,BC,175.500,29318,2702,AD,BC
19286,394819,SC,175.500,29319,3011,XC,OC
19287,337947,MBC,175.500,29320,2603,SC,MBC
19288,329986,SC,175.500,29321,2712,CS,SC
19289,329704,BC,175.500,29322,1216,AL,BC
19290,325519,BC,175.500,29323,4955,CS,OC
19291,417600,BC,175.500,29325,2711,IT,OC
19292,409806,BC,175.500,29325A,2706,EC,BC
19293,229933,MBC,175.500,29326,2764,EE,MBC
19294,454277,BC,175.500,29327,1113,IT,OC
19295,463671,MBC,175.500,29329,2718,IT,MBC
19296,235334,BC,175.500,29330,1317,AD,OC
19297,309121,BC,175.500,29332,1216,ME,OC
19298,440690,BC,175.500,29333,1450,IT,BC
19299,344335,BC,175.500,29335,2719,IT,OC
19300,332144,BC,175.500,29337,1317,AD,OC
19301,465098,BC,175.500,29338,2726,SB,OC
19302,440087,BC,175.500,29339,4944,CS,OC
19303,303739,BC,175.500,29341,2603,CS,BC
19304,266356,MBC,175.500,29344,1304,EC,MBC
19305,350722,BC,175.500,29346,3011,IT,BC
19306,273004,BC,175.500,29348,2750,AD,BC
19307,215110,OC,175.500,29352,4974,IB,OC
19308,362628,BC,175.500,29353,1216,CS,BC
19309,388937,BC,175.500,29359,3019,CE,OC
19310,448601,BC,175.500,29360,2622,CS,BC
19311,289820,OC,175.500,29361,2607,AM,OC
19312,286233,MBC,175.500,29365,2025,CS,MBC
19313,410632,BC,175.500,29366,2710,IT,BC
19314,206652,BC,175.500,29367,1317,EC,BC
19315,300482,MBC,175.500,29368,2744,CS,OC
19316,426086,BC,175.500,29369,2711,IT,OC
19317,215487,BC,175.500,29370,2750,CS,BC
19318,350144,BC,175.500,29371,2349,CS,OC
19319,290704,BC,175.500,29372,5901,CE,BC
19320,326086,MBC,175.500,29373,2764,CB,MBC
19321,309338,BC,175.500,29374,3807,CS,OC
19322,233414,BC,175.500,29376,1419,IT,OC
19323,395172,BC,175.500,29377,4020,CS,OC
19324,321469,BC,175.500,29379,2718,EE,BC
19325,330657,SC,175.500,29382,2712,BT,SC
19326,238200,MBC,175.500,29383,2622,EC,OC
19327,225293,BC,175.500,29384,2702,EC,BC
19328,200974,BC,175.500,29385,1419,AM,OC
19329,319630,BC,175.500,29386,1304,CS,BC
19330,430146,BC,175.500,29387,1419,AM,OC
19331,300774,BCM,175.500,29388,3819,EC,OC
19332,393913,BC,175.500,29389,1419,EC,OC
19333,335620,BC,175.500,29390,1110,AD,OC
19334,462715,BC,175.500,29392,2005,PR,BC
19335,248978,BC,175.500,29393,1432,SC,BC
19336,354532,BC,175.500,29394,1419,CS,OC
19337,308129,MBC,175.500,29396,2708,IT,OC
19338,464729,BC,175.500,29398,2005,IB,BC
19339,265792,BC,175.500,29400,1419,CS,OC
19340,314344,BC,175.500,29402,5010,AM,OC
19341,275793,BC,175.500,29404,5910,CS,OC
19342,306341,BC,175.500,29405,4023,EE,OC
19343,467833,BC,175.500,29406,1211,CB,BC
19344,269230,MBC,175.500,29408,2710,EC,MBC
19345,479573,BC,175.500,29409,2776,AD,OC
19346,254167,BC,175.500,29411,3011,CS,BC
19347,208112,SC,175.500,29412,5008,IM,SC
19348,251382,BC,175.500,29413,2615,CE,OC
19349,245637,BC,175.500,29415,2718,MZ,OC
19350,327363,BC,175.500,29417,2620,AM,OC
19351,415854,MBC,175.500,29419,5,AM,OC
19352,262751,MBC,175.500,29420,1113,IT,OC
19353,249969,MBC,175.500,29421,2711,CS,MBC
19354,324181,BC,175.500,29422,1422,AD,BC
19355,350059,BC,175.500,29423,1211,EE,BC
19356,413164,SC,175.500,29426,4974,CS,SC
19357,375187,MBC,175.500,29429,2718,AD,MBC
19358,368807,BC,175.500,29431,4957,EC,OC
19359,441333,MBC,175.500,29432,1219,EE,OC
19360,408058,BC,175.500,29433,1113,CS,BC
19361,275944,BC,175.500,29434,2603,EC,BC
19362,252590,MBC,175.500,29435,2702,EC,MBC
19363,212266,BC,175.500,29436,2718,EE,BC
19364,345635,BC,175.500,29437,4020,AD,OC
19365,226586,BCM,175.500,29440,3011,CF,OC
19366,386360,MBC,175.500,29441,2369,EC,OC
19367,331189,BC,175.500,29442,2369,CS,OC
19368,497723,SC,175.500,29444,2643,CS,OC
19369,291053,SC,175.500,29445,2006,AS,SC
19370,237492,BC,175.500,29447,1317,CS,BC
19371,244658,BC,175.500,29449,1419,CS,OC
19372,444216,BC,175.500,29451,1317,CS,BC
19373,231769,MBC,175.500,29452,1114,EC,OC
19374,218034,BCM,175.500,29455,3830,CS,OC
19375,470042,MBC,175.500,29456,2006,PN,MBC
19376,321640,MBC,175.500,29457,2764,SC,MBC
19377,234050,BC,175.500,29458,4,RP,BC
19378,465935,BC,175.500,29459,1111,EC,OC
19379,341632,SC,175.500,29461,3,BP,SC
19380,411804,MBC,175.500,29462,2710,AD,MBC
19381,331030,MBC,175.500,29464,2718,EC,MBC
19382,220971,SC,175.500,29465,2712,EC,SC
19383,349760,BC,175.500,29467,2702,EC,BC
19384,422987,SC,175.500,29471,2739,EC,SC
19385,282241,MBC,175.500,29472,1304,SC,MBC
19386,488980,SC,175.500,29473,2739,AD,SC
19387,297312,SC,175.500,29474,2623,EC,OC
19388,385818,BC,175.500,29475,1516,EC,OC
19389,200772,BC,175.500,29476,1304,CS,BC
19390,467527,BC,175.500,29478,2329,AM,OC
19391,327605,BC,175.500,29479,2718,ME,OC
19392,256306,BC,175.500,29480,1419,EC,OC
19393,226494,BC,175.500,29481,1317,AD,OC
19394,402244,BC,175.500,29482,2603,SC,BC
19395,416423,BC,175.500,29483,1112,CS,OC
19396,353346,MBC,175.500,29484,1304,ME,OC
19397,215338,BC,175.500,29485,1419,EC,OC
19398,323413,MBC,175.500,29486,2719,EC,MBC
19399,343983,MBC,175.500,29487,2710,AD,MBC
19400,261017,BC,175.500,29488,2711,FD,OC
19401,250292,BC,175.500,29489,5986,EC,OC
19402,214417,MBC,175.500,29490,3,BP,MBC
19403,232671,BCM,175.500,29491,2718,MZ,OC
19404,373116,BC,175.500,29493,1419,AD,OC
19405,355058,MBC,175.500,29494,2710,IT,MBC
19406,301666,BC,175.500,29496,2718,AD,BC
19407,233217,BC,175.500,29500,5986,EC,OC
19408,229763,BC,175.500,29501,1432,AM,BC
19409,381775,BC,175.500,29502,2329,CS,OC
19410,249554,BCM,175.500,29503,1419,CS,OC
19411,345322,BC,175.500,29504,1211,MZ,OC
19412,329537,MBC,175.500,29505,1304,AM,MBC
19413,295813,BC,175.500,29506,3011,IT,BC
19414,414623,MBC,175.500,29509,1516,EE,OC
19415,264272,BC,175.500,29510,1210,CS,OC
19416,352887,BC,175.500,29511,1317,EC,BC
19417,236907,BC,175.500,29512,1419,EC,OC
19418,265774,SC,175.500,29513,2025,EE,SC
19419,266603,BC,175.500,29514,1113,VL,OC
19420,283985,BC,175.500,29515,2710,IT,BC
19421,376144,BC,175.500,29517,2702,EC,BC
19422,442887,MBC,175.500,29518,5008,CN,MBC
19423,348496,MBC,175.500,29520,3011,EV,OC
19424,312928,BC,175.500,29521,2709,CS,BC
19425,284940,MBC,175.500,29523,2702,CS,MBC
19426,221533,MBC,175.500,29524,5901,EE,MBC
19427,339412,BC,175.500,29525,2709,IT,OC
19428,287937,BC,175.500,29527,1216,CS,BC
19429,354876,BC,175.500,29528,1112,AM,OC
19430,237747,BC,175.500,29529,2719,IT,OC
19431,270208,BC,175.500,29530,2719,IT,OC
19432,211765,MBC,175.500,29531,1111,EC,OC
19433,274800,MBC,175.500,29532,2622,EC,OC
19434,335684,MBC,175.500,29533,1432,EV,MBC
19435,231666,BC,175.500,29534,2618,EC,OC
19436,318385,MBC,175.500,29538,2702,CS,MBC
19437,434294,BC,175.500,29539,1304,EC,BC
19438,347869,MBC,175.500,29540,1216,CS,MBC
19439,202771,MBC,175.500,29541,1317,EC,MBC
19440,336782,MBC,175.500,29542,2025,CS,MBC
19441,447306,MBC,175.500,29543,2710,IT,MBC
19442,436022,BC,175.500,29545,1111,EC,OC
19443,240796,BC,175.500,29547,2622,AM,OC
19444,442096,MBC,175.500,29550,1211,EC,MBC
19445,263727,BC,175.500,29552,2704,AD,OC
19446,483208,OC,175.500,29553,2329,CS,OC
19447,359468,MBC,175.500,29554,2025,AD,MBC
19448,411294,BC,175.500,29555,2718,SC,BC
19449,328746,OC,175.500,29556,1414,CS,OC
19450,303423,SC,175.500,29559,2025,CS,SC
19451,349076,MBC,175.500,29560,2710,IT,MBC
19452,453663,BC,175.500,29564,2006,FY,OC
19453,384744,BC,175.500,29566,2719,CS,BC
19454,456100,SC,175.500,29567,2025,AD,SC
19455,484702,OC,175.500,29570,1419,AD,OC
19456,257534,BC,175.500,29573,5010,EC,OC
19457,278386,MBC,175.500,29576,1219,CS,MBC
19458,377589,SC,175.500,29577,2025,EE,SC
19459,219296,BC,175.500,29581,1419,CS,OC
19460,365519,BCM,175.500,29583,2739,EE,BCM
19461,485894,BC,175.500,29585,1111,EC,OC
19462,442876,MBC,175.500,29588,2615,CE,OC
19463,499281,BC,175.500,29589,2764,CE,OC
19464,355420,BC,175.500,29590,4960,EC,BC
19465,266134,BCM,175.500,29592,4974,IB,OC
19466,396402,MBC,175.500,29596,2718,IT,MBC
19467,274839,MBC,175.500,29597,2712,MZ,MBC
19468,406114,BC,175.500,29601,2750,CS,BC
19469,245683,BC,175.500,29605,2719,IT,OC
19470,211812,BC,175.500,29606,3011,IT,BC
19471,210028,BC,175.500,29608,5910,AD,OC
19472,380348,MBC,175.500,29609,1216,AL,MBC
19473,258866,BCM,175.500,29611,5536,AM,OC
19474,334021,BCM,175.500,29614,5910,AD,OC
19475,296718,BC,175.500,29615,2702,IT,OC
19476,282113,BC,175.500,29616,2718,IT,BC
19477,396528,MBC,175.500,29617,1432,SC,MBC
19478,252770,BC,175.500,29619,5010,AM,OC
19479,284369,MBC,175.500,29621,2005,PR,MBC
19480,273063,SCA,175.500,29622,2615,EC,SCA
19481,459893,MBC,175.500,29624,2673,CS,OC
19482,360231,OC,175.500,29626,1419,EC,OC
19483,200381,BC,175.500,29628,1216,CS,BC
19484,214637,MBC,175.500,29629,5986,EV,OC
19485,344055,MBC,175.500,29630,1432,EV,MBC
19486,342342,MBC,175.500,29633,1419,EC,OC
19487,308292,BC,175.500,29635,1432,CO,BC
19488,225955,OC,175.500,29636,1422,CS,OC
19489,318483,BC,175.500,29637,1216,CS,BC
19490,299856,MBC,175.500,29638,1405,EC,OC
19491,211749,BC,175.500,29639,4,RP,BC
19492,476611,BC,175.500,29640,4962,CS,BC
19493,467475,BC,175.500,29641,2718,SC,BC
19494,290368,BC,175.500,29643,2702,EC,BC
19495,312754,MBC,175.500,29644,1304,AD,MBC
19496,220077,MBC,175.500,29645,1,PT,MBC
19497,211099,BC,175.500,29646,2706,EC,BC
19498,404726,MBC,175.500,29647,2718,CS,MBC
19499,280163,BC,175.500,29648,1317,CS,BC
19500,484840,OC,175.500,29650,2622,AD,OC
19501,420580,BC,175.500,29652,1111,AD,OC
19502,306369,BC,175.500,29653,3011,EC,BC
19503,420761,MBC,175.500,29655,1412,CS,OC
19504,448080,BC,175.500,29656,2710,IT,BC
19505,233829,SC,175.500,29657,1399,EV,SC
19506,383270,BC,175.500,29659,2711,IT,OC
19507,383219,BC,175.500,29661,1432,AM,BC
19508,280866,MBC,175.500,29662,2623,BM,OC
19509,338238,BCM,175.500,29665,1113,CS,BCM
19510,361867,MBC,175.500,29666,2718,IT,MBC
19511,250832,MBC,175.500,29668,1419,CB,OC
19512,468158,SC,175.500,29669,2329,CS,OC
19513,245247,BC,175.500,29670,1211,EE,BC
19514,349922,BC,175.500,29671,5910,CS,OC
19515,446188,MBC,175.500,29674,1211,IT,MBC
19516,440761,BC,175.500,29675,4960,CS,BC
19517,463657,BC,175.500,29676,1419,CS,OC
19518,285767,BC,175.500,29677,4974,EI,OC
19519,219226,BC,175.500,29678,1419,CJ,OC
19520,209023,BC,175.500,29679,1210,CS,OC
19521,239296,BC,175.500,29681,5901,ME,OC
19522,412463,BC,175.500,29683,5986,EC,OC
19523,496627,BC,175.500,29684,1419,CS,OC
19524,200221,BCM,175.500,29685,2710,CE,OC
19525,376647,BC,175.500,29686,1216,CS,BC
19526,434286,BCM,175.500,29687,2673,SC,OC
19527,278755,OC,175.500,29688,2708,AE,OC
19528,231171,BC,175.500,29689,2702,AD,BC
19529,448386,BC,175.500,29690,1317,EC,BC
19530,387942,MBC,175.500,29691,1432,EC,MBC
19531,399228,BC,175.500,29692,2702,CS,BC
19532,219412,BC,175.500,29694,2711,EC,BC
19533,352391,BC,175.500,29695A,1210,CS,OC
19534,419755,MBC,175.500,29696,1216,CS,MBC
19535,356574,MBC,175.500,29697,4020,CS,OC
19536,223054,MBC,175.500,29698,1216,AD,MBC
19537,368672,SC,175.500,29699,1,PT,SC
19538,481372,SC,175.500,29700,2329,CS,OC
19539,366420,MBC,175.500,29703,1414,CS,OC
19540,295405,BC,175.500,29704,2702,AD,BC
19541,398873,BC,175.500,29705,1216,EC,BC
19542,430790,BC,175.500,29707,4962,EC,BC
19543,268067,BC,175.500,29709,1317,CS,BC
19544,394079,BC,175.500,29712,2710,IT,BC
19545,366465,MBC,175.500,29713,1211,EC,MBC
19546,351545,BC,175.500,29715,2712,CE,BC
19547,351330,BC,175.500,29716,2719,IT,OC
19548,466308,BC,175.500,29723,2736,EC,OC
19549,479903,MBC,175.500,29724,1,XM,MBC
19550,326697,MBC,175.500,29725,1431,EC,OC
19551,266845,BC,175.500,29728,2719,EC,BC
19552,338435,SC,175.500,29732,2712,EI,SC
19553,373074,BC,175.500,29735,2707,CJ,OC
19554,401800,BC,175.500,29737,1317,EC,BC
19555,493390,OC,175.500,29738,1126,CS,OC
19556,300092,MBC,175.500,29739,1013,IT,OC
19557,308838,BC,175.500,29740,2710,EC,BC
19558,273869,BC,175.500,29743,2357,EC,OC
19559,289024,SC,175.500,29743A,1,XC,SC
19560,360718,MBC,175.500,29747,1211,AL,MBC
19561,437330,BC,175.500,29752,2718,SC,BC
19562,378222,BC,175.500,29753,2702,CS,BC
19563,259474,MBC,175.500,29755,2710,EC,MBC
19564,263085,BC,175.500,29756,1216,CS,BC
19565,385820,BC,175.500,29757,2706,CS,BC
19566,453095,MBC,175.500,29759,2702,CS,MBC
19567,293967,SC,175.500,29760,2007,EY,SC
19568,430044,BCM,175.500,29763,2718,CS,BCM
19569,475158,MBC,175.500,29765,2739,CO,MBC
19570,493394,OC,175.500,29766,1126,CS,OC
19571,429205,BC,175.500,29767,1113,EC,BC
19572,330979,BC,175.500,29768,2025,EE,BC
19573,227146,BC,175.500,29770,2751,AD,OC
19574,338725,BC,175.500,29771,1216,CS,BC
19575,440012,SC,175.500,29772,3011,AM,SC
19576,352814,BCM,175.045,29777,5921,CS,OC
19577,396232,BC,175.000,29781,2615,ME,BC
19578,369860,MBC,175.000,29786,2702,CS,MBC
19579,477742,BC,175.000,29787,1216,CS,BC
19580,391358,BC,175.000,29788,2706,CS,BC
19581,450400,MBC,175.000,29790,2711,EC,MBC
19582,275979,MBC,175.000,29791,3011,IT,MBC
19583,337895,BC,175.000,29792,1450,IT,BC
19584,267119,MBC,175.000,29793,2025,CS,MBC
19585,295297,BC,175.000,29794,2711,CS,BC
19586,263387,BC,175.000,29795,1219,EE,OC
19587,334705,BC,175.000,29798,1317,CS,BC
19588,429848,BC,175.000,29799,2607,CS,OC
19589,385148,BC,175.000,29800,5910,EC,OC
19590,238937,SC,175.000,29802,4678,CS,OC
19591,395911,MBC,175.000,29803,2622,CS,MBC
19592,373479,SC,175.000,29805,5008,CW,SC
19593,262828,BC,175.000,29808,2702,AD,BC
19594,345407,BCM,175.000,29810,1419,CS,OC
19595,280924,BC,175.000,29811,1210,AD,OC
19596,371568,BC,175.000,29812,2702,MZ,OC
19597,318442,MBC,175.000,29813,2006,MY,MBC
19598,399556,MBC,175.000,29815,2712,BT,MBC
19599,280359,BC,175.000,29816,2702,EC,BC
19600,299206,BC,175.000,29818,2764,BM,OC
19601,285844,BC,175.000,29820,1432,EV,BC
19602,252554,BC,175.000,29823,2718,AD,BC
19603,294738,BC,175.000,29824,5986,CS,BC
19604,388716,BC,175.000,29825,2719,IT,OC
19605,315411,BC,175.000,29826,2750,CB,BC
19606,259004,BC,175.000,29827,1419,CS,OC
19607,328208,BC,175.000,29828,5910,CS,OC
19608,264356,BC,175.000,29829,2710,CS,BC
19609,452506,BC,175.000,29830,1304,RM,OC
19610,496942,MBC,175.000,29831,3826,BM,OC
19611,439076,BC,175.000,29832,2702,EI,OC
19612,205286,BC,175.000,29833,2718,AD,BC
19613,240288,BC,175.000,29834,2622,CS,BC
19614,323260,BCM,175.000,29835,2710,IT,BCM
19615,219646,BC,175.000,29836,2718,EE,BC
19616,456642,BC,175.000,29838,1219,CS,BC
19617,457632,BC,175.000,29839,1317,AD,OC
19618,407187,MBC,175.000,29840,1211,BT,MBC
19619,397771,BC,175.000,29842,2706,EC,BC
19620,320493,BC,175.000,29843,1120,CS,OC
19621,280419,BC,175.000,29845,1317,CS,BC
19622,454930,SC,175.000,29846,2025,AD,SC
19623,216696,BCM,175.000,29851,2718,EC,BCM
19624,207908,BC,175.000,29852,2719,EC,BC
19625,376494,BC,175.000,29854,4962,CS,BC
19626,391364,BC,175.000,29855,2702,EC,BC
19627,323512,MBC,175.000,29856,2025,CS,MBC
19628,365064,BCM,175.000,29858,3011,AM,BCM
19629,292797,MBC,175.000,29860,2007,CN,MBC
19630,285629,BC,175.000,29861,5986,AD,OC
19631,240044,BC,175.000,29862,2622,EC,OC
19632,285852,SC,175.000,29863,2025,CS,SC
19633,460592,BC,175.000,29865,2329,AM,OC
19634,435936,BC,175.000,29866,3465,EC,BC
19635,258486,BC,175.000,29867,2622,EC,OC
19636,444806,BC,175.000,29868,2369,EC,OC
19637,323303,BC,175.000,29869,4678,EC,OC
19638,345274,MBC,175.000,29871,2610,EC,OC
19639,226881,OC,175.000,29872,2603,EE,OC
19640,228324,SC,175.000,29874,1399,CS,SC
19641,273367,BC,175.000,29876,2764,CH,OC
19642,240642,BC,175.000,29877,1419,CS,OC
19643,346840,MBC,175.000,29878,2712,EI,MBC
19644,311972,BCM,175.000,29879,4962,EC,BCM
19645,348129,BC,175.000,29880,1317,AD,OC
19646,307992,MBC,175.000,29884,2656,AD,OC
19647,211783,BC,175.000,29885,1422,CS,OC
19648,200444,BC,175.000,29886,5986,ME,OC
19649,257983,MBC,175.000,29887,2712,CE,MBC
19650,489512,BC,175.000,29888,2706,SC,OC
19651,245068,SC,175.000,29889,1450,AD,SC
19652,359601,MBC,175.000,29890,2702,EC,MBC
19653,341772,MBC,175.000,29892,2603,CS,MBC
19654,232280,BC,175.000,29893,1219,CS,BC
19655,208653,BC,175.000,29894,2750,EE,OC
19656,454333,BC,175.000,29895,2710,CE,OC
19657,321251,SC,175.000,29897,1219,AD,SC
19658,294694,BC,175.000,29899,2603,EE,OC
19659,377614,BC,175.000,29900,2718,AD,BC
19660,398667,BC,175.000,29902,2702,IT,OC
19661,297313,BC,175.000,29904,2718,AD,BC
19662,241108,BC,175.000,29906,2718,IT,BC
19663,325934,BC,175.000,29909,2718,AD,BC
19664,267160,SC,175.000,29910,1399,AM,SC
19665,308702,BC,175.000,29912,4960,EC,BC
19666,216451,BC,175.000,29913,1211,MZ,OC
19667,376378,MBC,175.000,29914,2711,CS,MBC
19668,256529,BC,175.000,29915,2769,AD,OC
19669,265499,MBC,175.000,29916,2603,CS,MBC
19670,454303,OC,175.000,29918,2710,EE,OC
19671,295822,BC,175.000,29919,1317,CS,BC
19672,250133,MBC,175.000,29920,2025,EV,MBC
19673,312472,MBC,175.000,29922,2603,CS,MBC
19674,301452,MBC,175.000,29923,2750,CS,MBC
19675,362672,MBC,175.000,29926,1304,AM,MBC
19676,285371,MBC,175.000,29927,2712,EI,MBC
19677,298437,BC,175.000,29930,2615,CE,OC
19678,424093,MBC,175.000,29931,2615,CE,MBC
19679,246376,BC,175.000,29932,2718,IT,BC
19680,224585,BCM,175.000,29933,2718,ME,OC
19681,318989,MBC,175.000,29935,3011,CS,MBC
19682,211846,MBC,175.000,29936,1211,AD,MBC
19683,294099,BC,175.000,29940,2622,EC,OC
19684,269102,BC,175.000,29941,4960,IT,OC
19685,217711,BC,175.000,29942,2718,IT,BC
19686,434044,OC,175.000,29944,1216,IT,OC
19687,299922,ST,175.000,29945,1317,CH,OC
19688,455534,BCM,175.000,29947,4020,EC,OC
19689,256655,BC,175.000,29948,1321,MN,OC
19690,228836,BCM,175.000,29949,1118,EC,OC
19691,211852,OC,175.000,29950,1304,EE,OC
19692,356054,BC,175.000,29952,5,AM,OC
19693,391388,MBC,175.000,29953,1216,EC,MBC
19694,200721,BC,175.000,29955,2710,EC,BC
19695,294816,MBC,175.000,29956,2710,EC,MBC
19696,263094,BC,175.000,29959,1216,EC,BC
19697,433521,BC,175.000,29960,4962,EC,BC
19698,214713,BC,175.000,29961,3819,EC,OC
19699,274396,SC,175.000,29962,4965,EC,OC
19700,359330,BC,175.000,29964,3830,EC,OC
19701,325115,MBC,175.000,29965,3801,CS,OC
19702,382753,BCM,175.000,29966,2710,AD,BCM
19703,244590,MBC,175.000,29967,1219,CS,MBC
19704,397452,MBC,175.000,29968,2006,AS,MBC
19705,396484,BC,175.000,29969,1317,CS,BC
19706,331648,MBC,175.000,29970,2708,AL,OC
19707,412006,BCM,175.000,29971,1304,IT,BCM
19708,279651,BC,175.000,29972,3819,CS,OC
19709,246377,BC,175.000,29973,2718,SC,BC
19710,451705,MBC,175.000,29974,2718,IT,MBC
19711,421352,MBC,175.000,29975,1211,EC,MBC
19712,464576,MBC,175.000,29976,2615,MT,OC
19713,392361,MBC,175.000,29977,2764,SC,MBC
19714,301380,MBC,175.000,29978,2624,FD,OC
19715,283430,MBC,175.000,29979,1317,EC,MBC
19716,374732,BC,175.000,29980,2005,PR,BC
19717,393630,BC,175.000,29981,2329,CS,OC
19718,420309,BC,175.000,29984,2357,CS,OC
19719,228087,BC,175.000,29985,3011,EC,BC
19720,283487,SC,175.000,29986,1432,EC,SC
19721,242662,BC,175.000,29987,2710,EE,OC
19722,351869,BC,175.000,29989,5009,CS,OC
19723,348080,BC,175.000,29991,5010,EC,OC
19724,247018,BC,175.000,29992,5008,ID,OC
19725,224091,SCA,175.000,29995,2377,CE,SCA
19726,389462,MBC,175.000,29996,2,CR,OC
19727,248878,BC,175.000,29998,3464,EC,OC
19728,243630,BC,175.000,29999,2702,IT,OC
19729,373727,MBC,175.000,30001,5901,EE,MBC
19730,209441,BCM,175.000,30002,1432,CS,BCM
19731,439486,BC,175.000,30003,2622,AD,OC
19732,239647,BC,175.000,30006,1113,CU,OC
19733,353339,BC,175.000,30007,1419,CS,OC
19734,365791,BC,175.000,30008,2711,EC,BC
19735,338704,MBC,175.000,30009,2653,CB,OC
19736,291995,SC,175.000,30010,2377,ME,SC
19737,382653,MBC,175.000,30016,1450,EE,MBC
19738,288224,BC,175.000,30017,5910,EV,OC
19739,222831,BC,175.000,30019,1219,EC,BC
19740,356879,MBC,175.000,30020,2719,AD,MBC
19741,304810,BC,175.000,30022,2656,CS,OC
19742,459235,BC,175.000,30023,1304,AM,BC
19743,448405,SC,175.000,30025,5901,CS,SC
19744,441391,MBC,175.000,30026,1450,IT,MBC
19745,478748,MBC,175.000,30028,1013,CS,OC
19746,398872,MBC,175.000,30029,2702,IT,OC
19747,265273,BCM,175.000,30031,2718,EE,BCM
19748,404585,BC,175.000,30032,2613,EE,OC
19749,388059,BCM,175.000,30033,2750,CS,BCM
19750,475301,BC,175.000,30033A,1317,CS,BC
19751,332392,BC,175.000,30034,1211,FD,OC
19752,327096,MBC,175.000,30035,2718,CS,MBC
19753,330071,BC,175.000,30036,1304,EC,BC
19754,433146,MBC,175.000,30037,2718,IT,MBC
19755,209233,OC,175.000,30038,1422,IT,OC
19756,420069,BC,175.000,30039,2753,CS,OC
19757,451433,SC,175.000,30041,4,RP,SC
19758,303298,MBC,175.000,30043,1432,CO,MBC
19759,219643,BC,175.000,30044,1304,CS,BC
19760,334225,BC,175.000,30045,1219,CS,BC
19761,483823,BC,175.000,30046,2719,CS,BC
19762,391747,BC,175.000,30047,1219,EE,OC
19763,246557,BC,175.000,30048,1211,RM,BC
19764,201585,BC,175.000,30048A,2718,SC,BC
19765,270296,BC,175.000,30049,5910,CS,OC
19766,231733,BC,175.000,30050,5910,CS,OC
19767,273835,BCM,175.000,30051,2329,CS,OC
19768,365538,BC,175.000,30052,4917,EC,OC
19769,241517,BC,175.000,30053,1311,AO,OC
19770,374631,MBC,175.000,30054,2749,SC,OC
19771,424934,MBC,175.000,30055,1219,CS,MBC
19772,280998,BC,175.000,30059,2702,EE,OC
19773,206625,BC,175.000,30060,1211,AE,OC
19774,329351,BC,175.000,30062,2702,IT,OC
19775,309778,BCM,175.000,30063,1126,RM,OC
19776,346575,BC,175.000,30064,2751,CS,OC
19777,466683,MBC,175.000,30068,5,AM,OC
19778,364696,BC,175.000,30069,2750,ME,BC
19779,251769,BC,175.000,30071,1112,AM,OC
19780,430876,MBC,175.000,30073,1419,CS,OC
19781,216233,BC,175.000,30074,2005,IB,BC
19782,365079,BC,175.000,30075,1432,AD,BC
19783,203693,MBC,175.000,30076,1399,BM,MBC
19784,342311,BC,175.000,30077,3465,CS,OC
19785,259545,BC,175.000,30078,2764,ME,OC
19786,304798,SC,175.000,30079,5008,IM,SC
19787,242076,SC,175.000,30080,2377,EV,SC
19788,439499,BC,175.000,30081,1113,IT,OC
19789,411358,BC,175.000,30082,2777,CS,OC
19790,487404,SC,175.000,30083,2603,SC,SC
19791,259019,BCM,175.000,30087,4960,CS,BCM
19792,214393,BC,175.000,30088,4959,AD,OC
19793,255347,BC,175.000,30089,2718,EE,BC
19794,259779,OC,175.000,30090,2704,EC,OC
19795,258827,OC,175.000,30091,1414,CS,OC
19796,216941,BCM,175.000,30093,1113,CS,BCM
19797,389477,SC,175.000,30094,2025,AD,SC
19798,206735,BC,175.000,30095,1317,SC,OC
19799,376553,MBC,175.000,30096,1211,AD,MBC
19800,317629,MBC,175.000,30098,2764,AD,MBC
19801,250137,BC,175.000,30099,2718,IT,BC
19802,400888,BC,175.000,30100,2357,CS,OC
19803,419769,BC,175.000,30101,1424,CS,OC
19804,351733,MBC,175.000,30102,5008,CN,MBC
19805,394363,BC,175.000,30104,1211,CE,OC
19806,320857,BC,175.000,30106,5010,EC,BC
19807,468991,MBC,175.000,30107,1115,AD,OC
19808,375859,BC,175.000,30108,2702,IT,OC
19809,434285,MBC,175.000,30109,1516,CS,MBC
19810,288493,BC,175.000,30110,1304,CS,BC
19811,298688,BC,175.000,30111,1419,CS,OC
19812,403118,MBC,175.000,30112,2764,EC,MBC
19813,444866,OC,175.000,30113,5901,ME,OC
19814,279576,MBC,175.000,30114,1419,CS,OC
19815,353451,BC,175.000,30116,4960,EC,BC
19816,217064,BC,175.000,30117,1112,CS,OC
19817,448295,BC,175.000,30118,2711,CD,OC
19818,280692,BC,175.000,30122,2750,AD,BC
19819,326815,MBC,175.000,30124,4023,CS,OC
19820,347627,MBC,175.000,30125,1211,AD,MBC
19821,448390,BCM,175.000,30126,3811,EC,OC
19822,444090,BC,175.000,30127,2751,AM,OC
19823,460933,BC,175.000,30128,4960,CS,BC
19824,405220,BC,175.000,30129,2718,MZ,OC
19825,290291,SC,175.000,30131,1211,EC,SC
19826,408413,BC,175.000,30132,2718,IT,BC
19827,256045,MBC,175.000,30133,3011,ME,OC
19828,337550,BC,175.000,30134,2718,ME,OC
19829,411601,MBC,175.000,30135,2005,IB,MBC
19830,429225,BC,175.000,30136,2702,AD,BC
19831,367602,MBC,175.000,30137,2702,AD,MBC
19832,217455,MBC,175.000,30138,5986,CS,MBC
19833,268779,MBC,175.000,30139,1219,AD,MBC
19834,219641,SC,175.000,30140,2739,CS,SC
19835,413659,BC,175.000,30141,2610,EC,OC
19836,294145,MBC,175.000,30142,3826,EC,OC
19837,435185,SC,175.000,30145,1399,CS,SC
19838,332857,BC,175.000,30148,2711,AL,BC
19839,234658,BC,175.000,30150,2377,DA,BC
19840,276785,BC,175.000,30151,2718,AD,BC
19841,470888,BC,175.000,30152,2711,IT,OC
19842,462741,BC,175.000,30153,1419,EC,OC
19843,363502,SC,175.000,30154,5901,EE,SC
19844,416737,MBC,175.000,30155,3819,CS,OC
19845,290364,BC,175.000,30156,1317,AM,BC
19846,343065,BC,175.000,30157,1219,CS,BC
19847,273282,SC,175.000,30160,3830,EC,OC
19848,257843,BC,175.000,30161,5986,EC,OC
19849,307305,BC,175.000,30162,2764,CH,BC
19850,412695,MBC,175.000,30163,2718,CS,MBC
19851,242319,SC,175.000,30166,2377,EE,SC
19852,414809,OC,175.000,30167,1304,ME,OC
19853,279994,BCM,175.000,30169,1432,EV,BCM
19854,330530,BC,175.000,30170,3,BP,BC
19855,452436,BC,175.000,30172,4676,AD,OC
19856,387004,BC,175.000,30173,5865,EE,OC
19857,300202,BC,175.000,30174,1317,AD,OC
19858,437820,BC,175.000,30175,1113,IT,BC
19859,485659,BC,175.000,30176,1516,EC,OC
19860,248742,BC,175.000,30178,3831,AD,OC
19861,397069,OC,175.000,30179,1112,EC,OC
19862,359726,BC,175.000,30181,2603,EC,BC
19863,265414,BCM,175.000,30182,1432,ME,BCM
19864,338230,SC,175.000,30183,2712,EC,SC
19865,315220,MBC,175.000,30184,2702,EC,MBC
19866,414031,OC,175.000,30185,1419,CO,OC
19867,319856,BC,175.000,30186,2710,EV,OC
19868,388500,BC,175.000,30187,2706,EC,BC
19869,350673,BC,175.000,30188,1113,IT,BC
19870,339991,MBC,175.000,30189,1211,ME,MBC
19871,354929,BC,175.000,30190,2702,EE,OC
19872,370156,BC,175.000,30194,1210,EC,OC
19873,357789,BC,175.000,30198,5986,CS,BC
19874,447973,BC,175.000,30199,3011,IT,BC
19875,375323,BC,175.000,30200,2706,AD,OC
19876,431283,BC,175.000,30202,2603,EE,OC
19877,451505,MBC,175.000,30203,1026,SC,OC
19878,320622,BC,175.000,30204,3826,CS,OC
19879,452216,BC,175.000,30205,2749,EC,OC
19880,223847,MBC,175.000,30207,1211,ME,MBC
19881,376103,MBC,175.000,30208,1216,AD,MBC
19882,349713,BC,175.000,30209,2615,MT,BC
19883,396550,BC,175.000,30210,1111,IT,OC
19884,334013,SC,175.000,30211,4,PR,SC
19885,209425,BCM,175.000,30213,1211,IT,BCM
19886,432137,BC,175.000,30217,3011,BT,OC
19887,375875,BC,175.000,30220,3,BP,BC
19888,364462,BC,175.000,30221,2615,CE,BC
19889,221346,BC,175.000,30222,2718,MZ,OC
19890,498535,BC,175.000,30223,2702,EC,BC
19891,407072,BC,175.000,30224,2710,CS,BC
19892,385126,BC,175.000,30225,2622,EC,OC
19893,338079,MBC,175.000,30226,2718,SC,MBC
19894,316240,MBC,175.000,30228,1501,CS,OC
19895,219983,SC,175.000,30229,1450,CS,SC
19896,434579,BC,175.000,30230,2603,EC,BC
19897,274905,BC,175.000,30235,1419,AD,OC
19898,278512,SC,175.000,30236,1211,AD,SC
19899,475557,BC,175.000,30237,1414,EC,OC
19900,404065,BC,175.000,30238,5910,CS,OC
19901,200567,BC,175.000,30239,2615,MT,BC
19902,371218,MBC,175.000,30240,3805,EC,OC
19903,401543,BC,175.000,30241,5901,ME,OC
19904,452715,MBC,175.000,30242,2718,IT,MBC
19905,415925,BC,175.000,30243,1304,CS,BC
19906,202984,BC,175.000,30244,1304,CS,BC
19907,297045,BCM,175.000,30245,3819,EC,OC
19908,291380,MBC,175.000,30246,1211,EC,MBC
19909,350107,MBC,175.000,30247,2329,AD,OC
19910,209564,BC,175.000,30249,1304,RM,OC
19911,305027,BCM,175.000,30250,2710,ME,OC
19912,309279,BC,175.000,30253,1211,CB,BC
19913,454915,MBC,175.000,30256,1304,AD,MBC
19914,276151,BC,175.000,30257,5910,CS,OC
19915,410717,MBC,175.000,30258,1113,CS,MBC
19916,377409,BCM,175.000,30260,1219,AD,BCM
19917,421617,MBC,175.000,30262,1216,EC,MBC
19918,302095,BC,175.000,30264,4670,EC,OC
19919,201324,BCM,175.000,30269,1219,IT,BCM
19920,308402,BC,175.000,30270,2718,MZ,OC
19921,245502,BC,175.000,30271,1432,SC,BC
19922,301503,BC,175.000,30273,2329,AM,OC
19923,408089,BC,175.000,30274,1112,CS,OC
19924,404356,SC,175.000,30275,1399,CS,SC
19925,275579,BCM,175.000,30276,2718,CS,BCM
19926,411831,BCM,175.000,30278,2603,SC,BCM
19927,279844,MBC,175.000,30279,1304,IT,MBC
19928,397934,BC,175.000,30281,5910,EC,OC
19929,424723,MBC,175.000,30282,3011,BT,OC
19930,340894,BC,175.000,30283,5910,CS,OC
19931,436294,MBC,175.000,30285,2618,CS,OC
19932,221895,BC,175.000,30286,4,RP,BC
19933,274073,BC,175.000,30288,2702,IT,OC
19934,292766,BC,175.000,30289,2702,EE,OC
19935,245045,SC,175.000,30292,2006,RA,SC
19936,358006,BC,175.000,30293,1304,CS,BC
19937,352673,OC,175.000,30295,2709,EE,OC
19938,430149,BC,175.000,30297,2711,IT,OC
19939,369143,MBC,175.000,30299,2702,EC,MBC
19940,260434,BC,175.000,30300,3011,CF,OC
19941,420694,MBC,175.000,30302,1304,AD,MBC
19942,393551,BC,175.000,30304,2711,AD,BC
19943,363856,BC,175.000,30305,1419,CS,OC
19944,236711,BC,175.000,30306,1216,CS,BC
19945,395262,BC,175.000,30309,5010,AM,OC
19946,212001,BC,175.000,30310,4,RP,BC
19947,296367,MBC,175.000,30311,2610,EC,OC
19948,391697,BC,175.000,30317,2706,CS,BC
19949,233793,MBC,175.000,30319,5986,EC,OC
19950,395833,BC,175.000,30322,2725,EC,OC
19951,379891,BC,175.000,30323,2751,AD,OC
19952,477452,MBC,175.000,30325,2718,IT,MBC
19953,376973,SC,175.000,30327,2709,CS,SC
19954,377362,OC,175.000,30328,1419,AD,OC
19955,449901,BC,175.000,30330,2711,AD,BC
19956,250813,BC,175.000,30331,2719,EC,BC
19957,341829,BC,175.000,30332,2710,ME,OC
19958,371481,MBC,175.000,30334,1216,CS,MBC
19959,330548,BC,175.000,30335,1419,CS,OC
19960,396935,BC,175.000,30336,2718,ME,OC
19961,330392,MBC,175.000,30340,2718,IT,MBC
19962,437499,BC,175.000,30343,2711,EI,OC
19963,206941,MBC,175.000,30344,1211,AD,MBC
19964,440074,BC,175.000,30345,1304,BT,OC
19965,498156,SC,175.000,30347,4974,EC,SC
19966,309405,BC,175.000,30348,1317,AD,OC
19967,280803,SC,175.000,30349,1432,AD,SC
19968,325057,MBC,175.000,30350,2710,CS,MBC
19969,221189,BC,175.000,30351,2718,AD,BC
19970,235771,SC,175.000,30352,2712,CS,SC
19971,290768,BC,175.000,30354,1317,IT,OC
19972,205473,BC,175.000,30355,2718,AD,BC
19973,410587,MBC,175.000,30356,2708,AL,OC
19974,493392,BC,175.000,30357,3465,CS,OC
19975,369600,BC,175.000,30358,3011,EF,OC
19976,398785,BC,175.000,30360,1211,EE,BC
19977,388853,MBC,175.000,30361,1126,AD,MBC
19978,292506,MBC,175.000,30362,5008,MF,MBC
19979,238231,SC,175.000,30363,1211,CS,SC
19980,248214,OC,175.000,30364,2357,EC,OC
19981,204430,BCM,175.000,30365,4020,EC,OC
19982,228994,BCM,175.000,30367,4960,EC,BCM
19983,257650,MBC,175.000,30368,1219,CS,MBC
19984,308584,MBC,175.000,30369,3011,IT,MBC
19985,357490,BC,175.000,30370,2750,AD,BC
19986,299211,BC,175.000,30371,2618,CS,OC
19987,397165,SC,175.000,30372,5901,EE,SC
19988,217872,MBC,175.000,30374,1317,CS,MBC
19989,258838,BC,175.000,30376,1219,CS,BC
19990,349910,BC,175.000,30378,1419,SC,OC
19991,364226,MBC,175.000,30381,2718,CB,MBC
19992,384719,BC,175.000,30382,2712,AU,OC
19993,238958,BC,175.000,30383,2718,AD,BC
19994,419542,BC,175.000,30385,1317,EC,BC
19995,257118,MBC,175.000,30387,1317,CS,MBC
19996,431134,MBC,175.000,30388,2739,EE,MBC
19997,231149,BC,175.000,30390,3011,EC,BC
19998,222001,SC,175.000,30391,1399,CB,SC
19999,352416,BC,175.000,30393,1317,SC,OC
20000,431413,BC,175.000,30394,2719,IT,OC
20001,460316,BC,175.000,30395,2711,IT,OC
20002,223630,MBC,175.000,30398,1219,EC,MBC
20003,335065,BC,175.000,30399,1317,CS,BC
20004,223362,BC,175.000,30404,1419,CS,OC
20005,360665,BC,175.000,30406,2702,IT,OC
20006,477165,BC,175.000,30407,3805,BM,OC
20007,268556,MBC,175.000,30408,2702,EC,MBC
20008,437208,BC,175.000,30410,1216,EC,BC
20009,242145,BC,175.000,30411,1432,AM,BC
20010,244907,BC,175.000,30414,2718,IT,BC
20011,312847,BC,175.000,30416,5910,CS,OC
20012,243677,BC,175.000,30419,3819,CS,OC
20013,364863,MBC,175.000,30422,4974,CS,MBC
20014,274116,BC,175.000,30423,2702,IT,OC
20015,210138,SC,175.000,30424,1,GI,SC
20016,437628,BC,175.000,30426,3011,IT,BC
20017,226263,SC,175.000,30427,2712,EC,SC
20018,227047,BCM,175.000,30428,1304,EE,OC
20019,367593,MBC,175.000,30429,1111,EC,OC
20020,254200,BC,175.000,30430,1419,EC,OC
20021,239621,MBC,175.000,30431,1216,EC,MBC
20022,428115,MBC,175.000,30434,2610,AM,OC
20023,230850,BC,175.000,30435,2750,SC,BC
20024,440138,MBC,175.000,30436,2750,CS,MBC
20025,415943,MBC,175.000,30437,2762,CS,OC
20026,318740,BC,175.000,30440,1414,EC,OC
20027,404201,MBC,175.000,30441,1211,AD,MBC
20028,279026,BC,175.000,30442,3819,CS,OC
20029,292112,BC,175.000,30443,1304,CS,BC
20030,274969,BC,175.000,30445,1111,EC,OC
20031,412789,BCM,175.000,30446,4670,AM,OC
20032,433928,MBC,175.000,30447,2719,CS,MBC
20033,352427,MBC,175.000,30448,1111,EC,OC
20034,290856,MBC,175.000,30449,1211,IT,MBC
20035,340750,BC,175.000,30450,1219,EC,BC
20036,273217,BC,175.000,30451,2711,IT,OC
20037,469189,BC,175.000,30455,5910,CS,OC
20038,444203,BC,175.000,30458,4960,CS,BC
20039,413527,MBC,175.000,30461,1304,IT,MBC
20040,271597,BC,175.000,30463,1419,EC,OC
20041,302700,BC,175.000,30464,1210,EC,OC
20042,200120,BC,175.000,30465,2718,ME,OC
20043,205846,BC,175.000,30467,1304,EE,OC
20044,265104,MBC,175.000,30468,2718,IT,MBC
20045,275437,BCM,175.000,30469,1216,AL,BCM
20046,228961,SC,175.000,30471,1211,AL,SC
20047,279337,BC,175.000,30472,2718,MZ,OC
20048,398036,BC,175.000,30473,1111,EC,OC
20049,306189,BC,175.000,30476,2702,IT,OC
20050,326834,BC,175.000,30479,2711,IT,OC
20051,285706,BC,175.000,30480,2710,CE,BC
20052,398327,BC,175.000,30481,1113,IT,BC
20053,349089,BC,175.000,30482,2750,AD,BC
20054,342928,BC,175.000,30483,2718,AD,BC
20055,286538,MBC,175.000,30486,2718,CS,MBC
20056,212491,BCM,175.000,30487,2710,IT,BCM
20057,405687,MBC,175.000,30488,2718,CS,MBC
20058,218891,BCM,175.000,30489,2739,CB,BCM
20059,297731,BC,175.000,30490,1113,IT,BC
20060,390090,MBC,175.000,30491,1432,ME,MBC
20061,224751,BC,175.000,30494,2706,EC,BC
20062,200309,MBC,175.000,30495,2718,IT,MBC
20063,362793,BCM,175.000,30496,4954,IT,OC
20064,302577,BCM,175.000,30497,1219,CS,BCM
20065,458142,BC,175.000,30498,4962,EC,BC
20066,257944,BC,175.000,30499,1432,EV,BC
20067,391582,BC,175.000,30500,2764,ME,OC
20068,277325,BCM,175.000,30501,1110,AD,OC
20069,228501,BC,175.000,30503,2618,CS,OC
20070,336536,BC,175.000,30504,2,TX,OC
20071,374412,BC,175.000,30505,1216,EC,BC
20072,314991,BC,175.000,30506,2711,IT,OC
20073,260603,BCM,175.000,30508,2764,AD,BCM
20074,309052,BC,175.000,30509,1112,CS,OC
20075,339438,BC,175.000,30510,2610,EC,OC
20076,341597,BCM,175.000,30512,2710,EC,BCM
20077,275119,MBC,175.000,30513,1216,AD,MBC
20078,223473,BC,175.000,30514,2718,AD,BC
20079,306824,BC,175.000,30515,1317,CS,BC
20080,344693,MBC,175.000,30516,2712,EI,MBC
20081,296252,SC,175.000,30517,1399,AD,SC
20082,409505,MBC,175.000,30519,1216,CS,MBC
20083,223186,MBC,175.000,30523,2718,EC,MBC
20084,327620,OC,175.000,30524,4971,CS,OC
20085,379805,BC,175.000,30525,4023,CS,OC
20086,263825,BC,175.000,30528,3795,AM,OC
20087,214786,BC,175.000,30530,1419,AM,OC
20088,270693,MBC,175.000,30531,1216,CS,MBC
20089,262520,BC,175.000,30532,1219,CS,BC
20090,324408,BC,175.000,30533,4960,EC,BC
20091,305102,BC,175.000,30535,2709,CF,BC
20092,435865,SC,175.000,30537,5008,EU,SC
20093,470189,BCM,175.000,30540,3019,EE,OC
20094,376878,MBC,175.000,30542,2615,MT,MBC
20095,470408,BC,175.000,30544,3011,IT,BC
20096,454859,SC,175.000,30545,1304,EC,SC
20097,357998,BC,175.000,30547,2702,IT,OC
20098,242137,BC,175.000,30548,2702,BT,OC
20099,408071,BC,175.000,30551,1419,EC,OC
20100,426828,MBC,175.000,30554,1126,SC,OC
20101,341299,BC,175.000,30555,2718,AD,BC
20102,315206,OC,175.000,30556,1311,EC,OC
20103,329459,MBC,175.000,30558,2718,EE,MBC
20104,383272,BC,175.000,30559,5901,ME,OC
20105,381393,OC,175.000,30560,1419,CS,OC
20106,497712,SC,175.000,30562,4020,CS,OC
20107,435999,BC,175.000,30564,2615,MT,BC
20108,212390,SC,175.000,30565,1,PT,SC
20109,291196,MBC,175.000,30567,1432,CS,MBC
20110,400325,BC,175.000,30568,1419,CS,OC
20111,261307,MBC,175.000,30569,2615,CE,MBC
20112,234572,MBC,175.000,30574,2751,SC,OC
20113,413517,BC,175.000,30576,5986,SC,OC
20114,259249,BC,175.000,30580,2702,IT,OC
20115,369662,BC,175.000,30581,2708,EC,OC
20116,209957,BC,175.000,30582,1304,AM,BC
20117,380839,BC,175.000,30587,2709,CF,BC
20118,243686,BC,175.000,30589,1408,AL,OC
20119,246038,BC,175.000,30591,2764,BM,OC
20120,354732,BC,175.000,30592,1211,EE,BC
20121,268399,MBC,175.000,30593,2377,DA,MBC
20122,344279,SC,175.000,30595,2,PM,SC
20123,307078,SC,175.000,30596,1432,AD,SC
20124,442120,BC,175.000,30597,1419,IT,OC
20125,318209,SC,175.000,30600,3011,CS,SC
20126,417626,BC,175.000,30602,2618,EC,OC
20127,262184,MBC,175.000,30603,1317,CS,MBC
20128,383820,BC,175.000,30605,2718,AD,BC
20129,485955,SC,175.000,30609,2006,MF,SC
20130,350141,MBC,175.000,30610,2329,AM,OC
20131,410601,BC,175.000,30611,1211,BM,OC
20132,451375,MBC,175.000,30612,1317,AM,MBC
20133,376999,BC,175.000,30614,2718,IT,BC
20134,385045,MBC,175.000,30615,1419,EC,OC
20135,220209,MBC,175.000,30616,2006,AS,MBC
20136,375687,MBC,175.000,30617,2718,IT,MBC
20137,206750,BC,175.000,30618,1419,EC,OC
20138,295258,BC,175.000,30619,1211,AE,OC
20139,361467,BC,175.000,30620,2025,EE,BC
20140,367986,BC,175.000,30621,2718,AD,BC
20141,377150,MBC,175.000,30622,3011,BT,OC
20142,400337,BC,175.000,30623,1450,AD,BC
20143,240705,MBC,175.000,30625,1419,AD,OC
20144,350093,MBC,175.000,30626,2618,EE,OC
20145,440132,BC,175.000,30627,2741,CS,OC
20146,213451,MBC,175.000,30628,4974,ME,OC
20147,219401,BC,175.000,30630,1219,CH,OC
20148,445820,MBC,175.000,30632,3011,EC,MBC
20149,385076,BC,175.000,30633,2718,AD,BC
20150,256110,BC,175.000,30634,1211,RM,BC
20151,382723,BC,175.000,30635,1317,EC,BC
20152,460120,MBC,175.000,30639,1113,CA,MBC
20153,457462,SC,175.000,30642,1211,SC,SC
20154,268774,BC,175.000,30644,2718,AD,BC
20155,337165,BC,175.000,30645,3819,CS,OC
20156,204850,BC,175.000,30648,3807,IT,OC
20157,414511,MBC,175.000,30649,1226,CS,OC
20158,286806,BC,175.000,30650,1419,CS,OC
20159,454880,BC,175.000,30651,2711,EC,BC
20160,258362,BC,175.000,30652,1432,EV,BC
20161,379144,BC,175.000,30653,1419,CS,OC
20162,391061,BC,175.000,30655,1211,ME,BC
20163,444396,SC,175.000,30661,2007,EY,SC
20164,380477,MBC,175.000,30662,1419,SC,OC
20165,202698,BC,175.000,30664,1304,CS,BC
20166,256965,OC,175.000,30665,1422,EC,OC
20167,478826,MBC,175.000,30666,2329,CS,OC
20168,452292,BC,175.000,30670,5986,AD,OC
20169,488933,BC,175.000,30671,5,AM,OC
20170,228886,SC,175.000,30675,1304,EC,SC
20171,229352,BC,175.000,30676,2702,IT,OC
20172,382882,BC,175.000,30678,1432,AD,BC
20173,349937,SC,175.000,30679,1399,CB,SC
20174,260311,MBC,175.000,30681,3465,EC,MBC
20175,206411,BC,175.000,30682,2710,EV,OC
20176,376075,BC,175.000,30683,1113,ME,OC
20177,500891,BC,175.000,30684,4677,CS,OC
20178,368433,MBC,175.000,30685,1211,IT,MBC
20179,207254,BC,175.000,30687,1111,EC,OC
20180,381949,MBC,175.000,30692,2618,CS,OC
20181,383591,MBC,175.000,30693,1432,CS,MBC
20182,347661,BC,175.000,30694,3806,AL,OC
20183,357983,BC,175.000,30697,1419,CS,OC
20184,260178,MBC,175.000,30698,1210,AD,OC
20185,254182,BC,175.000,30699,2,TX,OC
20186,202001,SC,175.000,30700,2712,CS,SC
20187,459422,BC,175.000,30702,1211,BT,BC
20188,228336,BC,175.000,30703,2702,IT,OC
20189,396089,BC,175.000,30704,1419,EC,OC
20190,202596,BC,175.000,30707,1304,CD,OC
20191,454556,SC,175.000,30708,2710,EC,SC
20192,219070,BC,175.000,30711,2764,CE,OC
20193,272241,MBC,175.000,30712,3011,BT,OC
20194,301347,BC,175.000,30713,2750,EC,BC
20195,344464,BCM,175.000,30714,2622,EC,OC
20196,469321,SC,175.000,30715,2005,CE,SC
20197,255982,BC,175.000,30717,2025,EV,BC
20198,210968,BC,175.000,30718,2622,CS,BC
20199,482471,BC,175.000,30718A,1219,EC,BC
20200,347631,MBC,175.000,30720,5910,EC,OC
20201,345877,BC,175.000,30721,3465,EC,BC
20202,301946,BC,175.000,30722,1122,AD,OC
20203,496837,SC,175.000,30723,1210,CS,OC
20204,473795,BC,175.000,30724,2329,CS,OC
20205,421908,BC,175.000,30726,2718,SC,BC
20206,425392,SC,175.000,30728,1211,CS,SC
20207,435576,BC,175.000,30729,2618,AD,OC
20208,281961,BC,175.000,30730,2718,SC,BC
20209,244959,BC,175.000,30731,1210,AD,OC
20210,303719,BC,175.000,30732,2718,IT,BC
20211,210617,BCM,175.000,30735,1219,CS,BCM
20212,367686,BC,175.000,30737,3011,BT,BC
20213,291211,BC,175.000,30738,2751,CS,OC
20214,424928,BC,175.000,30740,2718,AD,BC
20215,410661,BC,175.000,30742,2710,ME,OC
20216,326365,BC,175.000,30743,2025,EE,BC
20217,479365,BC,175.000,30744,2329,CS,OC
20218,287509,MBC,175.000,30745,1304,AM,MBC
20219,293213,MBC,175.000,30746,2717,CS,OC
20220,240428,BC,175.000,30749,2718,CB,BC
20221,406233,MBC,175.000,30750,1013,CS,OC
20222,348330,BC,175.000,30751,1516,CS,BC
20223,455407,MBC,175.000,30752,1419,CS,OC
20224,331474,SC,175.000,30753,2712,CS,SC
20225,373801,BC,175.000,30754,1422,AD,BC
20226,390169,BC,175.000,30755,2025,ME,OC
20227,348165,BC,175.000,30756,1211,BT,BC
20228,306785,MBC,175.000,30757,1219,AD,MBC
20229,470305,MBC,175.000,30758,2607,CS,OC
20230,377390,OC,175.000,30765,1419,EC,OC
20231,384748,BCM,175.000,30766,2603,CS,BCM
20232,332320,MBC,175.000,30767,2709,CF,MBC
20233,244897,BC,175.000,30769,2718,SC,BC
20234,288144,SC,175.000,30771,2006,BY,SC
20235,430992,MBC,175.000,30773,2718,IT,MBC
20236,276723,BC,175.000,30774,2005,PR,BC
20237,294941,BC,175.000,30776,1419,EC,OC
20238,315620,BC,175.000,30777,4960,EE,OC
20239,262239,MBC,175.000,30778,5,ME,OC
20240,490189,MBC,175.000,30781,1304,AD,MBC
20241,354656,MBC,175.000,30783,3465,EE,OC
20242,416242,BCM,175.000,30784,3410,IT,OC
20243,315984,BCM,174.667,30786,1211,IT,BCM
20244,482357,BC,174.667,30787,1211,CB,BC
20245,409895,SC,174.500,30789,2005,CE,SC
20246,414237,MBC,174.500,30790,2007,MF,MBC
20247,309606,BC,174.500,30792,2710,EC,BC
20248,319737,BC,174.500,30793,1317,AD,OC
20249,390519,BC,174.500,30794,1414,CS,OC
20250,408035,BC,174.500,30795,2622,CS,BC
20251,414133,BC,174.500,30796,2718,SC,BC
20252,233266,MBC,174.500,30797,2743,CS,OC
20253,372799,BC,174.500,30798,2709,CF,BC
20254,348628,BC,174.500,30799,1317,CS,BC
20255,241762,SC,174.500,30800,1316,CS,OC
20256,325780,MBC,174.500,30803,2673,EC,OC
20257,332063,BC,174.500,30804,1419,CS,OC
20258,213361,BC,174.500,30809,1120,ME,OC
20259,385084,MBC,174.500,30810,2377,ME,MBC
20260,217215,MBC,174.500,30812,1419,CS,OC
20261,447418,SC,174.500,30813,2007,CH,SC
20262,381376,BC,174.500,30815,2764,MZ,BC
20263,347423,BC,174.500,30816,1419,EC,OC
20264,224875,MBC,174.500,30817,2731,BM,OC
20265,447765,BC,174.500,30818,2607,EV,OC
20266,271671,MBC,174.500,30819,2702,AD,MBC
20267,325409,BCM,174.500,30821,3811,CS,OC
20268,334611,BC,174.500,30822,2718,EE,BC
20269,407508,BC,174.500,30823,1112,CS,OC
20270,271854,OC,174.500,30824,2710,EE,OC
20271,365396,BC,174.500,30825,1216,CS,BC
20272,427904,BC,174.500,30830,2718,IT,BC
20273,417629,SC,174.500,30831,5008,CW,SC
20274,256892,BC,174.500,30833,2750,CS,BC
20275,457420,BC,174.500,30834,2718,AD,BC
20276,372387,BC,174.500,30835,2749,AD,OC
20277,205210,BC,174.500,30838,2702,IT,OC
20278,201678,BC,174.500,30839,2711,IT,OC
20279,433307,BC,174.500,30840,2718,AD,BC
20280,333796,BC,174.500,30842,1211,ME,BC
20281,343401,MBC,174.500,30844,1431,EC,OC
20282,253952,BCM,174.500,30846,1317,AM,BCM
20283,319487,BC,174.500,30847,1216,CS,BC
20284,340396,SC,174.500,30848,2377,RI,SC
20285,417181,BC,174.500,30849,5910,EC,OC
20286,412364,BCM,174.500,30850,2750,AM,BCM
20287,463342,SC,174.500,30851,1431,CS,OC
20288,220559,BCM,174.500,30852,3830,CS,OC
20289,241267,BC,174.500,30853,2718,IT,BC
20290,204969,MBC,174.500,30854,3011,IT,MBC
20291,318553,SC,174.500,30856,2025,EE,SC
20292,494991,BCM,174.500,30858,3011,CF,OC
20293,393591,BC,174.500,30859,2710,AD,BC
20294,408215,SC,174.500,30860,1211,CS,SC
20295,305277,MBC,174.500,30862,4974,CS,MBC
20296,323894,MBC,174.500,30863,2702,IT,OC
20297,373837,BCM,174.500,30865,2607,CS,OC
20298,412150,BC,174.500,30866,1432,AD,BC
20299,472311,BC,174.500,30867,2719,EC,BC
20300,315751,BC,174.500,30868,1211,BM,OC
20301,347778,BC,174.500,30869,2622,EC,OC
20302,213145,SC,174.500,30870,2377,EV,SC
20303,332465,BC,174.500,30871,1210,CS,OC
20304,245997,BC,174.500,30873,2711,EI,OC
20305,409517,BC,174.500,30875,1026,SC,OC
20306,460309,BC,174.500,30877,2608,CS,OC
20307,407409,BC,174.500,30878,3454,BM,OC
20308,332809,MBC,174.500,30881,2718,EC,MBC
20309,254502,MBC,174.500,30882,5901,CE,MBC
20310,353727,BC,174.500,30883,5910,EC,OC
20311,249530,BCM,174.500,30884,1432,CB,BCM
20312,268316,MBC,174.500,30887,2718,IT,MBC
20313,263241,MBC,174.500,30889,2752,CS,OC
20314,256286,MBC,174.500,30891,2764,EC,MBC
20315,254915,BC,174.500,30893,1516,RM,OC
20316,223101,BC,174.500,30894,2702,EC,BC
20317,325059,OC,174.500,30896,3819,IT,OC
20318,273824,MBC,174.500,30898,3804,AD,OC
20319,257649,BCM,174.500,30899,1111,IT,OC
20320,321382,BC,174.500,30901,2704,EC,OC
20321,298407,BC,174.500,30904,5910,CS,OC
20322,387084,BCM,174.500,30905,4974,ME,OC
20323,300863,BC,174.500,30906,2329,AD,OC
20324,312444,SC,174.500,30908,5008,EY,SC
20325,455570,BC,174.500,30909,3011,EC,BC
20326,339358,SC,174.500,30911,2764,CS,SC
20327,343355,MBC,174.500,30912,3011,BT,MBC
20328,226217,BC,174.500,30914,3819,CS,OC
20329,272547,BC,174.500,30915,2711,AD,BC
20330,367983,BC,174.500,30916,2718,SC,BC
20331,208991,SC,174.500,30917,1399,CS,SC
20332,254589,BC,174.500,30919,1419,CS,BC
20333,450027,MBC,174.500,30921,1419,CS,MBC
20334,297587,SC,174.500,30922,2749,SC,OC
20335,381490,BC,174.500,30924,1111,EC,OC
20336,401877,MBC,174.500,30926,1516,EC,OC
20337,332207,BC,174.500,30927,2357,CS,OC
20338,422076,MBC,174.500,30928,2607,EC,OC
20339,464185,BC,174.500,30931,1516,CS,BC
20340,212910,BC,174.500,30934,2718,MZ,BC
20341,465923,BCM,174.500,30935,3846,CB,OC
20342,224200,BC,174.500,30936,1304,CS,BC
20343,209202,BC,174.500,30938,1516,EC,OC
20344,277296,BC,174.500,30940,2710,EV,OC
20345,354729,MBC,174.500,30942,2603,SC,MBC
20346,391075,BC,174.500,30943,2613,AD,OC
20347,286419,BC,174.500,30944,2763,EC,OC
20348,248188,BC,174.500,30947,2718,AD,BC
20349,442662,OC,174.500,30949,2719,IT,OC
20350,442502,BC,174.500,30950,2726,AL,OC
20351,208800,BC,174.500,30951,2025,EE,BC
20352,300130,BC,174.500,30952,2706,EC,BC
20353,425296,BC,174.500,30954,1317,CS,BC
20354,225625,BC,174.500,30955,1419,CS,BC
20355,225509,BC,174.500,30956,2710,CS,BC
20356,267156,SC,174.500,30957,1321,PA,OC
20357,357485,BC,174.500,30958,5986,AD,OC
20358,216115,BC,174.500,30959,2613,EC,OC
20359,230908,SC,174.500,30960,1,GI,SC
20360,408578,BC,174.500,30962,1419,CS,BC
20361,250802,MBC,174.500,30965,3011,CS,MBC
20362,384727,BC,174.500,30966,2712,AU,BC
20363,209356,BC,174.500,30967,1120,SC,OC
20364,357426,BC,174.500,30969,2750,AD,BC
20365,335884,BC,174.500,30971,2005,IB,BC
20366,311779,BC,174.500,30972,3011,XC,OC
20367,386750,SC,174.500,30973,2712,CS,SC
20368,321409,MBC,174.500,30975,3819,CS,OC
20369,433868,SC,174.500,30976,1140,EC,OC
20370,216708,BC,174.500,30977,2718,AD,BC
20371,223790,BC,174.500,30978,1304,CD,OC
20372,212128,SC,174.500,30980,2,IS,SC
20373,420185,MBC,174.500,30986,1412,CS,OC
20374,345096,BC,174.500,30987,5921,AD,OC
20375,428416,BC,174.500,30989,4,RP,BC
20376,390785,BC,174.500,30990,2711,CE,OC
20377,432748,BC,174.500,30994,1317,IT,OC
20378,329752,MBC,174.500,30997,2643,CS,OC
20379,444895,BC,174.500,30998,1304,AD,BC
20380,431625,BC,174.500,30999,5010,AM,OC
20381,237714,BC,174.500,31002,1211,CB,BC
20382,361540,BC,174.500,31004,1113,EE,OC
20383,468466,BC,174.500,31006,1140,CS,OC
20384,366940,MBC,174.500,31007,1516,CS,MBC
20385,386673,BCM,174.500,31008,1419,EC,OC
20386,460681,BCM,174.500,31009,5901,ME,OC
20387,325539,BC,174.500,31010,4955,EC,OC
20388,417072,SC,174.500,31012,2007,ME,SC
20389,343078,BC,174.500,31013,1112,CS,OC
20390,320639,MBC,174.500,31014,2615,MT,MBC
20391,245762,BC,174.500,31017,1113,VL,OC
20392,298535,BC,174.500,31018,2702,IT,OC
20393,354851,BC,174.500,31019,1432,CB,BC
20394,266001,BC,174.500,31020,3803,CS,OC
20395,366342,BC,174.500,31021,1419,EC,OC
20396,441067,BCM,174.500,31023,1304,EE,OC
20397,408427,MBC,174.500,31026,4962,EC,MBC
20398,429232,MBC,174.500,31027,2656,CS,OC
20399,343530,MBC,174.500,31030,2764,EC,MBC
20400,349170,BC,174.500,31033,1211,AU,OC
20401,397323,BC,174.500,31036,1211,BT,BC
20402,299898,BC,174.500,31037,2718,MZ,BC
20403,494353,OC,174.500,31038,1111,AD,OC
20404,394224,MBC,174.500,31039,2711,CH,OC
20405,204463,BC,174.500,31040,1432,SC,BC
20406,290909,BC,174.500,31041,1432,EV,BC
20407,387136,MBC,174.500,31043,4020,AD,OC
20408,374210,BC,174.500,31044,2618,EC,OC
20409,290548,BC,174.500,31045,2702,IT,OC
20410,220150,BC,174.500,31046,4,RP,BC
20411,284155,BC,174.500,31048,2718,MZ,BC
20412,248844,MBC,174.500,31050,1111,AD,OC
20413,428728,MBC,174.500,31051,2618,EC,OC
20414,432242,BC,174.500,31052,2719,CJ,OC
20415,330538,SCA,174.500,31053,1304,CS,SCA
20416,436252,MBC,174.500,31056,2729,AD,OC
20417,235357,BC,174.500,31057,5009,CS,OC
20418,385878,BC,174.500,31058,4960,EC,BC
20419,342623,SC,174.500,31059,2005,CE,SC
20420,293865,BC,174.500,31060,2712,CE,BC
20421,309294,MBC,174.500,31062,1113,VL,OC
20422,218106,BC,174.500,31063,1432,CO,BC
20423,266848,BC,174.500,31064,5986,IT,OC
20424,334415,BC,174.500,31065,2711,IT,OC
20425,426965,BC,174.500,31068,1304,IT,BC
20426,322053,BC,174.500,31069,3826,AD,OC
20427,204097,BC,174.500,31071,2718,AD,BC
20428,369116,BC,174.500,31072,2618,CS,OC
20429,384952,BC,174.500,31077,2005,PR,BC
20430,212161,MBC,174.500,31078,1450,AD,MBC
20431,281262,BC,174.500,31079,2726,AO,OC
20432,374927,BC,174.500,31081,2702,BT,OC
20433,302442,BC,174.500,31082,2702,IT,OC
20434,416003,BC,174.500,31086,2718,IT,BC
20435,340148,BC,174.500,31088,2740,CS,OC
20436,272899,BC,174.500,31090,1219,CS,BC
20437,363508,MBC,174.500,31091,2764,CS,MBC
20438,421651,MBC,174.500,31092,2729,AE,OC
20439,347862,BC,174.500,31094,2706,EC,BC
20440,323256,BC,174.500,31095,2763,CS,OC
20441,223119,BC,174.500,31098,1120,EI,OC
20442,241842,SC,174.500,31099,5901,EC,SC
20443,335891,MBC,174.500,31101,2603,SC,MBC
20444,401202,BC,174.500,31102,2025,ME,OC
20445,304599,BC,174.500,31103,2702,AG,OC
20446,365804,BC,174.500,31104,1233,CS,OC
20447,322843,BC,174.500,31105,1113,VL,OC
20448,350391,MBC,174.500,31106,2656,EE,OC
20449,395857,BC,174.500,31108,2711,AL,BC
20450,353943,BC,174.500,31109,2718,SC,BC
20451,441590,BC,174.500,31110,2743,BT,OC
20452,316312,BC,174.500,31111,2769,FD,OC
20453,269903,SC,174.500,31115,5008,IM,SC
20454,408276,BC,174.500,31117,4020,AD,OC
20455,276735,MBC,174.500,31118,1304,AD,MBC
20456,498230,MBC,174.500,31119,2702,CS,MBC
20457,252288,MBC,174.500,31120,2764,CS,MBC
20458,408354,BC,174.500,31121,1211,CB,BC
20459,224699,BCM,174.500,31123,1112,CS,OC
20460,299574,SC,174.500,31124,2712,EE,SC
20461,398655,BC,174.500,31125,1210,CS,OC
20462,336957,BC,174.500,31126,4960,EC,BC
20463,395026,BC,174.500,31127,2719,IT,OC
20464,470929,SC,174.500,31128,2005,IB,SC
20465,227943,MBC,174.500,31131,2718,IT,MBC
20466,296381,SC,174.500,31132,1399,CB,SC
20467,355503,BC,174.500,31133,1120,EC,OC
20468,235267,BC,174.500,31134,2718,MZ,BC
20469,237881,MBC,174.500,31135,1211,IT,MBC
20470,236931,MBC,174.500,31136,2007,MF,MBC
20471,262212,BC,174.500,31137,2702,IT,OC
20472,360439,BC,174.500,31138,2736,SC,OC
20473,380973,BC,174.500,31140,2718,AD,BC
20474,229130,BC,174.500,31141,1419,CS,BC
20475,464473,MBC,174.500,31143,2710,EC,MBC
20476,335298,MBC,174.500,31144,1422,CY,OC
20477,305652,BC,174.500,31145,2764,ME,OC
20478,347721,BC,174.500,31146,2726,EC,OC
20479,220865,BC,174.500,31147,1432,EV,BC
20480,443805,BC,174.500,31153,2710,EC,BC
20481,225943,SC,174.500,31156,2006,BS,SC
20482,200140,BC,174.500,31158,2025,EE,BC
20483,440862,BC,174.500,31162,1419,EC,OC
20484,401528,BC,174.500,31163,1122,CS,OC
20485,249618,BC,174.500,31166,2718,SC,BC
20486,333077,BCM,174.500,31168,1111,IT,OC
20487,374615,BC,174.500,31170,5910,EC,OC
20488,262455,BC,174.500,31172,2711,EE,OC
20489,466410,BC,174.500,31173,1419,AD,OC
20490,431185,BC,174.500,31174,2377,DA,BC
20491,307401,BC,174.500,31175,3830,AD,OC
20492,363699,BC,174.500,31176,2711,EC,BC
20493,353055,BC,174.500,31177,1432,AD,BC
20494,359073,MBC,174.500,31178,1,PT,MBC
20495,247831,BC,174.500,31179,2711,IT,OC
20496,220100,BC,174.500,31181,1211,BT,BC
20497,337260,BC,174.500,31182,1219,CS,BC
20498,462680,BC,174.500,31185,3830,AM,OC
20499,235060,MBC,174.500,31187,2711,AL,MBC
20500,372346,BC,174.500,31188,2711,IT,OC
20501,354134,BC,174.500,31190,2718,AD,BC
20502,207073,BC,174.500,31191,2711,EC,BC
20503,212396,BC,174.500,31192,1216,CS,BC
20504,426915,BC,174.500,31194,5901,ME,OC
20505,222358,BC,174.500,31195,2751,AD,OC
20506,229209,BC,174.500,31196,1112,EC,OC
20507,251235,BC,174.500,31198,1422,AD,BC
20508,275568,BC,174.500,31199,1210,EC,OC
20509,207990,BC,174.500,31201,2718,AD,BC
20510,395768,BC,174.500,31203,2618,AD,OC
20511,473497,MBC,174.500,31204,1211,IT,MBC
20512,215208,MBC,174.500,31205,2718,IT,MBC
20513,216669,MBC,174.500,31206,1210,AL,OC
20514,326867,BCM,174.500,31207,1424,CS,OC
20515,255054,BC,174.500,31209,3,BP,BC
20516,286456,BC,174.500,31211,2750,SC,BC
20517,359753,BC,174.500,31212,2702,IT,OC
20518,395453,BC,174.500,31213,2357,EC,OC
20519,411259,MBC,174.500,31214,2709,CS,MBC
20520,477583,BC,174.500,31216,1211,CE,OC
20521,394782,MBC,174.500,31217,2725,CS,OC
20522,377003,BCM,174.500,31220,1450,ME,OC
20523,399732,MBC,174.500,31221,2618,EC,OC
20524,236351,BC,174.500,31222,1317,IT,OC
20525,333933,BC,174.500,31223,1450,AD,BC
20526,373039,MBC,174.500,31225,2615,ME,MBC
20527,300820,MBC,174.500,31230,1432,EC,MBC
20528,296522,OC,174.500,31231,1128,CS,OC
20529,204164,BC,174.500,31232,1317,EC,BC
20530,348944,MBC,174.500,31234,2608,AD,OC
20531,259236,BCM,174.500,31235,5986,CS,BCM
20532,370135,BC,174.500,31237,2702,MZ,OC
20533,227069,OC,174.500,31238,1413,CS,OC
20534,287834,BC,174.500,31239,2721,AD,OC
20535,285422,SC,174.500,31240,2025,CS,SC
20536,202905,BC,174.500,31241,4955,AD,OC
20537,218525,BC,174.500,31242,4962,IT,OC
20538,462206,MBC,174.500,31245,5536,AM,OC
20539,331258,BC,174.500,31247,1309,CS,OC
20540,291158,BC,174.500,31248,3464,CS,OC
20541,285741,BC,174.500,31250,1419,CS,BC
20542,326030,BC,174.500,31251,1450,EE,BC
20543,425688,BC,174.500,31252,1140,EC,OC
20544,216912,MBC,174.500,31253,2719,EC,MBC
20545,204172,BC,174.500,31255,2005,PR,BC
20546,395702,BC,174.500,31256,1317,CS,BC
20547,248272,OC,174.500,31257,2751,CS,OC
20548,294834,BC,174.500,31259,1219,BT,OC
20549,285860,BC,174.500,31260,2718,EE,BC
20550,202122,BC,174.500,31262,1112,CS,OC
20551,393167,BC,174.500,31264,2718,SC,BC
20552,473861,BC,174.500,31267,5010,CS,BC
20553,317519,OC,174.500,31269,1112,AM,OC
20554,377487,BC,174.500,31271,1211,CB,BC
20555,493253,BCM,174.500,31272,1219,AD,BCM
20556,390289,BC,174.500,31273,2702,EE,OC
20557,205617,BC,174.500,31274,2719,IT,OC
20558,390866,MBC,174.500,31275,1304,AD,MBC
20559,360184,BC,174.500,31276,1419,CS,BC
20560,319366,BC,174.500,31277,1317,EC,BC
20561,219765,BC,174.500,31278,1211,CB,BC
20562,435379,MBC,174.500,31281,1216,CS,MBC
20563,277387,BC,174.500,31282,2710,EE,OC
20564,305915,MBC,174.500,31285,2618,CS,OC
20565,263832,BC,174.500,31286,2618,EC,OC
20566,291520,BC,174.500,31287,2718,AD,BC
20567,357460,MBC,174.500,31288,1211,AD,MBC
20568,331227,MBC,174.500,31289,1304,CS,MBC
20569,450500,MBC,174.500,31290,2718,CS,MBC
20570,427691,MBC,174.500,31292,1309,EC,OC
20571,430114,BC,174.500,31295,2673,EC,OC
20572,218466,MBC,174.500,31298,2764,CS,MBC
20573,471403,MBC,174.500,31300,1211,AL,MBC
20574,370734,BC,174.500,31302,2718,IT,BC
20575,388160,BC,174.500,31303,5901,CE,BC
20576,349338,MBC,174.500,31305,2712,CE,MBC
20577,223549,BC,174.500,31307,2719,EC,BC
20578,315889,BC,174.500,31308,2723,AM,OC
20579,440991,MBC,174.500,31310,2718,CS,MBC
20580,489553,OC,174.500,31312,2708,EC,OC
20581,326192,SC,174.500,31314,1304,CS,SC
20582,229757,MBC,174.500,31315,2025,EE,MBC
20583,309257,BC,174.500,31319,1317,IT,OC
20584,332935,BC,174.500,31320,1211,ME,BC
20585,328905,MBC,174.500,31321,1216,AD,MBC
20586,490702,SC,174.500,31322,2702,CS,SC
20587,453601,MBC,174.500,31323,2719,CS,MBC
20588,364859,SC,174.500,31325,2712,CS,SC
20589,426637,MBC,174.500,31327,2750,EC,MBC
20590,276939,BC,174.500,31328,4959,CS,OC
20591,303753,BC,174.500,31330,2702,IT,OC
20592,354116,BC,174.500,31332,1112,CS,OC
20593,318884,BC,174.500,31334,3011,IT,BC
20594,291495,SCA,174.500,31335,1399,EC,SCA
20595,414491,BC,174.500,31336,2706,AD,OC
20596,409825,MBC,174.500,31337,3841,CS,OC
20597,397926,BC,174.500,31338,2764,MZ,BC
20598,376594,BC,174.500,31339,2706,AM,BC
20599,432487,OC,174.500,31341,4955,CS,OC
20600,264504,SCA,174.500,31342,1399,CS,SCA
20601,487646,BC,174.500,31343,2609,EC,OC
20602,374439,BC,174.500,31346,5010,EC,BC
20603,270233,BC,174.500,31348,2710,EC,BC
20604,450342,MBC,174.500,31350,2764,AD,MBC
20605,248309,BC,174.500,31351,2750,EV,OC
20606,477740,BC,174.500,31352,4670,AM,OC
20607,351241,BC,174.500,31354,1419,EC,OC
20608,373786,OC,174.500,31355,2,TX,OC
20609,224869,BC,174.500,31358,2618,AD,OC
20610,404635,BC,174.500,31360,5986,SC,OC
20611,263603,BC,174.500,31363,1317,IT,OC
20612,492235,MBC,174.500,31366,2632,AM,OC
20613,399701,SC,174.500,31368,2764,EC,SC
20614,293701,MBC,174.500,31369,2653,AD,OC
20615,441448,BC,174.500,31370,2622,IT,OC
20616,347828,BC,174.500,31371,1317,AL,OC
20617,227128,BC,174.500,31374,2721,IC,OC
20618,318260,MBC,174.500,31377,2764,CB,MBC
20619,296757,OC,174.500,31379,4677,AD,OC
20620,416477,BC,174.500,31380,2711,CH,OC
20621,233969,MBC,174.500,31381,1211,FD,OC
20622,265158,SC,174.500,31382,1211,EC,SC
20623,354686,BC,174.500,31383,1317,EC,BC
20624,452462,MBC,174.500,31384,3819,CS,MBC
20625,247410,BC,174.500,31385,1419,CS,BC
20626,481446,MBC,174.500,31389,2702,CS,MBC
20627,303235,BC,174.500,31391,1128,EC,OC
20628,446082,SC,174.500,31393A,2712,CS,SC
20629,247453,SC,174.500,31397,1399,SC,SC
20630,216274,BC,174.500,31399,1113,CV,OC
20631,400723,BC,174.500,31400,2369,CS,OC
20632,366916,BC,174.500,31401,2719,IT,BC
20633,283728,MBC,174.500,31402,2620,AD,OC
20634,366122,SC,174.500,31403,3011,EV,OC
20635,367097,BC,174.500,31405,1112,CS,OC
20636,353620,BC,174.500,31406,2751,EC,OC
20637,399594,OC,174.500,31407,4962,ME,OC
20638,312077,BC,174.500,31409,4962,CS,BC
20639,397269,BC,174.500,31410,5986,EC,OC
20640,407641,BC,174.500,31413,2718,AD,BC
20641,206859,MBC,174.500,31414,2712,AE,MBC
20642,341845,BC,174.500,31415,1113,CS,BC
20643,380881,BCM,174.500,31416,2764,AD,BCM
20644,291163,MBC,174.500,31417,5986,EC,OC
20645,222253,BCM,174.500,31418,1399,BM,BCM
20646,497838,SC,174.500,31419,5,IT,OC
20647,345398,BC,174.500,31422,3011,AM,BC
20648,380303,BC,174.500,31423,1219,CS,BC
20649,255681,BCM,174.500,31424,3830,CS,OC
20650,368199,SC,174.500,31425,1317,SC,OC
20651,306065,BC,174.500,31426,1216,CS,BC
20652,349788,MBC,174.500,31427,2711,CS,MBC
20653,326961,SC,174.500,31428,2625,CH,OC
20654,248835,BC,174.500,31430,1216,EC,BC
20655,251996,BC,174.500,31431,1414,EC,OC
20656,341230,MBC,174.500,31432,4960,CE,OC
20657,306145,SC,174.500,31433,2764,CS,SC
20658,348555,MBC,174.500,31435,3425,EC,OC
20659,414777,SC,174.500,31436,5008,ME,SC
20660,209517,SCA,174.500,31437,1,ME,SCA
20661,408270,BCM,174.500,31438,2764,IT,BCM
20662,243786,OC,174.500,31439,2719,EE,OC
20663,254691,MBC,174.500,31440,2673,CS,OC
20664,305439,MBC,174.500,31441,2621,EC,OC
20665,260023,MBC,174.500,31443,2710,EC,MBC
20666,337418,BC,174.500,31444,2615,CE,BC
20667,236595,BCM,174.500,31448,1216,IT,BCM
20668,251609,BC,174.500,31449,1211,CB,BC
20669,220563,BC,174.500,31451,1113,CU,OC
20670,491966,MBC,174.500,31452,5010,CS,MBC
20671,274008,BCM,174.500,31453,1304,AD,BCM
20672,325266,SC,174.500,31455,5008,ME,SC
20673,264897,SC,174.500,31457,1211,CS,SC
20674,337339,BC,174.500,31458,2711,AD,BC
20675,212939,BC,174.500,31459,2702,CS,BC
20676,318728,MBC,174.500,31460,1317,EC,MBC
20677,339252,BC,174.500,31461,1219,CS,BC
20678,341807,BC,174.500,31462,1432,AD,BC
20679,466293,BC,174.500,31464,1317,EC,BC
20680,386610,BC,174.500,31465,1211,RM,BC
20681,261770,BC,174.500,31466,2711,AD,BC
20682,341662,MBC,174.500,31467,5010,CS,MBC
20683,202229,BC,174.500,31468,5910,CS,OC
20684,477760,BC,174.500,31471,1432,EV,BC
20685,201775,BC,174.500,31472,4962,EC,BC
20686,341196,BC,174.500,31473,2736,EC,OC
20687,202075,OC,174.500,31475,1419,SC,OC
20688,284937,MBC,174.500,31478,2702,EC,MBC
20689,376516,BC,174.500,31481,2712,AU,BC
20690,323829,MBC,174.500,31482,1,XM,MBC
20691,420443,MBC,174.500,31485,2764,CB,MBC
20692,257887,BC,174.500,31487,5910,AD,OC
20693,221402,BC,174.500,31491,5010,AM,OC
20694,241115,MBC,174.500,31492,1317,EC,MBC
20695,330668,BC,174.500,31494,1419,CS,BC
20696,328089,BC,174.500,31503,1419,CS,BC
20697,285232,BCM,174.500,31504,2618,EC,OC
20698,490416,BC,174.500,31505,2329,AM,OC
20699,231822,BC,174.500,31506,4962,EC,BC
20700,307976,BC,174.500,31507,2718,CJ,BC
20701,403752,BCM,174.500,31508,3801,CS,OC
20702,350957,SC,174.500,31510,2377,CE,SC
20703,411640,MBC,174.500,31512,1501,CS,OC
20704,393566,BC,174.500,31514,5009,CS,OC
20705,286677,BC,174.500,31515,5910,CS,OC
20706,240234,BC,174.500,31516,1317,EC,BC
20707,437608,BC,174.500,31518,2709,CF,BC
20708,262174,BC,174.500,31520,3819,CS,BC
20709,481856,BC,174.500,31521,1211,CB,BC
20710,484994,BC,174.500,31522,1408,EC,OC
20711,362102,BC,174.500,31523,1419,AD,OC
20712,349724,BC,174.500,31527,2711,IT,OC
20713,488200,MBC,174.500,31528,5010,CS,MBC
20714,379806,BC,174.500,31529,2710,CS,BC
20715,284091,MBC,174.500,31532,2006,FY,OC
20716,201272,BCM,174.500,31533,2750,CS,BCM
20717,388556,BC,174.500,31534,2718,AD,BC
20718,453194,BCM,174.500,31536,2710,ME,OC
20719,273687,BC,174.500,31537,4960,EC,BC
20720,364575,SC,174.500,31538,1399,CS,SC
20721,413993,BC,174.500,31540,2711,IT,OC
20722,472525,BC,174.500,31542,4959,CS,OC
20723,326198,BC,174.500,31544,1211,EE,BC
20724,391223,BC,174.500,31545,1219,CS,BC
20725,255533,BC,174.500,31549,1317,EC,BC
20726,211070,BC,174.500,31550,5986,EC,OC
20727,376338,BC,174.500,31551,1210,CS,OC
20728,230701,SC,174.500,31552,1,MN,SC
20729,365914,BCM,174.500,31553,3803,CS,OC
20730,283897,BC,174.500,31555,1110,EC,OC
20731,233998,BC,174.500,31556,2718,IT,BC
20732,314378,BC,174.500,31559,5009,EC,OC
20733,307736,MBC,174.500,31561,1516,EC,OC
20734,252884,OC,174.500,31562,2736,CS,OC
20735,338308,BCM,174.500,31568,1304,CB,BCM
20736,217472,BCM,174.500,31569,1317,SC,OC
20737,282960,MBC,174.500,31570,1216,CS,MBC
20738,349422,BC,174.500,31571,1210,CS,OC
20739,265920,MBC,174.500,31572,4962,CS,MBC
20740,268394,MBC,174.500,31573,2603,EC,MBC
20741,353707,BC,174.500,31575,1128,SC,OC
20742,417576,BC,174.500,31576,2710,CS,BC
20743,228518,BC,174.500,31577,2719,IT,BC
20744,328692,BC,174.500,31578,2749,EC,OC
20745,221376,BC,174.500,31580,1219,EE,OC
20746,359892,BC,174.500,31581,3011,CF,OC
20747,321826,MBC,174.500,31583,2709,CE,OC
20748,382023,BC,174.500,31584,1317,AD,OC
20749,376603,BC,174.500,31585,1419,CS,BC
20750,294054,BC,174.500,31588,2750,AD,BC
20751,447036,SC,174.500,31589,5901,EE,SC
20752,246470,BCM,174.500,31590,2621,AD,OC
20753,459470,BCM,174.500,31592,1211,EE,BCM
20754,213360,OC,174.500,31596,1111,AD,OC
20755,252473,BC,174.500,31597,2706,SC,OC
20756,461532,BC,174.500,31598,2702,IT,OC
20757,340496,BC,174.500,31599,1317,CS,BC
20758,265754,BC,174.500,31600,5986,AD,OC
20759,463144,MBC,174.500,31602,3465,EE,OC
20760,378322,BC,174.500,31604,1419,EC,OC
20761,292467,MBC,174.500,31606,1216,AL,MBC
20762,310679,MBC,174.500,31607,2764,EE,MBC
20763,262427,OC,174.500,31608,1211,FD,OC
20764,389847,BC,174.500,31610,2718,SC,BC
20765,434667,MBC,174.500,31611,1317,EC,MBC
20766,242048,BC,174.500,31615,4959,BT,OC
20767,252940,MBC,174.500,31617,2718,IT,MBC
20768,264665,BC,174.500,31620,2736,CS,OC
20769,361332,MBC,174.500,31621,5901,ME,OC
20770,412527,SC,174.500,31622,1211,CS,SC
20771,306075,MBC,174.500,31623,2,PP,MBC
20772,225075,BC,174.500,31624,2718,AD,BC
20773,295093,BCM,174.500,31625,1419,AD,OC
20774,203322,BC,174.500,31627,1516,EC,BC
20775,375569,MBC,174.500,31630,1111,EC,OC
20776,230516,MBC,174.500,31632,2718,IT,MBC
20777,304026,BC,174.500,31633,4959,EC,OC
20778,374338,BC,174.500,31634,1211,BT,BC
20779,200918,BC,174.500,31635,2711,IT,OC
20780,266226,BC,174.500,31636,1216,EC,BC
20781,206284,BCM,174.500,31638,1120,CS,OC
20782,379187,BC,174.500,31639,2718,MZ,BC
20783,445309,BC,174.500,31641,2615,CE,BC
20784,409773,BC,174.500,31643,1419,CS,BC
20785,321904,BC,174.500,31644,2718,EE,BC
20786,489749,BC,174.500,31645,1304,IT,BC
20787,441986,BC,174.500,31646,2706,CS,BC
20788,227339,BC,174.500,31647,1216,SC,BC
20789,315482,BC,174.500,31648,4023,CS,OC
20790,350264,BCM,174.500,31649,1113,CS,BCM
20791,219464,SC,174.500,31651,1211,AD,SC
20792,357515,OC,174.500,31652,1419,EC,OC
20793,345063,MBC,174.500,31657,1216,EC,MBC
20794,284843,OC,174.500,31658,1414,CS,OC
20795,230575,BC,174.500,31660,1317,IT,OC
20796,384520,MBC,174.500,31661,2702,EC,MBC
20797,254278,BC,174.500,31662,2702,EE,OC
20798,287631,MBC,174.500,31664,1210,EC,OC
20799,461285,SC,174.500,31666,2712,CS,SC
20800,245466,BC,174.500,31668,2718,EE,BC
20801,288932,BC,174.500,31669,5010,CS,BC
20802,434452,MBC,174.500,31670,2702,AD,MBC
20803,463760,BC,174.500,31672,4957,AD,OC
20804,242062,SC,174.500,31673,1211,EC,SC
20805,364241,MBC,174.500,31676,2718,IT,MBC
20806,244155,BC,174.500,31677,2718,AD,BC
20807,366801,BC,174.500,31678,1321,PA,OC
20808,326204,BC,174.500,31679,2750,BT,OC
20809,363198,BC,174.500,31681,2357,CS,OC
20810,217030,BC,174.500,31682,1419,CS,BC
20811,237521,BC,174.500,31683,2710,EC,BC
20812,429832,BCM,174.500,31687,3795,AD,OC
20813,212309,BC,174.500,31690,2608,CS,OC
20814,378256,BC,174.500,31691,2603,EC,BC
20815,443845,BC,174.500,31693,2622,EC,OC
20816,280638,BC,174.500,31695,1216,EC,BC
20817,466055,BC,174.500,31697,4959,EE,OC
20818,272736,BC,174.500,31698,5010,CS,BC
20819,299228,BC,174.500,31699,2025,EV,BC
20820,297460,MBC,174.500,31700,2764,CH,MBC
20821,219037,BC,174.500,31702,1304,AM,BC
20822,378627,MBC,174.500,31703,2727,BT,OC
20823,309054,BC,174.500,31704,5986,CS,BC
20824,397470,BC,174.500,31705,1219,EC,BC
20825,444834,BC,174.500,31706,1219,CS,BC
20826,342449,MBC,174.500,31707,2711,CS,MBC
20827,310912,BC,174.500,31708,2718,IT,BC
20828,236975,SC,174.500,31709,2615,CE,SC
20829,376785,BC,174.500,31712,2025,EV,BC
20830,464904,BC,174.500,31713,1432,ME,BC
20831,439083,MBC,174.500,31714,2702,AD,MBC
20832,390236,BCM,174.500,31716,1414,EC,OC
20833,202714,MBC,174.500,31717,1211,IT,MBC
20834,493401,OC,174.500,31718,1126,EC,OC
20835,319635,BC,174.500,31719,2702,EC,BC
20836,227129,BC,174.500,31721,1216,CS,BC
20837,234672,BCM,174.500,31722,2764,EC,BCM
20838,385330,BC,174.500,31723,2005,IB,BC
20839,331488,BC,174.500,31724,2656,EC,OC
20840,460196,BC,174.500,31725,2750,EV,BC
20841,262046,BC,174.500,31729,1111,CS,BC
20842,276253,BC,174.500,31730,3830,EC,OC
20843,333905,BC,174.500,31731,2709,CF,BC
20844,243188,BC,174.500,31732,1113,VL,BC
20845,386219,BC,174.500,31733,2702,EC,BC
20846,394405,BC,174.500,31734,2763,EC,OC
20847,488897,MBC,174.500,31736,1,XM,MBC
20848,408173,BC,174.500,31738,1516,CS,BC
20849,395794,MBC,174.500,31739,2710,AD,MBC
20850,334687,BC,174.500,31741,1216,EC,BC
20851,385912,BC,174.500,31743,2006,TT,OC
20852,336677,BC,174.500,31745,4864,AD,OC
20853,218840,BC,174.500,31746,1211,EE,BC
20854,275766,BC,174.500,31748,2673,CS,OC
20855,276789,MBC,174.500,31751,3465,CS,MBC
20856,443242,MBC,174.500,31753,1219,EC,MBC
20857,278650,MBC,174.500,31754,2,LE,OC
20858,442278,BC,174.500,31756,2702,EC,BC
20859,356032,MBC,174.500,31759,2740,CS,OC
20860,378988,BC,174.500,31760,2702,EC,BC
20861,369922,MBC,174.500,31763,3011,CF,OC
20862,350694,MBC,174.500,31764,2702,IT,OC
20863,231660,SC,174.500,31766,2710,AD,SC
20864,387901,MBC,174.500,31767,1210,CS,OC
20865,320385,MBC,174.500,31772,2006,AS,MBC
20866,222499,BC,174.333,31776,2615,ME,BC
20867,462749,BC,174.315,31777,1304,AM,BC
20868,372777,BC,174.000,31780,2719,EC,BC
20869,254359,BC,174.000,31782,2719,BM,OC
20870,272192,BCM,174.000,31783,1424,CS,OC
20871,420202,BC,174.000,31784,2617,EC,OC
20872,288273,BC,174.000,31785,3819,AD,OC
20873,332641,SC,174.000,31786,2005,IB,SC
20874,379264,BC,174.000,31789,1211,CD,BC
20875,353071,BC,174.000,31790,5010,AM,OC
20876,372239,BC,174.000,31791,2736,CS,OC
20877,355972,MBC,174.000,31792,2718,IT,MBC
20878,298273,BC,174.000,31794,2743,EC,OC
20879,323037,MBC,174.000,31795,1304,SC,MBC
20880,316630,BC,174.000,31796,3021,CS,OC
20881,415580,MBC,174.000,31797,3807,CS,OC
20882,253965,BC,174.000,31798,3819,CS,BC
20883,459973,MBC,174.000,31799,3,BP,MBC
20884,362231,BC,174.000,31801,4944,CS,OC
20885,377961,BC,174.000,31804,3011,CS,BC
20886,424171,MBC,174.000,31805,1120,CS,OC
20887,362261,BC,174.000,31807,2706,ME,OC
20888,301551,SC,174.000,31809,2,PM,SC
20889,322460,BC,174.000,31811,2718,SC,BC
20890,490926,BCM,174.000,31812,5901,EE,BCM
20891,308030,MBC,174.000,31815,2702,BT,OC
20892,314421,BC,174.000,31817,3011,CF,OC
20893,359900,BC,174.000,31818,2749,AD,OC
20894,218273,BC,174.000,31819,5910,CS,OC
20895,279281,SC,174.000,31820,1399,CS,SC
20896,487075,BC,174.000,31821,1211,FD,OC
20897,454148,MBC,174.000,31823,2718,IT,MBC
20898,326944,BC,174.000,31824,1210,CS,OC
20899,252523,BC,174.000,31825,3464,CS,OC
20900,276727,SC,174.000,31826,1304,CS,SC
20901,263789,SC,174.000,31827,2709,CS,SC
20902,403322,MBC,174.000,31828,2025,EE,MBC
20903,321014,OC,174.000,31830,1311,AE,OC
20904,298343,SC,174.000,31831,2025,EE,SC
20905,374829,BC,174.000,31832,2702,EE,OC
20906,300221,BC,174.000,31835,2736,CS,OC
20907,308187,BC,174.000,31836,2618,AD,OC
20908,242045,BC,174.000,31837,1211,CB,BC
20909,372888,SC,174.000,31839,5008,EU,SC
20910,228565,BCM,174.000,31840,2718,CS,BCM
20911,480285,MBC,174.000,31841,1210,CS,OC
20912,441376,BC,174.000,31842,2711,CS,BC
20913,370911,SC,174.000,31846,1450,CS,SC
20914,219982,BC,174.000,31849,3830,EC,OC
20915,382018,BC,174.000,31850,2357,CS,OC
20916,330181,BC,174.000,31852,2751,CS,OC
20917,369878,MBC,174.000,31853,1516,RM,OC
20918,247246,BC,174.000,31855,1210,ME,OC
20919,290841,BC,174.000,31857,2750,AD,BC
20920,425287,MBC,174.000,31858,1516,CS,MBC
20921,263690,BC,174.000,31861,2769,PE,OC
20922,254769,BC,174.000,31862,4960,CS,BC
20923,338717,MBC,174.000,31863,2708,CS,OC
20924,276310,BC,174.000,31865,2618,EC,OC
20925,267053,MBC,174.000,31866,1216,CS,MBC
20926,257965,BC,174.000,31867,5010,EC,BC
20927,465467,BC,174.000,31868,3830,EC,OC
20928,416887,BC,174.000,31870,2702,MZ,OC
20929,292156,BC,174.000,31871,1419,EC,OC
20930,458275,BC,174.000,31872,1422,CS,OC
20931,445677,MBC,174.000,31873,2710,EC,MBC
20932,367935,BC,174.000,31876,2751,CS,OC
20933,287366,MBC,174.000,31877,5010,AM,MBC
20934,358759,BC,174.000,31878,5986,CS,BC
20935,218685,BCM,174.000,31879,2718,IT,BCM
20936,285402,BC,174.000,31882,2725,AD,OC
20937,378071,SC,174.000,31883,1413,AD,OC
20938,348190,BC,174.000,31885,2710,AD,BC
20939,442861,BC,174.000,31886,1216,EE,BC
20940,314562,SC,174.000,31890,2709,EC,SC
20941,327511,BC,174.000,31891,2702,IT,OC
20942,337033,MBC,174.000,31892,2750,AD,MBC
20943,346542,BC,174.000,31893,1317,SC,OC
20944,384685,MBC,174.000,31894,1450,EE,MBC
20945,267937,MBC,174.000,31895,2711,CS,MBC
20946,439942,BC,174.000,31896,2622,EC,OC
20947,337074,MBC,174.000,31897,3011,CF,OC
20948,260773,BC,174.000,31899,2710,EE,OC
20949,223207,BC,174.000,31904,2711,CD,OC
20950,249885,BCM,174.000,31905,4974,CE,OC
20951,376697,BC,174.000,31908,2,CR,OC
20952,316821,BC,174.000,31910,2712,AU,BC
20953,447027,BC,174.000,31913,4962,EC,BC
20954,206761,MBC,174.000,31914,1304,IT,MBC
20955,209883,BC,174.000,31915,1317,AL,OC
20956,220995,BC,174.000,31916,5009,CS,OC
20957,280087,BCM,174.000,31917,2718,AD,BCM
20958,497017,BC,174.000,31918,2673,CS,OC
20959,210295,MBC,174.000,31921,1317,CS,MBC
20960,378488,SC,174.000,31922,2615,EE,SC
20961,398136,BC,174.000,31923,4960,AD,OC
20962,426207,BC,174.000,31925,2025,EV,BC
20963,307048,BC,174.000,31926,3464,CS,OC
20964,423837,BC,174.000,31927,2753,EC,OC
20965,362059,SC,174.000,31928,2,CL,SC
20966,425555,MBC,174.000,31929,2719,CS,MBC
20967,229564,BC,174.000,31930,2702,IT,OC
20968,355750,BC,174.000,31931,3011,EC,BC
20969,216436,BC,174.000,31932,2718,AD,BC
20970,295041,SC,174.000,31935,2711,EC,SC
20971,431760,BC,174.000,31937,2702,IT,OC
20972,308539,MBC,174.000,31938,1111,IT,OC
20973,252337,MBC,174.000,31939,2718,IT,MBC
20974,360118,MBC,174.000,31943,2636,AD,OC
20975,495163,BCM,174.000,31944,1211,BT,BCM
20976,438523,BC,174.000,31945,1219,CH,OC
20977,435394,MBC,174.000,31946,2709,CS,MBC
20978,313467,BC,174.000,31947,4962,AD,BC
20979,206892,SC,174.000,31949,2007,EY,SC
20980,289027,BC,174.000,31950,2710,EC,BC
20981,285840,SC,174.000,31952,1211,CS,SC
20982,407965,BC,174.000,31953,1450,EE,BC
20983,378190,BC,174.000,31955,1317,AD,OC
20984,332243,BC,174.000,31956,2719,EE,OC
20985,380677,BC,174.000,31958,3807,EE,OC
20986,320767,BC,174.000,31959,2702,BT,OC
20987,298875,SC,174.000,31961,1216,CS,SC
20988,348104,MBC,174.000,31962,2710,EC,MBC
20989,413116,BC,174.000,31963,2603,SC,BC
20990,302521,BC,174.000,31964,1419,CS,BC
20991,485884,MBC,174.000,31965,2673,AD,OC
20992,289141,BC,174.000,31967,2763,EC,OC
20993,477229,BC,174.000,31970,5901,CE,BC
20994,431843,MBC,174.000,31972,2718,CS,MBC
20995,457157,MBC,174.000,31973,4996,AD,OC
20996,428634,BC,174.000,31974,1122,ME,OC
20997,312798,MBC,174.000,31975,2736,AD,OC
20998,210246,BC,174.000,31976,2719,IT,BC
20999,424450,BC,174.000,31977,2618,EC,OC
21000,320958,BCM,174.000,31979,4965,CS,OC
21001,321473,BC,174.000,31980,5910,CS,OC
21002,348414,BC,174.000,31983,2711,EC,BC
21003,289752,BC,174.000,31984,2718,SC,BC
21004,439007,BCM,174.000,31985,5910,EC,OC
21005,423281,MBC,174.000,31987,4020,EC,OC
21006,204205,BC,174.000,31988,3819,AM,OC
21007,317593,BCM,174.000,31989,1219,EE,OC
21008,423926,BC,174.000,31990,2709,IT,BC
21009,285805,BC,174.000,31991,1304,AD,BC
21010,448233,MBC,174.000,31994,1211,AL,MBC
21011,404080,BC,174.000,31998,2618,EC,OC
21012,438182,BC,174.000,31999,2710,CS,BC
21013,301489,MBC,174.000,32003,2711,CS,MBC
21014,456812,MBC,174.000,32005,2615,MT,MBC
21015,388525,BC,174.000,32006,2709,IT,BC
21016,301641,BC,174.000,32007,1408,AL,OC
21017,331339,BC,174.000,32009,1317,EC,BC
21018,213453,OC,174.000,32011A,1112,EC,OC
21019,335877,MBC,174.000,32012A,1216,CS,MBC
21020,368911,MBC,174.000,32013,1317,CS,MBC
21021,461993,BC,174.000,32017,2750,AD,BC
21022,354076,BC,174.000,32018,1317,IT,OC
21023,377111,MBC,174.000,32020,2749,CS,OC
21024,277785,MBC,174.000,32021,1304,IT,MBC
21025,222939,OC,174.000,32022,1311,AO,OC
21026,309286,MBC,174.000,32024,2764,BM,OC
21027,408379,MBC,174.000,32025,2711,EC,MBC
21028,342704,BC,174.000,32028,2749,EC,OC
21029,425021,MBC,174.000,32030,2749,SC,OC
21030,335622,BC,174.000,32032,2718,AD,BC
21031,280035,BC,174.000,32033,1210,EC,OC
21032,321597,BC,174.000,32040,2710,EE,OC
21033,268233,SC,174.000,32042,2739,AD,SC
21034,348338,MBC,174.000,32043,2750,EC,MBC
21035,331747,SC,174.000,32044,1399,EV,SC
21036,418691,BC,174.000,32045,3830,EC,OC
21037,211630,BC,174.000,32047,2718,SC,BC
21038,293056,BC,174.000,32048,1317,IT,OC
21039,208265,SC,174.000,32049,2712,EE,SC
21040,289191,BC,174.000,32050,2025,ME,OC
21041,415948,BC,174.000,32051,1317,SC,OC
21042,372213,SC,174.000,32052,5008,CW,SC
21043,306270,BC,174.000,32053,1419,CS,BC
21044,377287,BC,174.000,32054,5901,ME,OC
21045,211859,BC,174.000,32055,2615,ME,BC
21046,217462,BC,174.000,32057,2718,MZ,BC
21047,277241,MBC,174.000,32058,1113,EC,MBC
21048,276688,MBC,174.000,32059,2718,CE,OC
21049,225343,BC,174.000,32060,1419,CS,BC
21050,387548,MBC,174.000,32061,2608,AD,OC
21051,216979,BC,174.000,32062,2711,CS,BC
21052,229356,BC,174.000,32064,2711,IT,OC
21053,409729,MBC,174.000,32065,2673,CS,OC
21054,415519,BC,174.000,32067,2622,CS,BC
21055,206738,BC,174.000,32068,1408,AD,OC
21056,291700,BC,174.000,32069,1216,CS,BC
21057,355479,BC,174.000,32070,5910,CS,OC
21058,372599,BC,174.000,32075,1112,CS,OC
21059,418408,MBC,174.000,32077,1211,IT,MBC
21060,219899,MBC,174.000,32078,1304,CB,MBC
21061,394342,BC,174.000,32079,3805,EC,OC
21062,369088,SC,174.000,32081,5910,CS,OC
21063,311428,MBC,174.000,32081A,2719,EC,MBC
21064,233380,BC,174.000,32084,2718,IT,BC
21065,201513,BC,174.000,32085,2702,IT,OC
21066,267298,BC,174.000,32087,2706,EE,OC
21067,386028,BC,174.000,32090,1211,CB,BC
21068,353856,BC,174.000,32092,2719,ME,OC
21069,439987,BCM,174.000,32093,2622,EC,OC
21070,243573,MBC,174.000,32095,1137,EC,OC
21071,341352,MBC,174.000,32096,2618,MZ,OC
21072,315329,BC,174.000,32097,1116,EC,OC
21073,347134,OC,174.000,32098,1112,CS,OC
21074,265558,BC,174.000,32099,1432,AD,BC
21075,365333,BC,174.000,32102,1211,CB,BC
21076,420899,SC,174.000,32103,2656,AD,OC
21077,417468,MBC,174.000,32105,2750,AE,OC
21078,419986,BC,174.000,32106,5010,EC,BC
21079,430816,BC,174.000,32107,1316,CS,OC
21080,376223,MBC,174.000,32108,1419,CS,MBC
21081,220662,BCM,174.000,32109,2706,CS,BCM
21082,291264,BC,174.000,32112,2702,IT,OC
21083,361734,SC,174.000,32115,1432,EC,SC
21084,258298,BC,174.000,32118,4962,EC,BC
21085,342510,MBC,174.000,32119,1304,IT,MBC
21086,343715,BCM,174.000,32120,1211,BT,BCM
21087,436932,MBC,174.000,32123,2683,AD,OC
21088,267829,BC,174.000,32124,1432,CO,BC
21089,350095,BC,174.000,32126,2711,IT,BC
21090,418095,BC,174.000,32127,2718,AD,BC
21091,320143,BC,174.000,32130,2702,CS,BC
21092,327255,BCM,174.000,32133,3805,CS,OC
21093,344116,BC,174.000,32134,3011,EV,OC
21094,244637,SC,174.000,32137,2,CL,SC
21095,252730,BC,174.000,32140,4960,EE,OC
21096,252213,MBC,174.000,32141,4960,EC,MBC
21097,410203,MBC,174.000,32144,2369,EC,OC
21098,209044,MBC,174.000,32145,1216,CS,MBC
21099,262541,BC,174.000,32146,2764,CH,BC
21100,238142,BC,174.000,32148,2615,ME,BC
21101,323212,BCM,174.000,32150,2,PM,BCM
21102,368932,BC,174.000,32151,1419,CS,BC
21103,458244,MBC,174.000,32152,1210,CS,OC
21104,404130,SC,174.000,32155,2006,BY,SC
21105,297452,BC,174.000,32157,2702,IT,OC
21106,230457,BC,174.000,32159,4960,CS,BC
21107,231213,BC,174.000,32160,2712,AU,BC
21108,259741,BC,174.000,32161,5986,EC,OC
21109,356549,OC,174.000,32162,4670,AM,OC
21110,246043,BC,174.000,32163,1304,AD,BC
21111,287293,BC,174.000,32164,2706,EV,OC
21112,212406,MBC,174.000,32165,1211,IT,MBC
21113,474947,BC,174.000,32167,4971,CS,OC
21114,273227,BC,174.000,32168,4680,CS,OC
21115,267869,MBC,174.000,32170,1216,AD,MBC
21116,386915,BC,174.000,32171,2711,IT,BC
21117,284342,MBC,174.000,32173,2750,CS,MBC
21118,345250,BC,174.000,32174,1317,EC,BC
21119,252354,SC,174.000,32175,2377,EV,SC
21120,441334,BC,174.000,32176,2709,EE,OC
21121,274087,MBC,174.000,32178,1316,AD,OC
21122,282224,BC,174.000,32179,1432,AD,BC
21123,332739,MBC,174.000,32181,1118,AD,OC
21124,438888,BCM,174.000,32182,2718,IT,BCM
21125,420849,BC,174.000,32183,2749,EC,OC
21126,366382,BC,174.000,32184,2,CR,OC
21127,398164,BC,174.000,32189,2005,IB,BC
21128,301131,BC,174.000,32190,1110,AM,OC
21129,293121,BC,174.000,32192,4960,BT,OC
21130,328099,BCM,174.000,32194,2710,CS,BCM
21131,397310,MBC,174.000,32195,1317,CS,MBC
21132,237924,BC,174.000,32196,3819,CS,BC
21133,379877,BC,174.000,32197,1216,EC,BC
21134,440821,MBC,174.000,32199,5901,EE,MBC
21135,271622,MBC,174.000,32200,2710,CS,MBC
21136,321667,BC,174.000,32202,1422,CS,OC
21137,433215,BC,174.000,32203,2710,IT,BC
21138,348316,BCM,174.000,32205,5907,EC,OC
21139,490505,BC,174.000,32206,2005,PR,BC
21140,282843,BC,174.000,32207,1211,EE,BC
21141,444215,BC,174.000,32210,1304,EE,OC
21142,345869,BC,174.000,32211,1216,EE,BC
21143,398616,BC,174.000,32212,1111,CS,BC
21144,228521,MBC,174.000,32213,4974,CS,MBC
21145,229498,BC,174.000,32215,1128,SC,OC
21146,333029,MBC,174.000,32216,2711,EC,MBC
21147,394371,BC,174.000,32217,1317,AD,OC
21148,333965,BCM,174.000,32218,2603,EC,BCM
21149,369142,MBC,174.000,32220,1113,IT,MBC
21150,359062,BC,174.000,32221,2706,IT,OC
21151,342982,BC,174.000,32222,2603,SC,BC
21152,274705,BC,174.000,32224,2718,IT,BC
21153,275482,MBC,174.000,32225,1304,AD,MBC
21154,323219,BC,174.000,32226,4962,IT,OC
21155,449259,BC,174.000,32227,1216,ME,OC
21156,467385,MBC,174.000,32228,1304,AD,MBC
21157,493678,BC,174.000,32229,2736,EC,OC
21158,460730,MBC,174.000,32231,2702,EC,MBC
21159,278965,OC,174.000,32235,1140,IT,OC
21160,216779,BC,174.000,32236,1317,CS,BC
21161,422717,MBC,174.000,32240,2719,EC,MBC
21162,288449,BCM,174.000,32241,2006,TX,BCM
21163,398312,MBC,174.000,32242,2,PP,MBC
21164,257305,SC,174.000,32246,1211,EC,SC
21165,278254,MBC,174.000,32247,1317,EC,MBC
21166,208032,MBC,174.000,32248,1,XM,MBC
21167,203201,BC,174.000,32249,2718,AD,BC
21168,473147,BC,174.000,32250,2718,IT,BC
21169,238477,BC,174.000,32252,1216,CS,BC
21170,402633,BC,174.000,32254,3011,EC,BC
21171,414420,MBC,174.000,32255,2646,AM,OC
21172,210283,BC,174.000,32256,2704,CS,OC
21173,364939,BC,174.000,32264,1419,CS,BC
21174,214542,MBC,174.000,32265,2764,CB,MBC
21175,347046,BC,174.000,32270,2608,AD,OC
21176,256684,MBC,174.000,32271,1216,EC,MBC
21177,209625,BC,174.000,32272,3011,CF,OC
21178,419831,BCM,174.000,32274,4974,EI,OC
21179,415866,BC,174.000,32275,3011,CF,OC
21180,343905,BC,174.000,32277,1422,CY,OC
21181,351896,BC,174.000,32278,2718,AD,BC
21182,209415,BC,174.000,32280,1111,AD,OC
21183,383004,BC,174.000,32281,2712,CE,BC
21184,245783,BC,174.000,32282,2750,CS,BC
21185,309020,BC,174.000,32283,1317,AD,OC
21186,388548,BC,174.000,32285,1419,CS,BC
21187,293207,MBC,174.000,32286,2603,EC,MBC
21188,216706,BC,174.000,32288,1219,CS,BC
21189,259297,BC,174.000,32289,2711,EE,OC
21190,386330,MBC,174.000,32290,3011,CF,OC
21191,201692,BC,174.000,32291,1419,CS,BC
21192,301420,BC,174.000,32293,1414,EC,OC
21193,340288,SC,174.000,32294,2,CL,SC
21194,456032,BC,174.000,32295,2618,CS,OC
21195,295674,BC,174.000,32296,3830,AD,OC
21196,210353,BC,174.000,32297,1219,EC,BC
21197,221974,BCM,174.000,32298,2764,EC,BCM
21198,443010,OC,174.000,32299,4962,IT,OC
21199,444511,MBC,174.000,32300,1317,AD,OC
21200,410537,BCM,174.000,32303,1516,CS,BCM
21201,241977,SC,174.000,32304,1211,FD,OC
21202,345495,BC,174.000,32305,5910,EC,OC
21203,243960,BC,174.000,32307,3819,CS,BC
21204,248466,BC,174.000,32308,2,TX,OC
21205,430573,BC,174.000,32310,3464,EC,OC
21206,317991,MBC,174.000,32312,5008,MF,MBC
21207,365993,BC,174.000,32314,2702,EI,OC
21208,307989,MBC,174.000,32315,2,PP,MBC
21209,397541,MBC,174.000,32317,2603,SC,MBC
21210,316497,BC,174.000,32318,2750,EC,BC
21211,210641,MBC,174.000,32319,3465,MZ,OC
21212,290731,MBC,174.000,32321,2718,ME,OC
21213,384874,BC,174.000,32322,2764,MZ,BC
21214,485392,BC,174.000,32324,1424,AM,OC
21215,464165,BC,174.000,32325,1210,AD,OC
21216,439044,OC,174.000,32326,5901,ME,OC
21217,367680,BC,174.000,32327,2736,CS,OC
21218,340917,BC,174.000,32328,2620,EC,OC
21219,245345,BC,174.000,32329,2718,EE,BC
21220,433809,MBC,174.000,32330,3801,EC,OC
21221,259462,BCM,174.000,32331,5910,CS,OC
21222,254524,BC,174.000,32333,2702,EE,OC
21223,280880,OC,174.000,32335,4962,IT,OC
21224,403479,BC,174.000,32336,1419,SC,OC
21225,370815,BC,174.000,32338,2718,ME,OC
21226,397814,BC,174.000,32340,1211,CB,BC
21227,277084,BC,174.000,32341,1419,CS,BC
21228,367413,BC,174.000,32342,2718,AD,BC
21229,299897,BCM,174.000,32343,5986,EC,OC
21230,471565,MBC,174.000,32347,2708,AL,OC
21231,346230,BCM,174.000,32348,3795,AD,OC
21232,229283,OC,174.000,32350,1211,FD,OC
21233,291666,BC,174.000,32352,1419,CS,BC
21234,298894,MBC,174.000,32353,4974,CS,MBC
21235,245766,BC,174.000,32354,2723,EC,OC
21236,382489,BCM,174.000,32355,2712,ME,BCM
21237,249798,BC,174.000,32359,2706,SC,OC
21238,207716,SC,174.000,32364,5008,CW,SC
21239,406407,BCM,174.000,32366,2750,AD,BCM
21240,395159,BC,174.000,32368,2711,IT,BC
21241,328697,MBC,174.000,32369,1210,EC,OC
21242,262607,BC,174.000,32370,1419,CS,BC
21243,201000,BC,174.000,32371,1317,AD,OC
21244,458621,OC,174.000,32372,2618,CS,OC
21245,267498,SC,174.000,32373,5008,CW,SC
21246,311165,BC,174.000,32376,2750,CS,BC
21247,382588,BC,174.000,32377,5986,IT,OC
21248,252532,BC,174.000,32378,4960,AD,OC
21249,359826,MBC,174.000,32379,1422,AD,MBC
21250,208311,BC,174.000,32380,1424,EC,OC
21251,327044,MBC,174.000,32381,2718,CS,MBC
21252,287062,BC,174.000,32384,1111,EC,OC
21253,421014,BC,174.000,32385,2653,CS,OC
21254,285998,BC,174.000,32387,4023,EC,OC
21255,346670,BCM,174.000,32390,2718,CS,BCM
21256,288464,MBC,174.000,32393,2764,CB,MBC
21257,457251,BC,174.000,32396,2750,EC,BC
21258,292426,MBC,174.000,32397,1216,AL,MBC
21259,386914,BC,174.000,32398,2711,IT,BC
21260,403511,BCM,174.000,32399,2740,CS,OC
21261,307334,BC,174.000,32400,2706,AM,BC
21262,408178,BC,174.000,32401,1219,CS,BC
21263,345980,BC,174.000,32402,2622,AM,OC
21264,307718,MBC,174.000,32407,3019,CS,OC
21265,443967,SC,174.000,32408,5901,CS,SC
21266,405902,OC,174.000,32409,1116,CS,OC
21267,473122,BCM,174.000,32410,1211,BM,OC
21268,383113,BC,174.000,32411,2736,EC,OC
21269,377445,BC,174.000,32412,2603,SC,BC
21270,328279,BC,174.000,32413,2751,EC,OC
21271,214235,MBC,174.000,32414,1211,CE,MBC
21272,257693,BC,174.000,32415,3819,CS,BC
21273,396261,BC,174.000,32416,2610,BT,OC
21274,466449,MBC,174.000,32421,3465,CS,MBC
21275,470523,MBC,174.000,32424,2329,AM,OC
21276,407771,SC,174.000,32426,5008,IM,SC
21277,221338,BC,174.000,32427,1304,AD,BC
21278,230686,MBC,174.000,32432,1216,CS,MBC
21279,346375,BC,174.000,32435,4023,EC,OC
21280,439458,BCM,174.000,32436,1304,CD,OC
21281,452066,MBC,174.000,32438,2711,EC,MBC
21282,352611,BC,174.000,32439,1516,CS,BC
21283,335790,BC,174.000,32440,2750,CB,BC
21284,330866,OC,174.000,32441,1317,BT,OC
21285,315151,BC,174.000,32442,2603,SC,BC
21286,440799,BC,174.000,32443,1432,AD,BC
21287,247049,MBC,174.000,32445,2,TX,OC
21288,307206,MBC,174.000,32447,2607,EC,OC
21289,309925,BC,174.000,32448,1112,CS,OC
21290,291861,BCM,174.000,32449,2005,PR,BCM
21291,250718,MBC,174.000,32450,3011,IT,MBC
21292,272897,BC,174.000,32451,2718,ME,OC
21293,210113,MBC,174.000,32452,5910,CS,OC
21294,446646,MBC,174.000,32454,2656,EC,OC
21295,351905,BC,174.000,32457,1304,AD,BC
21296,290356,BC,174.000,32459,1419,CS,BC
21297,305583,MBC,174.000,32460,1304,IT,MBC
21298,249233,MBC,174.000,32463,1432,ME,MBC
21299,309256,BC,174.000,32467,2618,CS,OC
21300,413514,BC,174.000,32471,4962,EC,BC
21301,405598,BC,174.000,32474,2615,CE,BC
21302,254891,MBC,174.000,32479,1304,IT,MBC
21303,429074,BC,174.000,32481,4864,CS,OC
21304,358452,BC,174.000,32482,1422,AD,BC
21305,458694,BC,174.000,32483,5986,CS,BC
21306,399163,ST,174.000,32484,4,RA,ST
21307,471126,BC,174.000,32485,5910,EC,OC
21308,265515,MBC,174.000,32486,1219,EC,MBC
21309,305465,MBC,174.000,32489,5986,EC,OC
21310,259893,BCM,174.000,32491,5901,EE,BCM
21311,348246,MBC,174.000,32492,1211,IT,MBC
21312,334827,MBC,174.000,32493,1112,CS,OC
21313,449478,MBC,174.000,32496,2635,AD,OC
21314,334483,BC,174.000,32497,1419,CS,BC
21315,327138,MBC,174.000,32498,1304,CS,MBC
21316,442635,MBC,174.000,32500,2622,IT,OC
21317,365001,BC,174.000,32501,5901,ME,OC
21318,287419,BC,174.000,32503,1216,CS,BC
21319,263343,BC,174.000,32505,2702,CS,BC
21320,321114,BC,174.000,32506,1211,MZ,OC
21321,396891,BC,174.000,32507,1210,AD,OC
21322,362494,BC,174.000,32510,2712,CE,BC
21323,346091,BC,174.000,32511,2613,AD,OC
21324,465654,SC,174.000,32515,3846,AD,OC
21325,463871,BC,174.000,32517,2711,EE,OC
21326,200083,BC,174.000,32518,1015,CS,OC
21327,226300,BC,174.000,32520,1113,EC,BC
21328,318330,MBC,174.000,32522,2706,CS,MBC
21329,273686,SC,174.000,32524,1399,CS,SC
21330,321645,BC,174.000,32525,5986,CS,BC
21331,299849,SCA,174.000,32527,2608,EC,OC
21332,419156,BC,174.000,32528,4,RP,BC
21333,240253,OC,174.000,32529,1419,AD,OC
21334,211095,BC,174.000,32530,3019,AM,OC
21335,403478,BC,174.000,32531,2656,EC,OC
21336,334328,OC,174.000,32533,1211,FD,OC
21337,226924,MBC,174.000,32534,1111,CS,MBC
21338,382277,BC,174.000,32535,2357,CS,OC
21339,456813,BC,174.000,32537,4957,AD,OC
21340,263063,BC,174.000,32538,3011,AM,BC
21341,492264,BC,174.000,32539,2710,CS,BC
21342,242567,BC,174.000,32540,2706,AM,BC
21343,257461,BC,174.000,32541,1317,SC,OC
21344,266981,BC,174.000,32544,2712,TX,OC
21345,328617,BC,174.000,32545,1419,CI,OC
21346,318965,BC,174.000,32548,1211,EE,BC
21347,300976,SC,174.000,32549,1211,AD,SC
21348,305168,BC,174.000,32550,2706,SC,OC
21349,259904,BC,174.000,32551,2711,EC,BC
21350,438847,BC,174.000,32553,2706,CS,BC
21351,355195,BC,174.000,32554,1432,AD,BC
21352,457990,MBC,174.000,32556,2603,SC,MBC
21353,226559,BC,174.000,32559,2718,IT,BC
21354,260927,BC,174.000,32561,2702,EE,OC
21355,307002,BC,174.000,32564,2615,ME,BC
21356,379989,BCM,174.000,32567,5910,CS,OC
21357,251948,MBC,174.000,32568,2603,EE,OC
21358,332753,BC,174.000,32571,1210,AL,OC
21359,385190,SCA,174.000,32574,2377,CS,SCA
21360,436756,BC,174.000,32579,2743,BM,OC
21361,390940,MBC,174.000,32581,1211,IT,MBC
21362,463603,MBC,174.000,32582,2743,AD,OC
21363,310419,BC,174.000,32583,1219,CS,BC
21364,397471,BC,174.000,32586,1211,CE,BC
21365,420347,BC,174.000,32590,1304,AD,BC
21366,440968,BC,174.000,32591,2702,IT,OC
21367,335394,OC,174.000,32593,2,TX,OC
21368,366125,BC,174.000,32594,1216,SC,BC
21369,250794,BC,174.000,32595,1317,IT,OC
21370,449761,MBC,174.000,32597,2753,BM,OC
21371,397980,SC,174.000,32598,1,MN,SC
21372,269673,BC,174.000,32601,2702,IT,OC
21373,418548,BCM,174.000,32602,2615,ME,BCM
21374,424552,BC,174.000,32603,1113,EG,OC
21375,222645,SC,174.000,32605,1399,EE,SC
21376,405097,BC,174.000,32606,1122,AM,OC
21377,280497,BC,174.000,32607,1422,AD,BC
21378,263289,BC,174.000,32608,1128,CA,OC
21379,272004,BC,174.000,32609,2719,CS,BC
21380,302626,BC,174.000,32610,2718,AD,BC
21381,266401,MBC,174.000,32611,2702,EC,MBC
21382,396907,BC,174.000,32612,2025,EV,BC
21383,435360,MBC,174.000,32613,1216,CS,MBC
21384,297324,BC,174.000,32614,1422,IT,OC
21385,278861,BC,174.000,32615,1210,CS,OC
21386,288556,MBC,174.000,32617,1317,AL,OC
21387,205256,BC,174.000,32618,2718,AD,BC
21388,248099,MBC,174.000,32620,1432,CS,MBC
21389,472819,MBC,174.000,32622,3782,AM,OC
21390,374075,MBC,174.000,32625,1516,EE,OC
21391,479309,SC,174.000,32626,1399,BM,SC
21392,275835,BC,174.000,32627,4959,CS,OC
21393,329835,BC,174.000,32629,1113,ME,OC
21394,271651,SC,174.000,32631,2712,IT,SC
21395,324852,BC,174.000,32634,2725,CS,OC
21396,492933,BC,174.000,32635,2709,CF,BC
21397,240356,SC,174.000,32636,1432,CS,SC
21398,364383,BC,174.000,32637,3011,EC,BC
21399,403226,MBC,174.000,32639,2615,CE,MBC
21400,338635,MBC,174.000,32640,1504,EC,OC
21401,379310,MBC,174.000,32642,1304,CD,OC
21402,416865,BC,174.000,32643,1432,AD,BC
21403,406254,MBC,174.000,32645,4020,AD,OC
21404,331285,SC,174.000,32646,2750,EC,SC
21405,436251,BC,174.000,32647,1113,VL,BC
21406,425004,BC,174.000,32650,4960,AD,OC
21407,439930,MBC,174.000,32652,1116,SC,OC
21408,456860,BC,174.000,32655,2603,SC,BC
21409,393978,MBC,174.000,32656,2603,EC,MBC
21410,470484,BC,174.000,32657,2608,CS,OC
21411,457011,BCM,174.000,32658,5907,AM,OC
21412,339456,MBC,174.000,32660,1211,IT,MBC
21413,298699,BC,174.000,32663,1216,EC,BC
21414,239096,BC,174.000,32664,2025,EE,BC
21415,249398,BC,174.000,32666,1210,CS,OC
21416,262353,BC,174.000,32667,1219,CS,BC
21417,460398,BC,174.000,32668,2711,EC,BC
21418,246933,MBC,174.000,32672,2718,CS,MBC
21419,493754,MBC,174.000,32673,1219,EE,OC
21420,360953,BCM,174.000,32675,5010,CS,BCM
21421,317486,BC,174.000,32677,2005,IB,BC
21422,393606,MBC,174.000,32678,2622,EC,OC
21423,473373,MBC,174.000,32682,1219,AD,MBC
21424,362695,MBC,174.000,32683,2656,CS,OC
21425,461455,SC,174.000,32686,2005,CE,SC
21426,450473,MBC,174.000,32689,5901,EE,MBC
21427,319023,BC,174.000,32690,2005,IB,BC
21428,457783,MBC,174.000,32691,2764,CB,MBC
21429,364667,BC,174.000,32692,5901,ME,OC
21430,399156,BC,174.000,32696,2710,CE,BC
21431,417104,BC,174.000,32698,2711,IT,BC
21432,213454,BC,174.000,32699,1516,CS,BC
21433,317236,BC,174.000,32701,2702,CS,BC
21434,244448,BC,174.000,32702,2718,IT,BC
21435,427090,MBC,174.000,32703,1419,CS,MBC
21436,373277,OC,174.000,32707,2,LE,OC
21437,384088,MBC,174.000,32708,2712,MZ,MBC
21438,298059,SC,174.000,32710,1304,CS,SC
21439,384594,MBC,174.000,32715,2718,MZ,MBC
21440,435695,SC,174.000,32716,2377,EE,SC
21441,274333,MBC,174.000,32717,2744,CS,OC
21442,489462,BCM,174.000,32718,2377,DA,BCM
21443,347692,BC,174.000,32719,3011,EE,OC
21444,384375,BC,174.000,32720,1238,CS,OC
21445,349292,MBC,174.000,32724,1210,IT,OC
21446,397227,MBC,174.000,32726,1216,IT,MBC
21447,397409,BC,173.500,32729,2718,IT,BC
21448,337501,SC,173.500,32730,2007,CE,SC
21449,208681,OC,173.500,32732,1210,CS,OC
21450,233419,BC,173.500,32733,1419,EC,OC
21451,284390,SC,173.500,32734,2764,AD,SC
21452,404095,MBC,173.500,32735,2603,SC,MBC
21453,321950,BCM,173.500,32736,4974,ME,OC
21454,364477,MBC,173.500,32737,1219,EC,MBC
21455,261661,BC,173.500,32738,2615,ME,BC
21456,451655,BCM,173.500,32739,3807,AE,OC
21457,325713,MBC,173.500,32741,3011,CF,MBC
21458,423724,SC,173.500,32742,2764,AD,SC
21459,386106,MBC,173.500,32743,2709,CE,OC
21460,340594,BC,173.500,32746,2726,IT,OC
21461,380020,BC,173.500,32751,2349,EC,OC
21462,395653,BC,173.500,32752,5010,AM,BC
21463,250109,BC,173.500,32753,2718,IT,BC
21464,308068,MBC,173.500,32755,2729,MZ,OC
21465,256357,BC,173.500,32756,1419,SC,OC
21466,482730,SC,173.500,32758,2006,MF,SC
21467,289032,MBC,173.500,32759,1118,CS,OC
21468,424053,MBC,173.500,32760,2718,EE,MBC
21469,360667,BC,173.500,32761,5910,CS,OC
21470,415473,BC,173.500,32762,1432,AD,BC
21471,201951,OC,173.500,32765,1211,FD,OC
21472,417318,BC,173.500,32767,2702,CS,BC
21473,218610,BC,173.500,32768,2711,EE,OC
21474,314289,OC,173.500,32769,2702,IT,OC
21475,477830,BC,173.500,32771,2711,IT,BC
21476,249948,BCM,173.500,32773,3810,CS,OC
21477,396635,BC,173.500,32774,1419,AM,OC
21478,211310,MBC,173.500,32775,1304,IT,MBC
21479,238696,BC,173.500,32777,2615,ME,BC
21480,361022,BC,173.500,32778,2718,AD,BC
21481,379751,BC,173.500,32779,2718,CB,BC
21482,385975,BCM,173.500,32780,2,CR,OC
21483,271992,OC,173.500,32782,4020,EC,OC
21484,253571,BC,173.500,32783,2723,CS,OC
21485,482835,SC,173.500,32785,5008,CW,SC
21486,268129,MBC,173.500,32787,4962,EC,MBC
21487,381212,MBC,173.500,32788,2704,CS,OC
21488,435271,OC,173.500,32790,4962,IT,OC
21489,434454,SC,173.500,32791,5008,ME,SC
21490,385428,BC,173.500,32792,2615,CE,BC
21491,290410,BC,173.500,32797,5910,AD,OC
21492,372333,MBC,173.500,32798,2709,CS,MBC
21493,201787,BC,173.500,32799,5910,IT,OC
21494,462034,SC,173.500,32800,2329,AD,OC
21495,252015,BC,173.500,32801,1317,IT,OC
21496,274118,BC,173.500,32802,1432,BT,BC
21497,286065,MBC,173.500,32808,5010,CE,OC
21498,282015,BC,173.500,32809,1432,AD,BC
21499,444450,BC,173.500,32810,3011,CS,BC
21500,262026,BCM,173.500,32812,2710,EC,BCM
21501,363788,BC,173.500,32813,1432,BT,BC
21502,406211,MBC,173.500,32814,2673,EC,OC
21503,406415,BC,173.500,32815,1304,ME,OC
21504,410425,SCA,173.500,32816,2750,SC,SCA
21505,319210,BCM,173.500,32817,5986,IT,OC
21506,326006,BC,173.500,32818,2711,EC,BC
21507,442052,BCM,173.500,32819,4993,AM,OC
21508,353258,BC,173.500,32820,2653,EC,OC
21509,327598,BC,173.500,32821,2615,MT,BC
21510,294086,BC,173.500,32822,1211,EE,BC
21511,385019,MBC,173.500,32823,1408,AD,OC
21512,317591,BC,173.500,32824,2718,AD,BC
21513,429300,BCM,173.500,32825,2764,IT,BCM
21514,430812,BC,173.500,32827,2622,EC,OC
21515,453446,BC,173.500,32828,1111,EC,OC
21516,426638,BC,173.500,32830,2718,ME,OC
21517,261700,SC,173.500,32831,2739,AM,SC
21518,219422,BC,173.500,32832,2718,AD,BC
21519,232889,BC,173.500,32834,1219,MB,OC
21520,423524,BCM,173.500,32835,3805,AD,OC
21521,289519,BC,173.500,32836,2708,AL,OC
21522,334849,BC,173.500,32837,5010,AM,BC
21523,333548,MBC,173.500,32841,1317,AL,OC
21524,289530,BC,173.500,32842,1210,CS,OC
21525,412447,BC,173.500,32845,3465,EC,BC
21526,292405,BCM,173.500,32846,4020,CS,OC
21527,273681,BC,173.500,32847,1422,CY,BC
21528,388625,BC,173.500,32848,1219,CS,BC
21529,399027,MBC,173.500,32850,3011,CF,MBC
21530,395163,MBC,173.500,32851,2710,EC,MBC
21531,285439,BC,173.500,32853,1111,CS,BC
21532,332889,BC,173.500,32854,2615,CE,BC
21533,204228,BC,173.500,32855,2711,MZ,OC
21534,447726,BC,173.500,32857,2706,CS,BC
21535,403114,MBC,173.500,32858,2764,CS,MBC
21536,247264,BC,173.500,32859,2718,IT,BC
21537,278943,MBC,173.500,32860,1210,EC,OC
21538,289220,BC,173.500,32861,5986,AD,OC
21539,426931,MBC,173.500,32863,1140,EC,OC
21540,298435,MBC,173.500,32865,2711,AD,MBC
21541,216873,OC,173.500,32866,1113,ME,OC
21542,402610,BC,173.500,32868,5910,AD,OC
21543,395427,MBC,173.500,32869,2615,ME,MBC
21544,322266,MBC,173.500,32870,1216,EC,MBC
21545,240580,BC,173.500,32871,1419,EC,OC
21546,219994,BC,173.500,32873,2719,EE,OC
21547,417098,BC,173.500,32875,2603,EC,BC
21548,216139,MBC,173.500,32876,4974,CE,OC
21549,393045,BC,173.500,32877,2750,EV,BC
21550,258853,BC,173.500,32879,2711,CS,BC
21551,407838,BC,173.500,32882,2750,CS,BC
21552,368354,BC,173.500,32883,2,PM,BC
21553,242878,BCM,173.500,32885,1216,EE,BCM
21554,354332,MBC,173.500,32887,1452,RI,OC
21555,338032,SC,173.500,32888,4974,EC,SC
21556,261860,BCM,173.500,32889,3425,CS,OC
21557,262337,MBC,173.500,32890,2711,EC,MBC
21558,331234,BC,173.500,32891,5901,CE,BC
21559,298575,BC,173.500,32892,3425,EC,OC
21560,306627,MBC,173.500,32893,2718,CS,MBC
21561,442971,BC,173.500,32897,2712,CE,BC
21562,417216,SC,173.500,32898,3011,CS,SC
21563,371606,MBC,173.500,32899,1113,CA,MBC
21564,492957,BC,173.500,32900,4864,EC,OC
21565,339865,BC,173.500,32901,2726,CS,OC
21566,284131,BC,173.500,32905,2709,CE,OC
21567,294274,SC,173.500,32906,2712,CS,SC
21568,441267,MBC,173.500,32908,1419,AD,OC
21569,375131,BC,173.500,32909,1211,RM,BC
21570,321650,BC,173.500,32910,1419,SC,OC
21571,337442,MBC,173.500,32912,2702,AD,MBC
21572,314786,BC,173.500,32913,2712,CE,BC
21573,428622,BC,173.500,32915,1419,AD,OC
21574,222413,OC,173.500,32919,1211,MZ,OC
21575,384540,BC,173.500,32920,2708,EC,OC
21576,200428,OC,173.500,32922,1317,AD,OC
21577,380054,BC,173.500,32922A,1216,CS,BC
21578,206769,SC,173.500,32923,2025,AD,SC
21579,342427,BC,173.500,32925,2377,DA,BC
21580,220487,BC,173.500,32926,1419,AM,OC
21581,382785,BC,173.500,32928,2708,EC,OC
21582,293312,BC,173.500,32929,3464,CS,OC
21583,349785,MBC,173.500,32930,1216,EC,MBC
21584,209129,SC,173.500,32932,2377,EE,SC
21585,292514,MBC,173.500,32933,2369,EC,OC
21586,417487,BCM,173.500,32934,2718,CS,BCM
21587,268563,BC,173.500,32935,2702,MZ,OC
21588,248566,BC,173.500,32936,1317,SC,BC
21589,362356,BC,173.500,32940,2711,CS,BC
21590,261610,BC,173.500,32943,1113,EC,BC
21591,357696,MBC,173.500,32944,2702,AD,MBC
21592,222696,MBC,173.500,32945,1317,EC,MBC
21593,201315,BC,173.500,32946,2718,AD,BC
21594,377162,BC,173.500,32947,2718,IT,BC
21595,298356,MBC,173.500,32949,1419,ME,OC
21596,396865,BC,173.500,32952,2718,AD,BC
21597,247034,BC,173.500,32954,1419,EC,OC
21598,272589,BC,173.500,32955,2615,MT,BC
21599,208621,BC,173.500,32956,1111,CS,BC
21600,203153,BC,173.500,32957,3830,CS,OC
21601,420109,MBC,173.500,32958,2709,CS,MBC
21602,340849,BC,173.500,32959,2719,EC,BC
21603,377250,MBC,173.500,32960,3805,CS,OC
21604,228426,ST,173.500,32961,2712,EC,ST
21605,427725,BC,173.500,32962,4,RP,BC
21606,219025,BC,173.500,32963,2710,EC,BC
21607,254191,BC,173.500,32965,2622,EC,OC
21608,220567,BC,173.500,32966,2712,CE,BC
21609,500123,MBC,173.500,32967,2719,CS,MBC
21610,222302,BC,173.500,32969,2329,AM,OC
21611,202729,SC,173.500,32970,2377,EE,SC
21612,312628,MBC,173.500,32971,1211,BT,MBC
21613,434210,BC,173.500,32972,1419,AM,OC
21614,284926,MBC,173.500,32973,5,CS,OC
21615,388025,BC,173.500,32974,2025,ME,OC
21616,417701,BC,173.500,32975,2750,EC,BC
21617,220219,BC,173.500,32976,2725,CS,OC
21618,418514,BC,173.500,32977,1219,CS,BC
21619,273289,BC,173.500,32980,2777,IT,OC
21620,279366,BC,173.500,32981,2750,AD,BC
21621,260758,MBC,173.500,32982,2715,CS,OC
21622,209446,OC,173.500,32983,2718,ME,OC
21623,417829,BC,173.500,32984,2706,AM,BC
21624,365835,BC,173.500,32985,1112,CS,OC
21625,238301,MBC,173.500,32987,1216,CS,MBC
21626,320482,BC,173.500,32990,2764,MZ,BC
21627,442855,BC,173.500,32991,2718,AD,BC
21628,283727,BC,173.500,32992,5986,EC,OC
21629,412160,BC,173.500,32993,1304,AD,BC
21630,233555,BC,173.500,32996,3830,EC,OC
21631,251981,BC,173.500,33000,5910,CS,OC
21632,453286,MBC,173.500,33001,1399,BM,MBC
21633,200932,BC,173.500,33002A,1432,AD,BC
21634,242772,BC,173.500,33003,2736,CS,OC
21635,316204,BC,173.500,33004,2718,IT,BC
21636,311973,BC,173.500,33005,5986,EC,OC
21637,225054,BC,173.500,33006,5910,CS,OC
21638,346687,BC,173.500,33007,2708,SC,OC
21639,413465,MBC,173.500,33008,3011,EC,MBC
21640,309394,BC,173.500,33009,2718,IT,BC
21641,230747,BC,173.500,33010,2702,CS,BC
21642,328558,BCM,173.500,33012,2005,IB,BCM
21643,289624,BC,173.500,33013,2718,AD,BC
21644,390609,BC,173.500,33014,2718,CE,OC
21645,327736,MBC,173.500,33015,2718,MZ,MBC
21646,346025,SC,173.500,33016,2006,CN,SC
21647,286548,SC,173.500,33019,1216,AD,SC
21648,431095,BC,173.500,33020,2357,CS,OC
21649,210507,BC,173.500,33021,2710,EE,OC
21650,403045,BC,173.500,33022,4933,EC,OC
21651,264438,BC,173.500,33023,2764,BM,OC
21652,287070,BC,173.500,33024,3011,EV,OC
21653,434772,BC,173.500,33025,2709,IT,BC
21654,429228,BC,173.500,33026,1304,EE,OC
21655,261136,MBC,173.500,33027,1317,EC,MBC
21656,247379,MBC,173.500,33028,2726,AL,OC
21657,223925,BCM,173.500,33029,2769,PC,OC
21658,207433,MBC,173.500,33030,2607,RM,OC
21659,234157,BCM,173.500,33035,2718,EC,BCM
21660,263187,BC,173.500,33036,2764,CE,OC
21661,329600,BC,173.500,33037,3830,EC,OC
21662,275012,BC,173.500,33038,2719,EE,OC
21663,215851,BC,173.500,33039,1317,AD,OC
21664,417656,BC,173.500,33040,2603,EC,BC
21665,384899,MBC,173.500,33042,2702,AD,MBC
21666,207329,SC,173.500,33043,1211,CS,SC
21667,451633,BC,173.500,33044,1419,AD,OC
21668,250864,MBC,173.500,33045,5986,EC,OC
21669,333086,MBC,173.500,33046,2718,EC,MBC
21670,294618,BC,173.500,33047,3465,MZ,OC
21671,237783,BCM,173.500,33048,1111,EC,OC
21672,459564,BC,173.500,33050,1422,MD,OC
21673,238702,BC,173.500,33052,1432,CB,BC
21674,210615,MBC,173.500,33053,4678,CS,OC
21675,210548,BC,173.500,33054,1112,CS,OC
21676,297487,MBC,173.500,33056,2750,CS,MBC
21677,355829,MBC,173.500,33058,2727,BT,OC
21678,471162,BC,173.500,33061,1211,CB,BC
21679,267659,BC,173.500,33062,2,AP,OC
21680,280661,BC,173.500,33063,3465,EE,OC
21681,308206,MBC,173.500,33064,1405,AD,OC
21682,211234,BC,173.500,33065,2712,CE,BC
21683,235876,BC,173.500,33067,5986,EC,OC
21684,410046,MBC,173.500,33068,1211,IT,MBC
21685,296193,BC,173.500,33069,5901,ME,OC
21686,478183,MBC,173.500,33070,2634,IT,OC
21687,204221,BC,173.500,33071,1432,AD,BC
21688,433805,BC,173.500,33072,4960,IT,OC
21689,222149,BC,173.500,33073,2718,AD,BC
21690,252219,BC,173.500,33074,4974,CE,OC
21691,298142,SC,173.500,33075,2005,ME,SC
21692,211243,BC,173.500,33077,1309,CS,OC
21693,376266,MBC,173.500,33078,2750,AD,MBC
21694,215791,BC,173.500,33081,1450,EE,BC
21695,307472,BC,173.500,33083,4020,CS,OC
21696,256489,BC,173.500,33084,1120,AD,OC
21697,446751,BC,173.500,33087,1422,CY,BC
21698,377132,BC,173.500,33088,2709,IT,BC
21699,392208,BC,173.500,33090,1013,CS,OC
21700,328283,BC,173.500,33092,4974,CE,BC
21701,247438,MBC,173.500,33093,2702,IT,OC
21702,329553,BC,173.500,33094,2603,EC,BC
21703,326577,BC,173.500,33095,4020,CS,OC
21704,417042,SC,173.500,33096,2623,EC,OC
21705,401912,BC,173.500,33097,2727,AD,OC
21706,388425,SC,173.500,33098,2739,AM,SC
21707,273563,BC,173.500,33099,2718,IT,BC
21708,222215,BCM,173.500,33100,2718,IT,BCM
21709,344434,MBC,173.500,33102,1419,AD,OC
21710,327894,SC,173.500,33104,2718,CS,SC
21711,256888,MBC,173.500,33106,5986,CS,MBC
21712,343366,BC,173.500,33107,2750,CS,BC
21713,443610,BC,173.500,33109,2005,PR,BC
21714,491731,MBC,173.500,33112,1317,AD,OC
21715,332926,BC,173.500,33113,2025,EV,BC
21716,211777,BC,173.500,33114,1113,EC,BC
21717,253891,MBC,173.500,33115,2618,AD,OC
21718,335055,BC,173.500,33116,1317,EC,BC
21719,309565,BC,173.500,33117,3806,CS,OC
21720,277509,OC,173.500,33118,2601,BT,OC
21721,229134,ST,173.500,33120,2005,EE,ST
21722,227562,MBC,173.500,33121,1219,CS,MBC
21723,458476,BC,173.500,33122,2718,AD,BC
21724,314031,SC,173.500,33123,2006,MS,SC
21725,255448,SC,173.500,33124,2006,IY,SC
21726,373816,BC,173.500,33125,1419,AD,OC
21727,206461,BC,173.500,33126,1210,CS,OC
21728,360682,BC,173.500,33127,1419,CB,OC
21729,220185,BCM,173.500,33128,2718,EC,BCM
21730,307873,BC,173.500,33129,2329,AD,OC
21731,228422,MBC,173.500,33130,1419,AD,OC
21732,495561,BC,173.500,33131,2719,CJ,OC
21733,292716,SC,173.500,33132,1211,SC,SC
21734,287222,BCM,173.500,33133,2719,EC,BCM
21735,216069,SC,173.500,33134,1211,AD,SC
21736,424498,BCM,173.500,33137,2652,CS,OC
21737,263067,BCM,173.500,33138,5986,EC,BCM
21738,288936,BC,173.500,33139,1419,AM,OC
21739,287283,BC,173.500,33140,1419,AD,OC
21740,352033,MBC,173.500,33141,1304,EC,MBC
21741,220210,MBC,173.500,33142,2005,PR,MBC
21742,267355,SC,173.500,33143,4,PR,SC
21743,230807,BC,173.500,33144,1120,CS,OC
21744,354194,BC,173.500,33145,2025,EV,BC
21745,265085,BC,173.500,33146,2718,ME,OC
21746,287639,BC,173.500,33147,2751,EC,OC
21747,465229,BC,173.500,33150,3011,CS,BC
21748,331230,MBC,173.500,33152,5910,CS,OC
21749,374642,BC,173.500,33153,2622,CS,BC
21750,315511,BC,173.500,33158,2706,EV,OC
21751,272758,MBC,173.500,33159,1420,AD,OC
21752,437237,BC,173.500,33160,4960,AD,OC
21753,487126,MBC,173.500,33161,1113,CV,OC
21754,312807,MBC,173.500,33162,2750,SC,MBC
21755,462006,BC,173.500,33163,2622,AM,OC
21756,287167,BC,173.500,33164,5986,CS,BC
21757,318192,BC,173.500,33166,1219,CS,BC
21758,359921,BC,173.500,33167,2709,CE,OC
21759,211013,MBC,173.500,33168,1211,CE,MBC
21760,375881,BCM,173.500,33170,2764,IT,BCM
21761,298775,BC,173.500,33172,2719,AE,OC
21762,266036,OC,173.500,33173,1210,CS,OC
21763,235868,BC,173.500,33174,3465,CS,BC
21764,383239,BCM,173.500,33176,4959,EE,OC
21765,219668,SC,173.500,33178,2006,RA,SC
21766,485636,MBC,173.500,33179,2750,CS,MBC
21767,433441,BC,173.500,33180,1419,AD,OC
21768,241750,MBC,173.500,33181,1419,CS,MBC
21769,305513,BC,173.500,33182,1216,CS,BC
21770,394012,SCA,173.500,33183,2005,EE,SCA
21771,372025,MBC,173.500,33184,1210,CS,OC
21772,346785,BC,173.500,33186,2618,EC,OC
21773,250611,BC,173.500,33188,1419,AD,OC
21774,202938,BC,173.500,33189,1322,EC,OC
21775,213724,BC,173.500,33192,5986,EC,BC
21776,442505,BC,173.500,33193,2718,IT,BC
21777,386623,BC,173.500,33194,1419,AD,OC
21778,398429,MBC,173.500,33195,1113,EC,MBC
21779,317962,MBC,173.500,33197,2718,SC,MBC
21780,306492,BC,173.500,33198,2,CR,OC
21781,349638,BC,173.500,33201,2719,EC,BC
21782,393457,BC,173.500,33204,2717,EC,OC
21783,395909,MBC,173.500,33205,2615,ME,MBC
21784,338430,MBC,173.500,33208,1216,EC,MBC
21785,383126,BC,173.500,33209,2718,IT,BC
21786,303642,BC,173.500,33210,4981,EC,OC
21787,211183,SC,173.500,33211,1304,BM,OC
21788,364164,BC,173.500,33215,2727,SC,OC
21789,359404,BC,173.500,33216,2718,AD,BC
21790,375580,MBC,173.500,33218,1422,CS,OC
21791,229456,BC,173.500,33219,2718,IT,BC
21792,349184,MBC,173.500,33220,1317,CS,MBC
21793,354407,SC,173.500,33222,1211,CS,SC
21794,246434,BCM,173.500,33224,1120,CS,OC
21795,206338,SC,173.500,33227,1304,CS,SC
21796,394757,BC,173.500,33228,2006,TX,BC
21797,203108,MBC,173.500,33229,1211,IT,MBC
21798,376633,BC,173.500,33230,1317,AD,OC
21799,242266,MBC,173.500,33233,1419,CS,MBC
21800,211910,SC,173.500,33234,1399,CS,SC
21801,386756,MBC,173.500,33235,2719,EC,MBC
21802,384237,BC,173.500,33236,5986,CS,BC
21803,306935,MBC,173.500,33238,2618,CS,OC
21804,420036,BC,173.500,33239,1216,ME,OC
21805,475584,OC,173.500,33242,5009,EE,OC
21806,375011,BCM,173.500,33243,1304,CS,BCM
21807,365942,BC,173.500,33244,1419,EC,OC
21808,266881,BC,173.500,33248,2702,CS,BC
21809,406806,BC,173.500,33250,2736,EC,BC
21810,321279,MBC,173.500,33253,1211,IT,MBC
21811,225050,MBC,173.500,33254,4960,EC,MBC
21812,401868,BC,173.500,33255,2607,AM,OC
21813,229518,SC,173.500,33257,2712,EC,SC
21814,269592,BC,173.500,33260,2622,CS,BC
21815,366288,BC,173.500,33262,3830,AM,OC
21816,403631,BC,173.500,33266,2718,IT,BC
21817,318302,MBC,173.500,33267,2615,ME,MBC
21818,232746,SC,173.500,33268,1399,CS,SC
21819,285455,BC,173.500,33270,1111,CS,BC
21820,356952,MBC,173.500,33271,2709,ME,OC
21821,307445,BC,173.500,33272,2750,CS,BC
21822,270028,BC,173.500,33273,1210,EC,OC
21823,458543,MBC,173.500,33274,1216,IT,MBC
21824,282673,BC,173.500,33275,2706,IT,OC
21825,271587,BC,173.500,33276,5986,CS,BC
21826,398471,BC,173.500,33277,5901,CE,BC
21827,396061,MBC,173.500,33280,2718,CS,MBC
21828,329252,BC,173.500,33281,4981,AM,OC
21829,378622,BC,173.500,33282,2702,CS,BC
21830,453221,BC,173.500,33283,2702,AD,BC
21831,201745,MBC,173.500,33287,2711,EC,MBC
21832,451307,BC,173.500,33291,3011,CS,BC
21833,284223,BC,173.500,33292,2618,CS,OC
21834,234870,BC,173.500,33295,1211,ME,BC
21835,370984,BC,173.500,33298,1211,CB,BC
21836,299421,BC,173.500,33299,1422,IT,OC
21837,290889,MBC,173.500,33302,2711,CH,OC
21838,378285,MBC,173.500,33307,3464,CS,OC
21839,371133,MBC,173.500,33310,2750,SC,MBC
21840,417037,MBC,173.500,33313,2615,CE,MBC
21841,329892,BC,173.500,33315,1112,AM,OC
21842,418608,MBC,173.500,33316,2718,CS,MBC
21843,323195,SC,173.500,33318,1211,CB,SC
21844,397200,MBC,173.500,33319,2615,CE,MBC
21845,484806,MBC,173.500,33322,2736,EC,MBC
21846,384526,BC,173.500,33324,2622,CS,BC
21847,263570,BC,173.500,33325,2702,EC,BC
21848,414181,BC,173.500,33328,1419,EC,OC
21849,432773,MBC,173.500,33329,1419,EC,OC
21850,343290,BC,173.500,33330,2603,SC,BC
21851,229029,BC,173.500,33331,2005,PR,BC
21852,259183,BC,173.500,33333,2718,IT,BC
21853,440585,MBC,173.500,33335,3011,IT,MBC
21854,397026,SC,173.500,33336,2006,AS,SC
21855,222116,BC,173.500,33337,1419,EC,OC
21856,322952,MBC,173.500,33338,2636,EC,OC
21857,343471,BC,173.500,33340,2613,CS,OC
21858,200252,MBC,173.500,33342,3819,AD,OC
21859,372078,BC,173.500,33344,2711,CS,BC
21860,255734,MBC,173.500,33345,1219,CS,MBC
21861,383178,MBC,173.500,33346,4974,CE,MBC
21862,272081,BCM,173.500,33347,4020,EC,OC
21863,305262,MBC,173.500,33348,1113,IT,MBC
21864,406239,BC,173.500,33349,5910,AD,OC
21865,280881,SC,173.500,33350,3011,BT,SC
21866,312348,BC,173.500,33351,1211,CB,BC
21867,286484,OC,173.500,33353,4020,AD,OC
21868,364220,BC,173.500,33354,1113,CS,BC
21869,221802,MBC,173.500,33358,1211,IT,MBC
21870,411265,BC,173.500,33362,1026,CS,OC
21871,218474,MBC,173.500,33364,2711,CS,MBC
21872,292113,BC,173.500,33365,2718,IT,BC
21873,230135,SC,173.500,33366,1216,SC,SC
21874,324025,BC,173.500,33368,2615,CE,BC
21875,369914,BC,173.500,33369,5901,ME,OC
21876,245847,MBC,173.500,33370,1112,AM,OC
21877,346477,BC,173.500,33371,1419,EC,OC
21878,339981,MBC,173.500,33372,3465,EE,OC
21879,209658,BC,173.500,33374,1112,IT,OC
21880,255416,BC,173.500,33375,5901,ME,OC
21881,360169,MBC,173.500,33380,2718,EE,MBC
21882,218855,BC,173.500,33382,2711,EC,BC
21883,348030,MBC,173.500,33383,2618,CS,OC
21884,306648,BC,173.500,33384,1112,CS,OC
21885,361408,MBC,173.500,33385,3011,EC,MBC
21886,314210,BC,173.500,33388,1317,AL,OC
21887,350465,BC,173.500,33393,3464,CS,OC
21888,334408,SC,173.500,33395,1211,EC,SC
21889,408195,MBC,173.500,33396,2607,CS,OC
21890,419112,MBC,173.500,33397,2711,EC,MBC
21891,262378,BC,173.500,33399,2618,CS,OC
21892,216637,BC,173.500,33403,1111,EC,OC
21893,439424,MBC,173.500,33404,2005,IB,MBC
21894,308839,MBC,173.500,33407,1317,SC,MBC
21895,350603,BC,173.500,33411,2764,CH,BC
21896,344918,MBC,173.500,33413,1,PT,MBC
21897,348774,OC,173.500,33418,1317,AD,OC
21898,472812,BCM,173.500,33421,2718,CS,BCM
21899,287500,MBC,173.500,33423,1216,AD,MBC
21900,459556,MBC,173.500,33424,2615,ME,MBC
21901,226713,BCM,173.500,33425,2718,AD,BCM
21902,271081,BC,173.500,33426,2706,IT,OC
21903,357714,BC,173.500,33427,5910,CS,BC
21904,401098,MBC,173.500,33428,2377,ME,MBC
21905,436882,BC,173.500,33429,4960,BT,OC
21906,357227,MBC,173.500,33433,1419,CS,MBC
21907,286421,MBC,173.500,33434,1516,CS,MBC
21908,327257,BC,173.500,33435,5986,CS,BC
21909,295206,BC,173.500,33436,1304,AD,BC
21910,352629,BC,173.500,33437,1216,SC,BC
21911,265321,MBC,173.500,33438,2711,CS,MBC
21912,286354,BC,173.500,33439,2673,EC,OC
21913,274311,BC,173.500,33442,2718,EE,BC
21914,284738,BC,173.500,33443,2750,CS,BC
21915,399362,MBC,173.500,33444,1026,SC,OC
21916,295162,BC,173.500,33445,4944,CS,OC
21917,235496,SCA,173.500,33448,1399,CS,SCA
21918,227439,BC,173.500,33449,1112,CS,OC
21919,252565,BCM,173.500,33450,2769,PC,OC
21920,456603,BC,173.500,33451,3803,EC,OC
21921,394710,BC,173.500,33452,2725,CS,OC
21922,356344,BCM,173.500,33453,1128,SC,OC
21923,409675,BC,173.500,33454,1211,CB,BC
21924,427914,BC,173.500,33455,3464,EC,OC
21925,482428,BC,173.500,33456,5008,ID,OC
21926,201905,BC,173.500,33457,4,RP,BC
21927,325991,MBC,173.500,33458,1219,AD,MBC
21928,395625,BC,173.500,33459,2718,EE,BC
21929,361173,SC,173.500,33461,1211,EC,SC
21930,413846,MBC,173.500,33464,2621,CS,OC
21931,251702,MBC,173.500,33465,1304,RM,OC
21932,393200,MBC,173.500,33466,2603,EC,MBC
21933,221609,BC,173.500,33467,2718,IT,BC
21934,349771,BC,173.500,33468,1419,EC,OC
21935,273981,BCM,173.500,33470,3804,CS,OC
21936,207646,BC,173.500,33471,2764,CH,BC
21937,285544,BC,173.500,33472,1317,EC,BC
21938,371408,BC,173.500,33474,2,CR,OC
21939,420717,MBC,173.500,33475,2710,CS,MBC
21940,385233,MBC,173.500,33478,4974,EC,MBC
21941,501834,BC,173.500,33479,1211,CB,BC
21942,431307,OC,173.500,33480,2764,CE,OC
21943,245280,BC,173.500,33482,2718,IT,BC
21944,322408,BC,173.500,33486,1113,EC,BC
21945,293210,MBC,173.500,33488,5010,AM,MBC
21946,219283,BC,173.500,33489,3018,CS,OC
21947,260276,BC,173.500,33491,1419,CO,OC
21948,416508,BC,173.500,33492,1430,CS,OC
21949,414553,MBC,173.500,33493,1317,AD,OC
21950,363359,SC,173.500,33494,3011,EC,SC
21951,332831,MBC,173.500,33495,2750,AD,MBC
21952,389223,MBC,173.500,33496,1216,CS,MBC
21953,291808,BC,173.500,33497,1211,CB,BC
21954,412355,BC,173.500,33500,2718,AD,BC
21955,358948,BC,173.500,33501,1422,EC,OC
21956,429387,MBC,173.500,33502,4686,CS,OC
21957,270643,BC,173.500,33504,1304,EE,OC
21958,472391,MBC,173.500,33505,2329,SC,OC
21959,370393,BC,173.500,33506,1516,EC,BC
21960,470208,BC,173.500,33507,2,PM,BC
21961,264445,MBC,173.500,33508,1128,SC,OC
21962,256192,BC,173.500,33509,2715,EC,OC
21963,409197,MBC,173.500,33510,2712,CE,MBC
21964,452275,SC,173.500,33512,5901,IT,SC
21965,367557,MBC,173.500,33513,1113,CS,MBC
21966,297826,BC,173.500,33514,2706,SC,OC
21967,416755,BC,173.500,33515,2719,CJ,OC
21968,254106,BC,173.500,33516,4680,EC,OC
21969,305472,BCM,173.500,33517,2718,EE,BCM
21970,441813,MBC,173.500,33518,2618,CS,OC
21971,258207,BC,173.500,33520,2025,ME,OC
21972,417572,BC,173.500,33522,2621,CS,OC
21973,273644,MBC,173.500,33524,3830,EC,OC
21974,250953,BCM,173.500,33527,1419,CS,BCM
21975,229349,BC,173.500,33528,2750,BT,OC
21976,406235,BC,173.500,33530,2608,CS,OC
21977,388932,BC,173.500,33531,2025,EV,BC
21978,456113,MBC,173.500,33533,5008,CN,MBC
21979,424028,BC,173.500,33534,1112,EC,OC
21980,281581,BC,173.500,33538,1317,IT,OC
21981,318140,BC,173.500,33539,3011,CS,BC
21982,273569,SC,173.500,33541,1399,CS,SC
21983,396062,BC,173.500,33542,1419,AM,OC
21984,334296,SC,173.500,33543,1432,CS,SC
21985,301600,BC,173.500,33544,5901,ME,OC
21986,464918,MBC,173.500,33550,1419,AD,OC
21987,384795,BC,173.500,33551,1216,IT,BC
21988,206604,BC,173.500,33553,1219,CS,BC
21989,418186,BC,173.500,33557,1419,EC,OC
21990,203450,MBC,173.500,33559,1304,EE,OC
21991,369079,BC,173.500,33562,2369,EC,OC
21992,260505,SC,173.500,33563,4974,CE,SC
21993,320556,BC,173.500,33564,2718,IT,BC
21994,235707,BC,173.500,33567,4960,AD,OC
21995,247156,MBC,173.500,33571,5910,EV,OC
21996,286781,BC,173.500,33572,4,RP,BC
21997,292572,OC,173.500,33574,1112,CS,OC
21998,411574,BC,173.500,33575,4670,BM,OC
21999,345761,SC,173.500,33576,2739,CO,SC
22000,263355,BC,173.500,33577,1304,ME,OC
22001,382107,BCM,173.500,33578,1317,SC,BCM
22002,361877,OC,173.500,33579,1304,CD,OC
22003,474725,BC,173.500,33580,1219,CS,BC
22004,247436,BC,173.500,33582,1216,CS,BC
22005,257716,MBC,173.500,33583,5910,EC,OC
22006,278976,BC,173.500,33585,5,CS,OC
22007,296279,OC,173.500,33586,1113,CV,OC
22008,225180,BCM,173.500,33588,4962,EC,BCM
22009,248999,MBC,173.500,33589,1304,CE,OC
22010,280207,BC,173.500,33590,4020,AD,OC
22011,240948,BC,173.500,33591,1419,CJ,OC
22012,399031,BC,173.500,33594,2622,AM,OC
22013,320503,MBC,173.500,33596,1216,SC,MBC
22014,383731,BC,173.500,33597,4962,AD,BC
22015,239889,SC,173.500,33598,2712,EC,SC
22016,396584,SC,173.500,33599,2712,IT,SC
22017,366410,BC,173.500,33600,1111,CS,BC
22018,208033,BC,173.500,33601,2718,AD,BC
22019,292934,MBC,173.500,33602,2006,AS,MBC
22020,354856,SC,173.500,33604,2,PP,SC
22021,365554,BC,173.500,33608,2706,IT,OC
22022,481023,BC,173.500,33609,2776,EC,OC
22023,351836,BC,173.500,33610,2702,CS,BC
22024,253649,BC,173.500,33611,4020,CS,OC
22025,397265,SC,173.500,33612,3011,EE,OC
22026,273920,BC,173.500,33613,2711,EE,OC
22027,460119,BC,173.500,33614,1317,AD,OC
22028,377554,BC,173.500,33615,1419,IT,OC
22029,464492,BC,173.500,33616,1419,EC,OC
22030,242408,BCM,173.500,33617,1211,IT,BCM
22031,290217,MBC,173.500,33620,1419,CS,MBC
22032,376455,MBC,173.500,33621,2711,EC,MBC
22033,212952,BC,173.500,33622,1211,CB,BC
22034,329743,MBC,173.500,33623,5008,MG,MBC
22035,489063,BC,173.500,33625,2622,AD,OC
22036,337551,OC,173.500,33626,4955,CS,OC
22037,317943,SC,173.500,33627,1399,CS,SC
22038,377837,BCM,173.500,33628,4670,BM,OC
22039,456953,BC,173.500,33629,1317,CS,BC
22040,387839,BC,173.500,33632,1112,CS,OC
22041,209251,MBC,173.500,33633,1219,CH,OC
22042,236430,BC,173.500,33634,5986,EC,BC
22043,356136,BC,173.500,33635,2751,CS,OC
22044,387171,SC,173.500,33637,1211,CS,SC
22045,260451,MBC,173.500,33638,1216,CS,MBC
22046,397267,BC,173.500,33639,1422,EC,OC
22047,413259,BC,173.500,33641,2622,CS,BC
22048,290117,BC,173.500,33643,2702,EC,BC
22049,334194,BC,173.500,33647,1419,CI,OC
22050,456215,BC,173.500,33648,1111,EC,OC
22051,367004,SC,173.500,33651,2739,EC,SC
22052,281438,SC,173.500,33653,3807,EE,OC
22053,499520,MBC,173.500,33654,1317,CS,MBC
22054,408979,BC,173.500,33656,2702,EC,BC
22055,424881,MBC,173.500,33657,2615,CE,MBC
22056,494538,BC,173.500,33658,1432,BT,BC
22057,269398,BC,173.500,33659,2764,BM,BC
22058,446155,BC,173.500,33662,1216,EC,BC
22059,240191,SC,173.500,33663,1399,CS,SC
22060,380565,BC,173.500,33665,2710,ME,OC
22061,334769,MBC,173.500,33669,2006,PN,MBC
22062,400209,BC,173.500,33671,1317,IT,OC
22063,273211,MBC,173.500,33672,5008,CN,MBC
22064,476943,MBC,173.500,33673,2718,EC,MBC
22065,209086,BC,173.500,33674,1219,ME,OC
22066,341869,MBC,173.500,33679,1317,CS,MBC
22067,390038,BC,173.500,33681,1120,CS,OC
22068,342909,MBC,173.500,33682,3011,CE,OC
22069,394102,MBC,173.500,33683,2615,ME,MBC
22070,444463,SC,173.500,33684,5901,EC,SC
22071,359984,MBC,173.500,33686,1304,CS,MBC
22072,295053,MBC,173.500,33689,2329,AD,OC
22073,288280,MBC,173.500,33691,2369,EE,OC
22074,450432,BC,173.500,33692,2622,CS,BC
22075,232452,SC,173.500,33696,2750,CS,SC
22076,257904,MBC,173.500,33697,2,PM,MBC
22077,274643,SC,173.500,33699,4974,EC,SC
22078,222591,MBC,173.500,33702,1211,BM,OC
22079,273841,BC,173.500,33703,1419,AD,OC
22080,353474,BC,173.500,33704,2702,CS,BC
22081,414163,BC,173.500,33705,1317,EC,BC
22082,434867,SC,173.500,33706,2025,CS,SC
22083,374484,BC,173.500,33707,4974,EI,OC
22084,458359,BC,173.500,33710,1419,AD,OC
22085,245281,SC,173.500,33711,2025,EC,SC
22086,335795,BC,173.500,33712,2710,EV,OC
22087,286448,BC,173.500,33717,2704,EC,OC
22088,330954,BC,173.500,33720,1210,AD,OC
22089,477841,MBC,173.500,33721,2329,CS,OC
22090,350147,MBC,173.500,33723,5,CS,OC
22091,261333,BC,173.500,33724,3011,EE,OC
22092,301581,BC,173.470,33725,2764,ME,OC
22093,488332,BCM,173.250,33727,4974,ME,OC
22094,391614,BC,173.240,33728,2718,IT,BC
22095,330431,BC,173.000,33733,3819,AD,OC
22096,495197,BC,173.000,33734,1325,CS,OC
22097,239669,MBC,173.000,33735,2377,ME,MBC
22098,249497,SC,173.000,33736,1211,CS,SC
22099,204845,BC,173.000,33737,2718,AD,BC
22100,449531,MBC,173.000,33738,2702,AD,MBC
22101,200385,BC,173.000,33739,1304,AD,BC
22102,392015,BC,173.000,33742,2719,CS,BC
22103,222113,BC,173.000,33746,2,LE,OC
22104,254820,BC,173.000,33747,1317,IT,OC
22105,377880,BC,173.000,33748,2718,IT,BC
22106,439900,BC,173.000,33749,2706,AD,OC
22107,371976,MBC,173.000,33750,1126,SC,OC
22108,305453,BC,173.000,33751,1211,BT,BC
22109,281511,BC,173.000,33752,2726,CS,OC
22110,349845,MBC,173.000,33753,1219,CS,MBC
22111,309780,MBC,173.000,33755,1419,EC,OC
22112,349919,BC,173.000,33757,2718,EE,BC
22113,276760,BC,173.000,33758,5,CF,OC
22114,350422,BC,173.000,33759,2702,EC,BC
22115,407097,MBC,173.000,33760,1113,EC,MBC
22116,207932,BC,173.000,33762,1210,EC,OC
22117,253392,MBC,173.000,33763,5986,CS,MBC
22118,437953,SC,173.000,33764,5901,IT,SC
22119,249759,ST,173.000,33765,1304,AD,ST
22120,395216,BCM,173.000,33767,2750,AD,BCM
22121,357869,MBC,173.000,33768,2702,AD,MBC
22122,213823,BC,173.000,33769,1219,CS,BC
22123,211321,MBC,173.000,33771,1216,CS,MBC
22124,413168,BC,173.000,33775,1219,CS,BC
22125,344224,BC,173.000,33777,2723,EC,OC
22126,249216,BC,173.000,33779,2704,CS,OC
22127,405434,BC,173.000,33780,2750,EC,BC
22128,450172,BCM,173.000,33781,5907,AD,OC
22129,431175,MBC,173.000,33782,2750,CS,MBC
22130,261242,BC,173.000,33784,2706,EC,BC
22131,289701,BC,173.000,33785,1112,CS,OC
22132,352434,BC,173.000,33786,1432,AD,BC
22133,462354,MBC,173.000,33788,2711,AD,MBC
22134,310375,MBC,173.000,33790,5008,CN,MBC
22135,330130,MBC,173.000,33791,2006,TX,MBC
22136,242163,BCM,173.000,33793,1216,AD,BCM
22137,283926,BC,173.000,33795,4023,EC,OC
22138,293073,SC,173.000,33797,2718,CS,SC
22139,361517,BC,173.000,33799,2329,AM,OC
22140,376870,BC,173.000,33801,1432,AD,BC
22141,264851,BC,173.000,33802,2719,EE,OC
22142,371170,BC,173.000,33803,1111,CS,BC
22143,253853,BC,173.000,33804,5910,CS,BC
22144,325589,MBC,173.000,33807,1216,EC,MBC
22145,366488,MBC,173.000,33808,1317,CS,MBC
22146,321023,BC,173.000,33811,2702,AD,BC
22147,382914,MBC,173.000,33812,1311,AE,OC
22148,224934,BC,173.000,33814,2711,EE,OC
22149,349031,BC,173.000,33817,2718,EE,BC
22150,384578,BC,173.000,33818,2006,TX,BC
22151,253351,BC,173.000,33819,1317,IT,OC
22152,250485,MBC,173.000,33820,2710,IT,MBC
22153,348737,SC,173.000,33821,1317,SC,SC
22154,219559,SC,173.000,33823,1399,AM,SC
22155,337860,BC,173.000,33824,2702,CS,BC
22156,438602,SC,173.000,33826,1399,IT,SC
22157,409502,MBC,173.000,33828,2711,EC,MBC
22158,383039,BC,173.000,33829,1419,EC,OC
22159,259234,BC,173.000,33831,2622,EC,OC
22160,447699,MBC,173.000,33832,5010,EE,OC
22161,218629,BC,173.000,33833,2329,EC,OC
22162,339399,BC,173.000,33834,3011,EV,OC
22163,403154,BC,173.000,33835,2627,CE,OC
22164,484036,MBC,173.000,33836,1516,EC,MBC
22165,220418,SC,173.000,33838,1399,AD,SC
22166,258900,BC,173.000,33840,3011,EV,OC
22167,248412,MBC,173.000,33841,2702,AD,MBC
22168,209225,BC,173.000,33842,1309,AL,OC
22169,252771,BC,173.000,33843,2622,EC,OC
22170,242516,BC,173.000,33845,2710,EC,BC
22171,377129,BC,173.000,33847,1113,EE,OC
22172,276618,MBC,173.000,33848,2710,IT,MBC
22173,417953,BC,173.000,33850,1311,MZ,OC
22174,367477,BC,173.000,33851,1211,MZ,OC
22175,370738,BC,173.000,33852,2718,IT,BC
22176,396281,MBC,173.000,33853,2710,EC,MBC
22177,348700,MBC,173.000,33854,2710,AD,MBC
22178,433135,MBC,173.000,33859,1211,IT,MBC
22179,344619,BC,173.000,33860,1516,EE,OC
22180,295430,SC,173.000,33861,5008,EU,SC
22181,257579,BC,173.000,33862,3011,CF,BC
22182,278150,BCM,173.000,33863,4974,IB,OC
22183,280893,MBC,173.000,33864,2710,CS,MBC
22184,479766,SC,173.000,33866,2710,EC,SC
22185,357361,BC,173.000,33867,2607,CS,OC
22186,263048,OC,173.000,33868,1112,EC,OC
22187,253894,BC,173.000,33872,3819,CS,BC
22188,255328,BC,173.000,33873,2718,AD,BC
22189,330154,BC,173.000,33875,3701,CS,OC
22190,479661,BC,173.000,33876,4960,IT,OC
22191,369844,BC,173.000,33878,2750,EC,BC
22192,223761,BC,173.000,33879,2706,IT,OC
22193,420394,SC,173.000,33881,5008,IM,SC
22194,364897,BC,173.000,33882,1118,AD,OC
22195,307003,BC,173.000,33885,1211,CB,BC
22196,374043,BC,173.000,33887,2711,CD,OC
22197,291594,MBC,173.000,33888,1419,AD,OC
22198,419638,BC,173.000,33889,2702,EC,BC
22199,304118,BCM,173.000,33891,3803,AD,OC
22200,218227,MBC,173.000,33892,1122,CH,OC
22201,337816,BC,173.000,33893,2622,EC,OC
22202,275401,MBC,173.000,33896,2710,EC,MBC
22203,370800,BC,173.000,33899,2711,EC,BC
22204,400898,MBC,173.000,33900,4974,EC,MBC
22205,340862,SC,173.000,33903,1219,AD,SC
22206,254551,MBC,173.000,33904,1216,AL,MBC
22207,279305,MBC,173.000,33906,1520,CB,OC
22208,250106,BC,173.000,33907,1317,AL,OC
22209,261918,BC,173.000,33908,5910,EC,OC
22210,212494,BC,173.000,33909,1414,EC,OC
22211,212060,BC,173.000,33910,1419,AM,OC
22212,205081,BC,173.000,33911,1113,EG,OC
22213,251425,BC,173.000,33912,1317,CS,BC
22214,203660,BC,173.000,33913,1419,EC,OC
22215,275017,MBC,173.000,33914,2750,CS,MBC
22216,297715,BCM,173.000,33915,4020,CS,OC
22217,389132,MBC,173.000,33916,2718,CS,MBC
22218,252273,MBC,173.000,33917,1211,BT,MBC
22219,297675,SC,173.000,33919,1317,AD,OC
22220,213111,BC,173.000,33922,2719,AE,OC
22221,359852,BC,173.000,33923,2608,CS,OC
22222,350591,BC,173.000,33924,4974,IB,OC
22223,345115,MBC,173.000,33925,1128,CS,OC
22224,241376,BC,173.000,33926,2718,AD,BC
22225,201162,OC,173.000,33927,1112,EC,OC
22226,278695,BC,173.000,33929,4678,AD,OC
22227,380441,MBC,173.000,33932,2712,CE,MBC
22228,328620,MBC,173.000,33933,2777,AD,OC
22229,282744,BC,173.000,33936,2,PM,BC
22230,337975,MBC,173.000,33939,2618,CS,OC
22231,449030,MBC,173.000,33940,1317,EC,MBC
22232,296288,BC,173.000,33942,2719,EE,OC
22233,363171,MBC,173.000,33945,1211,IT,MBC
22234,243110,BC,173.000,33949,1419,EC,OC
22235,246359,BC,173.000,33951,1317,IT,OC
22236,440082,MBC,173.000,33952,2702,AD,MBC
22237,400323,BC,173.000,33954,1112,AM,OC
22238,447304,BC,173.000,33955,2727,EC,OC
22239,290127,BC,173.000,33959,1112,EC,OC
22240,208741,SC,173.000,33962,1399,EE,SC
22241,330849,BC,173.000,33964,1304,RM,BC
22242,206450,MBC,173.000,33965,2702,IT,OC
22243,270610,BC,173.000,33966,1317,AD,OC
22244,375156,MBC,173.000,33967,2750,CS,MBC
22245,241933,BC,173.000,33969,1219,IT,BC
22246,438741,BC,173.000,33971,2751,CS,OC
22247,403745,BC,173.000,33972,1432,AD,BC
22248,300732,BC,173.000,33973,5910,CS,BC
22249,215019,BC,173.000,33974,1113,CU,OC
22250,337241,BC,173.000,33975,1309,CS,OC
22251,385457,BC,173.000,33976,1218,AD,OC
22252,315196,BC,173.000,33977,2751,EC,BC
22253,341192,BC,173.000,33979,2646,AM,OC
22254,208675,BC,173.000,33980,2719,CS,BC
22255,235748,BC,173.000,33982,1120,AD,OC
22256,304087,BC,173.000,33983,1219,CS,BC
22257,286869,BC,173.000,33984,2751,AD,OC
22258,279683,BC,173.000,33985,5901,ME,OC
22259,369801,MBC,173.000,33986,1026,CS,OC
22260,417794,BC,173.000,33988,2718,CJ,BC
22261,354553,BC,173.000,33989,2763,CS,OC
22262,271967,BC,173.000,33990,1413,CS,OC
22263,371920,OC,173.000,33991,1122,AD,OC
22264,455745,MBC,173.000,33993,4960,CS,MBC
22265,223158,OC,173.000,33998,4944,CS,OC
22266,412588,MBC,173.000,33999,2726,SB,OC
22267,440564,MBC,173.000,34000,1,PT,MBC
22268,330794,MBC,173.000,34001,1516,EC,MBC
22269,399642,BC,173.000,34002,2710,EC,BC
22270,357272,BC,173.000,34003,5986,SC,OC
22271,305471,BC,173.000,34004,3830,AD,OC
22272,277506,BCM,173.000,34005,1317,EC,BCM
22273,228891,BC,173.000,34006,1419,IT,OC
22274,390343,BC,173.000,34007,1401,AD,OC
22275,273771,BC,173.000,34012,2710,EC,BC
22276,218069,MBC,173.000,34013,1140,CS,OC
22277,200520,BC,173.000,34014,1317,IT,OC
22278,336551,BCM,173.000,34019,2706,EC,BCM
22279,406202,MBC,173.000,34020,1128,CS,OC
22280,425998,BC,173.000,34022,1113,EG,OC
22281,223796,BCM,173.000,34023,1216,IT,BCM
22282,359622,BC,173.000,34024,1304,IT,BC
22283,398776,MBC,173.000,34025,1304,CB,MBC
22284,398109,MBC,173.000,34026,3807,AD,OC
22285,294067,BC,173.000,34027,1419,IT,OC
22286,445887,BC,173.000,34028,2718,MZ,BC
22287,236169,MBC,173.000,34029,5,AM,OC
22288,320251,BC,173.000,34030,2727,CS,OC
22289,281550,BC,173.000,34032,1211,CD,BC
22290,305607,BC,173.000,34033,4933,AD,OC
22291,412017,BC,173.000,34034,4960,AD,OC
22292,416761,BC,173.000,34035,2706,AD,OC
22293,260928,SC,173.000,34036,1304,EC,SC
22294,200490,BC,173.000,34038,1140,EC,OC
22295,345766,SC,173.000,34042,2603,SC,SC
22296,359375,BC,173.000,34043,2750,ME,BC
22297,440489,BC,173.000,34044,2622,CS,BC
22298,221930,BC,173.000,34045,1111,CS,BC
22299,479479,BC,173.000,34046,1216,CS,BC
22300,249044,MBC,173.000,34048,1211,IT,MBC
22301,411623,BC,173.000,34052,4974,EI,OC
22302,218770,BC,173.000,34053,1317,EC,BC
22303,357819,MBC,173.000,34056,1113,IT,MBC
22304,445556,MBC,173.000,34058,2719,CS,MBC
22305,374991,MBC,173.000,34060,5901,CE,MBC
22306,453008,BC,173.000,34061,3018,AD,OC
22307,259992,MBC,173.000,34062,2719,CS,MBC
22308,370448,MBC,173.000,34063,2608,CS,OC
22309,203993,BC,173.000,34064,2718,IT,BC
22310,338525,MBC,173.000,34066,1216,AD,MBC
22311,395421,SC,173.000,34067,5901,EE,SC
22312,408909,BC,173.000,34072,2736,CS,OC
22313,384562,BC,173.000,34073,1419,EC,OC
22314,285369,MBC,173.000,34074,2648,CS,OC
22315,245775,BC,173.000,34075,4960,AD,OC
22316,262454,MBC,173.000,34076,2709,AU,OC
22317,205370,MBC,173.000,34077,2702,CS,MBC
22318,478307,BC,173.000,34078,1304,IT,BC
22319,400187,BC,173.000,34082,3011,IT,BC
22320,282561,MBC,173.000,34083,1432,CS,MBC
22321,460460,MBC,173.000,34087,2718,CS,MBC
22322,359167,BC,173.000,34088,1216,EC,BC
22323,475848,OC,173.000,34089,1419,AD,OC
22324,323759,BCM,173.000,34091,2,TX,OC
22325,309126,BCM,173.000,34092,2719,CS,BCM
22326,391055,BC,173.000,34093,1419,EC,OC
22327,350569,MBC,173.000,34095,2710,IT,MBC
22328,343280,BC,173.000,34097,2702,EI,OC
22329,353532,BC,173.000,34099,2702,ME,OC
22330,281930,BC,173.000,34100,5010,EC,BC
22331,288005,BC,173.000,34101,2723,AD,OC
22332,322997,MBC,173.000,34102,2718,EC,MBC
22333,251740,BC,173.000,34107,2719,CS,BC
22334,329472,SC,173.000,34109,1118,CS,OC
22335,318603,BC,173.000,34110,1317,IT,OC
22336,207101,BC,173.000,34111,1317,AD,OC
22337,445286,BC,173.000,34112,2357,CS,OC
22338,334845,BC,173.000,34113,2702,CS,BC
22339,317605,BC,173.000,34114,2709,EE,OC
22340,404829,MBC,173.000,34117,2622,AD,OC
22341,254405,BC,173.000,34118,1219,CS,BC
22342,473775,BC,173.000,34121,2656,CS,OC
22343,455107,MBC,173.000,34123,2611,BT,OC
22344,200384,BC,173.000,34124,1111,CS,BC
22345,203276,BC,173.000,34125,1304,AD,BC
22346,441597,SC,173.000,34126,1211,EC,SC
22347,365951,MBC,173.000,34129,1112,CS,OC
22348,381974,MBC,173.000,34130,5009,CS,OC
22349,224682,BCM,173.000,34133,1419,CS,BCM
22350,240330,BC,173.000,34134,2706,IT,OC
22351,206452,BC,173.000,34136,1419,EE,OC
22352,346256,BC,173.000,34138,2736,EC,BC
22353,317034,BC,173.000,34139,2719,RM,OC
22354,314832,MBC,173.000,34141,4974,EC,MBC
22355,315822,BC,173.000,34142,2718,IT,BC
22356,430603,BC,173.000,34143,2607,CS,OC
22357,460788,BC,173.000,34145,4864,EC,OC
22358,364955,BC,173.000,34146,1211,ME,BC
22359,495652,BC,173.000,34147,1304,AD,BC
22360,299127,MBC,173.000,34149,5010,EC,MBC
22361,232105,MBC,173.000,34150,1304,RM,MBC
22362,339407,MBC,173.000,34152,4960,EC,MBC
22363,414778,BC,173.000,34154,2704,SC,OC
22364,353839,BC,173.000,34156,2,CR,OC
22365,288231,MBC,173.000,34158,1422,CS,OC
22366,418696,BC,173.000,34159,1216,CS,BC
22367,494919,BC,173.000,34161,2736,SC,OC
22368,331463,MBC,173.000,34163,1211,IT,MBC
22369,235097,MBC,173.000,34166,5008,CN,MBC
22370,314223,BC,173.000,34167,2718,AD,BC
22371,237415,BC,173.000,34168,1419,MZ,OC
22372,374235,SC,173.000,34169,1399,IT,SC
22373,436314,MBC,173.000,34171,1412,EC,OC
22374,377814,BC,173.000,34172,2711,AD,BC
22375,331842,BC,173.000,34174,2711,EE,OC
22376,427344,MBC,173.000,34175,1432,EV,MBC
22377,491794,SC,173.000,34176,1026,CS,OC
22378,435316,SC,173.000,34178,3465,EC,SC
22379,244931,BC,173.000,34179,2718,ME,OC
22380,395072,BC,173.000,34180,4955,CS,OC
22381,212721,SC,173.000,34181,2739,EC,SC
22382,351343,BCM,173.000,34183,1210,AD,OC
22383,366179,BC,173.000,34185,1419,AD,OC
22384,407499,BC,173.000,34186,2711,CS,BC
22385,332032,OC,173.000,34187,2749,AM,OC
22386,281988,BCM,173.000,34190,1113,EC,BCM
22387,213205,OC,173.000,34191,2621,AM,OC
22388,227653,BC,173.000,34193,1419,IT,OC
22389,394801,MBC,173.000,34194,5,CS,OC
22390,217419,BC,173.000,34195,2653,EC,OC
22391,210496,BC,173.000,34196,2764,BM,BC
22392,407220,MBC,173.000,34198,1419,EC,OC
22393,330813,BC,173.000,34199,1015,CS,OC
22394,331544,MBC,173.000,34200,1216,CS,MBC
22395,307586,OC,173.000,34201,2751,AD,OC
22396,397096,SC,173.000,34202,2739,CS,SC
22397,284619,BC,173.000,34203,1311,IT,OC
22398,241734,MBC,173.000,34204,4020,AD,OC
22399,425385,SC,173.000,34208,2005,EI,SC
22400,366888,MBC,173.000,34209,1317,CS,MBC
22401,288256,BC,173.000,34210,2711,CS,BC
22402,261049,MBC,173.000,34211,2706,AD,OC
22403,287308,BC,173.000,34212,1219,BT,OC
22404,307016,BC,173.000,34213,2702,BT,OC
22405,257599,BC,173.000,34214,2709,IT,BC
22406,230532,BC,173.000,34215,2706,ME,OC
22407,321129,BC,173.000,34216,1210,CS,OC
22408,437284,SC,173.000,34217,2710,AD,SC
22409,340937,BC,173.000,34218,5910,CS,BC
22410,340453,BC,173.000,34220,1432,AD,BC
22411,473623,MBC,173.000,34221,2377,ME,MBC
22412,438637,BC,173.000,34222,2764,BM,BC
22413,307875,BC,173.000,34223,4960,AD,OC
22414,376212,BCM,173.000,34224,4962,IT,OC
22415,448409,BC,173.000,34225,2608,SC,OC
22416,287297,BC,173.000,34226,2736,CS,OC
22417,283742,BC,173.000,34227,2706,AD,OC
22418,371276,OC,173.000,34228,2702,IT,OC
22419,357898,BC,173.000,34230,2750,CS,BC
22420,322195,MBC,173.000,34231,2711,EC,MBC
22421,207625,BC,173.000,34232,2719,EC,BC
22422,370923,MBC,173.000,34233,1423,EC,OC
22423,367020,SC,173.000,34237,1450,EC,SC
22424,293689,MBC,173.000,34239,1516,CS,MBC
22425,407801,BC,173.000,34244,2719,CJ,OC
22426,326789,SC,173.000,34245,1219,CS,SC
22427,387083,MBC,173.000,34250,2025,ME,OC
22428,353676,SC,173.000,34251,2025,CS,SC
22429,369480,BC,173.000,34252,2005,IB,BC
22430,317544,BC,173.000,34253,1419,AD,OC
22431,335280,BC,173.000,34254,2718,IT,BC
22432,396745,SC,173.000,34257,4974,EE,SC
22433,293941,BC,173.000,34258,2710,EC,BC
22434,295831,MBC,173.000,34259,1137,AD,OC
22435,455066,SC,173.000,34263,3465,CS,SC
22436,404909,BCM,173.000,34266,1026,CS,OC
22437,345663,BC,173.000,34267,5986,CS,BC
22438,407883,BC,173.000,34270,1211,RM,BC
22439,457520,BC,173.000,34272,2706,AD,OC
22440,444034,SC,173.000,34273,1412,AD,OC
22441,311583,BC,173.000,34274,2710,IT,BC
22442,338447,BCM,173.000,34276,1408,AL,OC
22443,478728,BC,173.000,34280,2718,IT,BC
22444,328497,MBC,173.000,34281,1419,AM,OC
22445,419055,SC,173.000,34282,1,MN,SC
22446,367067,BC,173.000,34284,1112,CS,OC
22447,232097,BC,173.000,34289,1304,AD,BC
22448,258583,BC,173.000,34290,1311,CS,OC
22449,434018,SC,173.000,34291,2712,CS,SC
22450,287290,BC,173.000,34292,1419,AM,BC
22451,334221,MBC,173.000,34293,1211,IT,MBC
22452,431867,MBC,173.000,34294,2377,ME,MBC
22453,435349,OC,173.000,34295,2607,CS,OC
22454,280146,MBC,173.000,34298,1216,AD,MBC
22455,409596,MBC,173.000,34300,2750,CS,MBC
22456,317942,MBC,173.000,34301,2025,EE,MBC
22457,242953,BCM,173.000,34302,2369,EC,OC
22458,394924,MBC,173.000,34303,1211,EE,MBC
22459,267244,MBC,173.000,34304,1211,FD,MBC
22460,360013,MBC,173.000,34307,1211,EE,MBC
22461,366028,BC,173.000,34309,1432,AD,BC
22462,220581,BC,173.000,34310,1210,CS,OC
22463,432243,BC,173.000,34311,1419,ME,OC
22464,399427,BC,173.000,34312,2607,IT,OC
22465,385356,BCM,173.000,34313,2711,CS,BCM
22466,309397,MBC,173.000,34314,2711,AD,MBC
22467,322381,BC,173.000,34316,1421,AD,OC
22468,228475,BC,173.000,34317,1419,EC,OC
22469,307610,BC,173.000,34318,2706,IT,OC
22470,267889,MBC,173.000,34319,2718,CS,MBC
22471,330863,BC,173.000,34321,2764,ME,BC
22472,432995,MBC,173.000,34322,2711,CS,MBC
22473,229450,MBC,173.000,34323,2369,IT,OC
22474,235225,BC,173.000,34324,1317,IT,OC
22475,226909,BCM,173.000,34325,1317,EC,BCM
22476,303079,BC,173.000,34326,2708,FD,OC
22477,261600,BC,173.000,34327,2719,CJ,OC
22478,344904,MBC,173.000,34328,2702,AD,MBC
22479,386888,BC,173.000,34329,5910,EC,OC
22480,388489,BC,173.000,34330,2711,EC,BC
22481,424252,SC,173.000,34331,2377,ME,SC
22482,202925,MBC,173.000,34333,1113,IT,MBC
22483,381380,BC,173.000,34336,1113,EE,OC
22484,359007,BCM,173.000,34337,2613,CI,OC
22485,229123,BC,173.000,34338,2725,AD,OC
22486,318092,BC,173.000,34340,2718,MZ,BC
22487,250887,MBC,173.000,34341,2634,EC,OC
22488,365623,MBC,173.000,34343,2712,MZ,MBC
22489,441072,BC,173.000,34344,5910,EC,OC
22490,349618,MBC,173.000,34345,2718,AD,MBC
22491,215772,MBC,173.000,34346,2718,CS,MBC
22492,319464,SCA,173.000,34348,2739,AD,SCA
22493,254436,BC,173.000,34350,2711,AL,BC
22494,456735,BC,173.000,34351,2711,EC,BC
22495,344134,MBC,173.000,34352,1210,AL,OC
22496,280907,BC,173.000,34353,4023,CS,OC
22497,398826,MBC,173.000,34354,1211,CD,MBC
22498,205616,OC,173.000,34355,1111,EC,OC
22499,272119,BC,173.000,34358,1419,IT,OC
22500,228044,OC,173.000,34359,4020,CS,OC
22501,337111,MBC,173.000,34361,1317,CS,MBC
22502,390390,BC,173.000,34362,5009,CS,OC
22503,336006,BC,173.000,34364,2705,SC,OC
22504,328298,MBC,173.000,34365,1216,IT,MBC
22505,283504,BCM,173.000,34366,2615,MT,BCM
22506,460848,BC,173.000,34367,2329,AM,OC
22507,220086,SC,173.000,34369,2006,AS,SC
22508,243675,BC,173.000,34370,2718,CB,BC
22509,215781,BC,173.000,34371,2615,ME,BC
22510,394245,BC,173.000,34372,1419,EC,OC
22511,244025,BC,173.000,34373,1113,CU,OC
22512,436142,BCM,173.000,34376,1211,CB,BCM
22513,279505,BC,173.000,34378,5910,CS,BC
22514,411237,MBC,173.000,34379,2710,EC,MBC
22515,491648,MBC,173.000,34380,2329,SC,OC
22516,340720,BC,173.000,34386,1317,AL,OC
22517,329005,BC,173.000,34387,2329,CS,OC
22518,353325,MBC,173.000,34388,1211,AE,MBC
22519,313171,BC,173.000,34389,2750,EV,BC
22520,343025,MBC,173.000,34390,1432,BT,MBC
22521,419637,OC,173.000,34395,2369,IT,OC
22522,330805,SC,173.000,34398,1516,CS,SC
22523,200199,BC,173.000,34400,4955,CS,OC
22524,273477,BCM,173.000,34403,1211,CB,BCM
22525,392000,BC,173.000,34404,2709,CF,BC
22526,266007,BC,173.000,34405,2750,CS,BC
22527,479887,BC,173.000,34406,2718,AD,BC
22528,414188,MBC,173.000,34408,1432,EC,MBC
22529,450525,BC,173.000,34409,1317,AD,OC
22530,262654,BC,173.000,34412,3011,BT,BC
22531,351818,MBC,173.000,34417,1219,BT,OC
22532,325972,BC,173.000,34418,1419,AD,OC
22533,257972,BC,173.000,34421,2718,AD,BC
22534,282042,BCM,173.000,34427,5010,AM,BCM
22535,306548,BC,173.000,34428,1026,SC,OC
22536,276400,BC,173.000,34429,1432,AD,BC
22537,385549,BC,173.000,34431,5,EC,OC
22538,272215,BC,173.000,34432,2706,AD,OC
22539,260099,BCM,173.000,34436,4966,AD,OC
22540,435465,MBC,173.000,34438,2764,ME,MBC
22541,250617,BC,173.000,34441,4960,AD,BC
22542,247553,BC,173.000,34442,1317,AM,BC
22543,434184,MBC,173.000,34443,1013,EC,OC
22544,348650,MBC,173.000,34444,5986,EC,MBC
22545,362167,MBC,173.000,34447,2615,ME,MBC
22546,317972,BCM,173.000,34448,3830,EC,OC
22547,286932,BC,173.000,34449,2603,ME,OC
22548,233376,BC,173.000,34450,2673,IT,OC
22549,266753,BC,173.000,34452,1120,CS,OC
22550,200606,SC,173.000,34455,5008,IM,SC
22551,385037,BC,173.000,34458,2711,CD,OC
22552,281510,BC,173.000,34461,5986,CS,BC
22553,273100,BC,173.000,34463,2618,EC,OC
22554,325803,BC,173.000,34466,1110,EC,OC
22555,334824,MBC,173.000,34467,1304,BT,MBC
22556,283939,SC,173.000,34470,2739,EC,SC
22557,329141,BC,173.000,34471,2603,SC,BC
22558,377327,BC,173.000,34473,2711,EE,OC
22559,462576,BC,173.000,34474,2750,CS,BC
22560,368745,MBC,173.000,34475,2711,CS,MBC
22561,424976,BCM,173.000,34476,5907,AD,OC
22562,379967,MBC,173.000,34477,1113,EC,MBC
22563,261574,BC,173.000,34478,2615,ME,BC
22564,208634,MBC,173.000,34480,1405,AD,OC
22565,301418,BC,173.000,34482,4023,EC,OC
22566,488321,MBC,173.000,34483,2764,CS,MBC
22567,417508,SC,173.000,34484,1211,EC,SC
22568,260496,MBC,173.000,34485,5986,EC,MBC
22569,240203,BC,173.000,34489,2718,IT,BC
22570,201680,BC,173.000,34490,1211,BM,OC
22571,327912,BC,173.000,34492,2718,AD,BC
22572,364789,MBC,173.000,34493,2718,CS,MBC
22573,331490,SC,173.000,34495,5008,IM,SC
22574,297929,MBC,173.000,34496,2711,CS,MBC
22575,397059,MBC,173.000,34497,5901,ME,OC
22576,270019,OC,173.000,34501,1317,MZ,OC
22577,401821,BCM,173.000,34504,2750,AD,BCM
22578,255358,OC,173.000,34505,2706,EV,OC
22579,331532,BC,173.000,34506,4960,IT,OC
22580,404401,MBC,173.000,34507,2711,CS,MBC
22581,372009,BC,173.000,34509,1422,EC,OC
22582,304713,MBC,173.000,34510,2709,CE,OC
22583,349569,MBC,173.000,34511,2764,CS,MBC
22584,273344,BCM,173.000,34516,4955,AD,OC
22585,373148,BC,173.000,34517,2751,CS,OC
22586,459439,BC,173.000,34518,2718,CB,BC
22587,268441,BC,173.000,34520,3465,EC,BC
22588,213534,BC,173.000,34521,2718,IT,BC
22589,396086,BC,173.000,34523,2718,IT,BC
22590,365416,MBC,173.000,34526,1219,EC,MBC
22591,369313,MBC,173.000,34527,2718,EC,MBC
22592,285861,SC,173.000,34528,1432,CS,SC
22593,290665,BC,173.000,34529,2750,AD,BC
22594,348258,SC,173.000,34530,2712,EC,SC
22595,454732,BC,173.000,34531,2718,EE,BC
22596,222340,SC,173.000,34534,1211,CS,SC
22597,340877,BC,173.000,34536,2749,AD,OC
22598,394978,BC,173.000,34540,1304,AD,BC
22599,493406,OC,173.000,34542,1126,CS,OC
22600,238641,MBC,173.000,34543,1304,BT,MBC
22601,390922,BC,173.000,34547,2726,CD,OC
22602,225499,SC,173.000,34549,1211,CS,SC
22603,334421,BC,173.000,34553,2719,EC,BC
22604,375144,BC,173.000,34554,1210,CS,OC
22605,382626,BC,173.000,34555,1210,EC,OC
22606,413113,BC,173.000,34556,2702,EI,OC
22607,369892,BC,173.000,34557,2718,CE,OC
22608,247842,BC,173.000,34558,1111,EC,OC
22609,397161,BC,173.000,34561,2719,CS,BC
22610,328293,BC,173.000,34563,2723,CS,OC
22611,293749,BC,173.000,34564,4680,CS,OC
22612,374854,BC,173.000,34566,5986,IT,OC
22613,388652,MBC,173.000,34569,2603,ME,OC
22614,234085,MBC,173.000,34570,2711,EC,MBC
22615,302738,BC,173.000,34574,2709,CF,BC
22616,223558,SC,173.000,34575,2007,ME,SC
22617,258778,BCM,173.000,34578,1216,AD,BCM
22618,313681,MBC,173.000,34579,2615,ME,MBC
22619,358789,BC,173.000,34580,1210,EC,OC
22620,281163,SC,173.000,34581,1211,CS,SC
22621,309599,MBC,173.000,34582,3016,CS,OC
22622,202635,BC,173.000,34583,1112,AM,OC
22623,262525,MBC,173.000,34586,1432,AM,MBC
22624,202648,BC,173.000,34587,5986,IT,OC
22625,464310,BC,173.000,34588,2751,RM,OC
22626,478314,BC,173.000,34589,1026,SC,OC
22627,318487,BC,173.000,34590,3805,AD,OC
22628,339846,MBC,173.000,34593,2719,CS,MBC
22629,252157,OC,173.000,34594,1211,BM,OC
22630,337597,BCM,173.000,34595,2764,CB,BCM
22631,206634,BC,173.000,34596,5986,EC,BC
22632,356682,MBC,173.000,34598,2369,CS,OC
22633,211084,BC,173.000,34599,2718,EE,BC
22634,283647,MBC,173.000,34600,2712,ME,MBC
22635,428667,BC,173.000,34602,2712,CE,BC
22636,350815,BC,173.000,34603,2710,IT,BC
22637,279518,BC,173.000,34605,1112,EC,OC
22638,208581,BC,173.000,34607,1317,IT,OC
22639,246180,BC,173.000,34608,1422,IT,OC
22640,219978,BC,173.000,34609,3830,CS,OC
22641,206517,BC,173.000,34611,1211,AE,BC
22642,348161,BC,173.000,34613,1419,CJ,OC
22643,419440,BCM,173.000,34616,2618,AM,OC
22644,221052,BC,173.000,34618,2764,CH,BC
22645,249210,OC,173.000,34619,2704,SC,OC
22646,420779,BC,173.000,34622,2719,ME,OC
22647,278989,BC,173.000,34624,3011,IT,BC
22648,415891,BC,173.000,34631,1317,AD,OC
22649,350986,BC,173.000,34633,2357,EC,OC
22650,460685,BC,173.000,34637,2329,AM,OC
22651,209033,BC,173.000,34638,2710,EC,BC
22652,474892,MBC,173.000,34639,2329,SC,OC
22653,358989,BC,173.000,34640,1113,EG,OC
22654,345472,OC,173.000,34642,1419,IT,OC
22655,298953,BC,173.000,34644,1419,CB,OC
22656,261104,BC,173.000,34645,2718,CJ,BC
22657,256563,SC,173.000,34646,1216,AL,SC
22658,420111,BC,173.000,34647,2025,EV,BC
22659,223282,BC,173.000,34648,4994,AD,OC
22660,500474,BC,173.000,34649,3465,CE,OC
22661,352655,BCM,173.000,34650,2718,CS,BCM
22662,275806,BCM,173.000,34651,3803,CS,OC
22663,315771,MBC,173.000,34654,1014,EC,OC
22664,444497,BC,173.000,34655,1219,CS,BC
22665,355978,BC,173.000,34657,2718,EE,BC
22666,476330,BC,173.000,34658,4670,CS,OC
22667,363225,SC,173.000,34659,5901,EE,SC
22668,261849,BC,173.000,34660,2718,IT,BC
22669,410619,BC,173.000,34661,1419,EC,OC
22670,369422,BC,173.000,34662,1419,IT,OC
22671,230273,BC,173.000,34663,1211,ME,BC
22672,249666,OC,173.000,34664,2708,CS,OC
22673,380491,MBC,173.000,34666,2718,CS,MBC
22674,241946,BC,173.000,34668,1419,AM,BC
22675,251475,BC,173.000,34669,1422,CY,BC
22676,278060,BC,173.000,34671,4020,CS,OC
22677,220676,BCM,173.000,34672,2718,AD,BCM
22678,263410,MBC,173.000,34673,1219,CS,MBC
22679,394880,BC,173.000,34677,2750,EE,OC
22680,362782,MBC,173.000,34679,1211,CE,MBC
22681,363994,MBC,173.000,34680,2710,IT,MBC
22682,389236,BC,173.000,34681,1419,AM,BC
22683,287006,SC,173.000,34682,3011,AM,SC
22684,257156,BC,173.000,34683,2750,CS,BC
22685,235817,BC,173.000,34684,2005,IB,BC
22686,460759,MBC,173.000,34686,2329,AM,OC
22687,441153,BC,173.000,34687,1516,EC,BC
22688,444698,MBC,173.000,34688,2739,CB,MBC
22689,262633,BC,173.000,34689,3830,CS,OC
22690,403064,BC,173.000,34690,2718,MZ,BC
22691,277914,BC,173.000,34693,2618,SF,OC
22692,485051,BC,173.000,34694,4020,CS,OC
22693,401077,BC,173.000,34696,2656,EE,OC
22694,350096,BC,173.000,34697,3011,AM,BC
22695,255237,BC,173.000,34699,4971,CS,OC
22696,278722,BC,173.000,34702,1419,SC,OC
22697,376058,MBC,173.000,34705,1219,EE,OC
22698,431804,BC,173.000,34706,3464,EC,OC
22699,263835,MBC,173.000,34707,1317,AD,OC
22700,396741,BC,173.000,34711,2718,EE,BC
22701,289083,BC,173.000,34714,1112,AM,OC
22702,252127,MBC,173.000,34715,2369,EC,OC
22703,277843,BC,173.000,34717,2740,CS,OC
22704,257397,BC,173.000,34720,1211,BT,BC
22705,445539,MBC,173.000,34721,1432,AD,MBC
22706,360445,BC,173.000,34723,5910,IT,OC
22707,209462,BC,173.000,34724,2622,AD,OC
22708,261093,SC,173.000,34725,4974,EC,SC
22709,275469,MBC,173.000,34726,3011,IT,MBC
22710,332900,BCM,173.000,34728,2750,EC,BCM
22711,286517,SC,173.000,34729,2712,CS,SC
22712,396415,MBC,173.000,34731,2706,CS,MBC
22713,364964,BC,173.000,34732,2719,CJ,OC
22714,483516,BC,173.000,34733,1317,IT,OC
22715,495315,BC,173.000,34734,1317,AD,OC
22716,372431,BC,173.000,34736,2710,EC,BC
22717,222470,BCM,173.000,34738,1304,CS,BCM
22718,437376,BCM,173.000,34742,2329,EC,OC
22719,414324,MBC,173.000,34746,2719,CS,MBC
22720,411417,MBC,173.000,34748,2710,EC,MBC
22721,208683,MBC,173.000,34752,1113,CS,MBC
22722,430503,BC,173.000,34754,2711,CD,OC
22723,232364,BC,173.000,34755,4676,EC,OC
22724,218295,MBC,173.000,34758,1219,EC,MBC
22725,280043,BC,173.000,34763,1211,CE,BC
22726,482701,SC,173.000,34765,2377,ME,SC
22727,279666,MBC,173.000,34766,2712,CE,MBC
22728,266418,BC,173.000,34769,2719,EE,OC
22729,376112,BC,173.000,34771,2718,IT,BC
22730,446541,BC,173.000,34772,2719,EC,BC
22731,295665,BC,173.000,34773,2718,IT,BC
22732,362618,BC,173.000,34778,1419,AD,OC
22733,272964,SC,173.000,34782,1399,AD,SC
22734,433554,BC,173.000,34783,1216,CS,BC
22735,203043,BC,173.000,34784,1414,CS,BC
22736,318250,MBC,173.000,34785,2711,CS,MBC
22737,367118,SC,173.000,34787,1450,CS,SC
22738,302415,BC,173.000,34789,4954,CS,OC
22739,346381,BC,173.000,34791,1113,EC,BC
22740,309463,MBC,173.000,34792,1419,EC,OC
22741,260495,BC,173.000,34794,1216,CS,BC
22742,246462,MBC,173.000,34796,2615,CE,MBC
22743,378635,BCM,173.000,34799,2708,AE,OC
22744,322716,BCM,173.000,34801,2025,EV,BCM
22745,434668,BC,173.000,34803,2706,IT,OC
22746,452684,BC,173.000,34805,2713,CS,OC
22747,308929,MBC,173.000,34808,3465,EE,OC
22748,452266,MBC,173.000,34810,1431,EC,OC
22749,255743,MBC,173.000,34811,2718,EC,MBC
22750,375240,MBC,173.000,34812,2702,AD,MBC
22751,218402,SC,172.667,34816,1,GI,SC
22752,229440,BC,172.500,34820,1217,AM,OC
22753,324434,MBC,172.500,34822,2709,CE,OC
22754,395106,MBC,172.500,34823,2622,CS,MBC
22755,258949,BC,172.500,34825,2709,IT,BC
22756,374267,OC,172.500,34826,3803,CS,OC
22757,415008,MBC,172.500,34827,2702,CS,MBC
22758,424810,BC,172.500,34828,2357,CS,OC
22759,297336,BC,172.500,34829,4955,AD,OC
22760,425949,MBC,172.500,34830,2718,EC,MBC
22761,387145,MBC,172.500,34834,2710,EC,MBC
22762,285673,BC,172.500,34835,1505,AD,OC
22763,268912,BC,172.500,34836,1304,BM,OC
22764,238661,BC,172.500,34838,2727,EC,OC
22765,210291,BC,172.500,34841,2706,CS,BC
22766,235724,BC,172.500,34842,1211,CD,BC
22767,272828,MBC,172.500,34844,1211,CE,MBC
22768,223789,MBC,172.500,34846,5910,CS,MBC
22769,378612,BC,172.500,34848,2718,IT,BC
22770,235991,MBC,172.500,34850,2005,PR,MBC
22771,395873,SC,172.500,34852,2712,CS,SC
22772,335504,BC,172.500,34853,4959,EC,OC
22773,446466,BC,172.500,34855,2624,FD,OC
22774,411777,BC,172.500,34856,2726,SB,OC
22775,479136,BCM,172.500,34857,2764,AD,BCM
22776,330267,MBC,172.500,34858,2357,EC,OC
22777,435009,BC,172.500,34859,2750,EE,OC
22778,418965,BC,172.500,34860,5009,CS,OC
22779,322190,BC,172.500,34861,2653,EC,OC
22780,257885,BC,172.500,34862,2718,CB,BC
22781,342006,BC,172.500,34863,2005,PR,BC
22782,269550,BCM,172.500,34865,4955,EC,OC
22783,378051,BC,172.500,34867,2706,AD,BC
22784,452892,MBC,172.500,34868,2702,IT,OC
22785,317160,SC,172.500,34869,1,MN,SC
22786,261193,BC,172.500,34870,1112,AM,OC
22787,223816,BC,172.500,34871,1216,CS,BC
22788,284188,MBC,172.500,34874,1520,CS,OC
22789,456670,SCA,172.500,34876,2377,EC,SCA
22790,425672,BCM,172.500,34878,4020,AD,BCM
22791,261245,BCM,172.500,34878A,2718,AD,BCM
22792,272024,MBC,172.500,34880,2622,EC,OC
22793,374782,MBC,172.500,34881,3011,EE,OC
22794,201634,BCM,172.500,34882,2750,EV,BCM
22795,324373,MBC,172.500,34885,2769,PC,OC
22796,323981,BC,172.500,34886,2764,BM,BC
22797,467811,MBC,172.500,34887,2715,CS,OC
22798,267045,BC,172.500,34888,1210,EC,OC
22799,334542,SC,172.500,34890,1317,SC,SC
22800,361008,BC,172.500,34896,3011,EV,OC
22801,431911,MBC,172.500,34899,1419,ME,OC
22802,427605,BC,172.500,34901,1304,AD,BC
22803,338713,BCM,172.500,34902,2709,EE,OC
22804,442745,BC,172.500,34903,2706,AD,BC
22805,377567,BCM,172.500,34904,5010,CS,BCM
22806,211503,BC,172.500,34905,3011,EE,OC
22807,203772,MBC,172.500,34907,1211,MZ,OC
22808,417151,BC,172.500,34908,4974,CE,BC
22809,422484,MBC,172.500,34911,2329,CS,OC
22810,342770,BC,172.500,34913,1419,AD,OC
22811,270740,OC,172.500,34914,1317,IT,OC
22812,433985,MBC,172.500,34917,5901,CE,MBC
22813,467480,BC,172.500,34919,2750,SC,BC
22814,309830,MBC,172.500,34920,1113,EC,MBC
22815,213336,BC,172.500,34921,3011,AM,BC
22816,340844,BC,172.500,34922,2,TX,OC
22817,308802,BC,172.500,34923,4024,EC,OC
22818,442552,BC,172.500,34924,2702,EC,BC
22819,289830,MBC,172.500,34925,1216,IT,MBC
22820,369516,BC,172.500,34929,2,LE,OC
22821,200914,BC,172.500,34930,1210,AD,OC
22822,252082,BC,172.500,34931,2723,AD,OC
22823,248246,SC,172.500,34932,5910,CS,SC
22824,475365,BC,172.500,34933,1304,IT,BC
22825,363928,BC,172.500,34935,2702,MZ,OC
22826,290920,BC,172.500,34936,1128,CS,OC
22827,231963,BC,172.500,34937,2329,SC,OC
22828,371717,BC,172.500,34941,2718,CB,BC
22829,235933,OC,172.500,34945,1317,AL,OC
22830,210049,BC,172.500,34946,2006,TT,OC
22831,458432,BC,172.500,34948,1432,AD,BC
22832,478610,BC,172.500,34950,2634,SF,OC
22833,431882,BC,172.500,34951,2618,CS,OC
22834,214735,BCM,172.500,34953,1419,CJ,OC
22835,471494,BC,172.500,34957,4672,CS,OC
22836,487298,BC,172.500,34958,1111,AD,OC
22837,240048,MBC,172.500,34963,1311,EC,OC
22838,354105,BC,172.500,34964,5842,AM,OC
22839,453070,SC,172.500,34966,2718,CS,SC
22840,214762,SC,172.500,34969,3011,CS,SC
22841,452708,MBC,172.500,34970,2702,AD,MBC
22842,419412,BC,172.500,34971,1419,CS,BC
22843,363748,BC,172.500,34972,1211,CE,BC
22844,280050,SC,172.500,34975,2007,MF,SC
22845,315216,SC,172.500,34976,2377,RI,SC
22846,224187,BCM,172.500,34977,1419,IT,OC
22847,412488,MBC,172.500,34978,2656,CS,OC
22848,240848,BC,172.500,34980,2005,PR,BC
22849,394192,BC,172.500,34981,1422,CS,OC
22850,303136,BC,172.500,34983,4023,EE,OC
22851,382450,SC,172.500,34985,1211,AD,SC
22852,237880,MBC,172.500,34986,2712,ME,MBC
22853,335190,BC,172.500,34987,1432,CB,BC
22854,396976,MBC,172.500,34989,2,PP,MBC
22855,239666,BC,172.500,34991,5910,CS,BC
22856,343168,BC,172.500,34992,1414,CS,BC
22857,328100,BC,172.500,34994,2706,AD,BC
22858,354540,BC,172.500,34995,4957,AD,OC
22859,359920,MBC,172.500,34996,5901,EE,MBC
22860,229797,MBC,172.500,34997,2006,PN,MBC
22861,391082,MBC,172.500,34998,1504,CS,OC
22862,411888,BC,172.500,34999,1419,IT,OC
22863,384150,SCA,172.500,35000,2006,ME,SCA
22864,307513,BC,172.500,35002,3819,CS,BC
22865,229305,BC,172.500,35003,2719,BM,OC
22866,393070,BC,172.500,35004,2729,CS,OC
22867,314932,MBC,172.500,35005,1419,CS,MBC
22868,394024,MBC,172.500,35007,2743,AG,OC
22869,395341,BC,172.500,35008,3011,BT,BC
22870,388012,MBC,172.500,35009,2750,CS,MBC
22871,310328,MBC,172.500,35010,1516,EE,OC
22872,314200,BC,172.500,35011,3011,XC,OC
22873,251072,BC,172.500,35012,4960,IT,OC
22874,498711,BCM,172.500,35013,2718,EC,BCM
22875,467477,BC,172.500,35014,2329,AD,OC
22876,398199,MBC,172.500,35018,2712,ME,MBC
22877,255694,SC,172.500,35021,2603,CS,SC
22878,339722,MBC,172.500,35022,2711,EC,MBC
22879,205416,BC,172.500,35024,1317,AD,OC
22880,447127,BC,172.500,35025,4960,EC,BC
22881,439099,MBC,172.500,35026,1013,EC,OC
22882,371676,BC,172.500,35029,2727,CS,OC
22883,214564,OC,172.500,35032,1114,CS,OC
22884,308253,MBC,172.500,35033,2769,PE,OC
22885,485802,SC,172.500,35034,2005,IB,SC
22886,353625,MBC,172.500,35035,1304,CD,MBC
22887,346322,BC,172.500,35037,2653,EE,OC
22888,426356,MBC,172.500,35038,2702,IT,OC
22889,472211,SC,172.500,35039,1399,AD,SC
22890,301355,MBC,172.500,35040,2719,CS,MBC
22891,254729,BC,172.500,35041,1309,CS,OC
22892,262248,MBC,172.500,35042,1026,CS,OC
22893,340405,MBC,172.500,35044,1432,AD,MBC
22894,371626,BC,172.500,35045,2709,IT,BC
22895,210446,MBC,172.500,35048,3819,EC,OC
22896,382767,BC,172.500,35049,5901,ME,OC
22897,441872,BC,172.500,35054,2719,AE,OC
22898,417596,SC,172.500,35057,2739,CS,SC
22899,375237,SC,172.500,35060,5008,IM,SC
22900,478840,MBC,172.500,35062,2369,EC,OC
22901,201327,BC,172.500,35065,4678,EC,OC
22902,445211,MBC,172.500,35067,1113,CS,MBC
22903,477553,MBC,172.500,35069,1120,ME,OC
22904,493632,BC,172.500,35071,2736,AD,BC
22905,295010,SCA,172.500,35072,1304,BM,OC
22906,308118,BC,172.500,35073,5901,ME,BC
22907,286578,BC,172.500,35074,1321,MN,OC
22908,305116,MBC,172.500,35075,2653,AD,OC
22909,365345,BC,172.500,35077,2718,CJ,BC
22910,259632,BC,172.500,35078,2622,AD,BC
22911,222063,OC,172.500,35079,1422,CS,OC
22912,417132,MBC,172.500,35080,1111,EC,MBC
22913,356073,BC,172.500,35081,4955,CS,OC
22914,418291,MBC,172.500,35083,5986,CS,MBC
22915,267352,BC,172.500,35085,3819,EC,OC
22916,375326,BC,172.500,35086,5910,CS,BC
22917,431208,BC,172.500,35088,2719,EC,BC
22918,415059,BC,172.500,35091,2709,CF,BC
22919,388321,MBC,172.500,35092,2719,EC,MBC
22920,276951,MBC,172.500,35096,2718,AD,MBC
22921,436560,BC,172.500,35097,2025,EV,BC
22922,220543,BC,172.500,35099,1419,EC,OC
22923,397977,BC,172.500,35100,1120,EC,OC
22924,390403,BC,172.500,35104,2718,IT,BC
22925,282964,BC,172.500,35105,1432,ME,BC
22926,402134,BC,172.500,35106,2618,EC,OC
22927,332582,MBC,172.500,35107,1419,EC,OC
22928,222853,SC,172.500,35108,2377,ME,SC
22929,202800,MBC,172.500,35110,5901,EE,MBC
22930,222851,BC,172.500,35114,1422,EC,OC
22931,235162,SC,172.500,35117,2739,AM,SC
22932,286494,MBC,172.500,35120,1304,CS,MBC
22933,252389,BCM,172.500,35127,2710,EC,BCM
22934,328138,BC,172.500,35129,2622,EC,OC
22935,431648,MBC,172.500,35130,5986,CS,MBC
22936,213418,BC,172.500,35131,2618,CS,OC
22937,410775,SC,172.500,35132,3465,CS,SC
22938,318425,BC,172.500,35133,5910,CS,BC
22939,306063,BC,172.500,35134,1211,CE,BC
22940,350993,BC,172.500,35135,2750,EV,BC
22941,269790,ST,172.500,35137,2007,EM,ST
22942,408589,BC,172.500,35138,4974,IB,OC
22943,454374,MBC,172.500,35139,2764,CS,MBC
22944,209185,MBC,172.500,35141,1304,EC,MBC
22945,281597,MBC,172.500,35142,2702,IT,OC
22946,280044,BC,172.500,35144,2615,ME,BC
22947,346275,BC,172.500,35148,4962,IT,OC
22948,405989,BCM,172.500,35149,1419,CS,BCM
22949,347167,BC,172.500,35150,3,BP,BC
22950,462055,MBC,172.500,35151,1013,CS,OC
22951,221582,BCM,172.500,35152,2711,AL,BCM
22952,417174,BC,172.500,35153,2718,IT,BC
22953,436591,BC,172.500,35154,2622,CS,BC
22954,351236,MBC,172.500,35155,1216,AL,MBC
22955,297771,BC,172.500,35156,1419,EC,OC
22956,232561,BC,172.500,35157,2718,CJ,BC
22957,232019,BCM,172.500,35158,3841,AD,OC
22958,409645,SC,172.500,35159,2710,CE,SC
22959,208330,OC,172.500,35160,1419,CJ,OC
22960,410288,SC,172.500,35162,1211,CS,SC
22961,347541,BC,172.500,35164,1422,EC,OC
22962,321500,BC,172.500,35165,1112,CS,OC
22963,375198,MBC,172.500,35166,2712,BT,MBC
22964,263595,BC,172.500,35168,2719,RM,OC
22965,230365,MBC,172.500,35169,2377,DA,MBC
22966,347426,SC,172.500,35170,2712,EC,SC
22967,272226,MBC,172.500,35171,2712,BT,MBC
22968,329614,BC,172.500,35172,1419,SC,OC
22969,446909,MBC,172.500,35173,2710,EC,MBC
22970,476229,BC,172.500,35174,1112,EC,OC
22971,250272,MBC,172.500,35176,4962,EC,MBC
22972,312647,BC,172.500,35177,5901,ME,BC
22973,282424,MBC,172.500,35178,2622,CS,MBC
22974,417716,BC,172.500,35180,2706,IT,OC
22975,272382,BC,172.500,35181,2750,CS,BC
22976,321192,BC,172.500,35182,1216,CS,BC
22977,383033,BC,172.500,35184,2709,IT,BC
22978,457006,ST,172.500,35186,2005,AM,ST
22979,394348,BC,172.500,35188,2710,IT,BC
22980,470907,MBC,172.500,35189,2005,IB,MBC
22981,397979,BC,172.500,35190,4974,EI,OC
22982,207925,BC,172.500,35191,1140,EC,OC
22983,454879,MBC,172.500,35192,2718,EC,MBC
22984,378852,MBC,172.500,35196,1216,AL,MBC
22985,410706,BC,172.500,35197,3801,IT,OC
22986,380837,BC,172.500,35198,2615,CE,BC
22987,389472,SC,172.500,35199,1408,CS,OC
22988,456702,BC,172.500,35200,2707,CE,OC
22989,208544,BC,172.500,35201,2718,EE,BC
22990,348635,BC,172.500,35202,2719,EC,BC
22991,490618,BC,172.500,35206,5911,AD,OC
22992,235922,MBC,172.500,35207,1317,EC,MBC
22993,401809,MBC,172.500,35212,3465,EE,OC
22994,276032,BCM,172.500,35217,2624,CS,OC
22995,200035,BCM,172.500,35219,5986,SC,OC
22996,208728,BC,172.500,35221,5910,IT,OC
22997,332332,BC,172.500,35223,1113,EG,OC
22998,440617,MBC,172.500,35224,2711,CS,MBC
22999,293274,BC,172.500,35225,2702,BT,OC
23000,262611,MBC,172.500,35226,2711,AL,MBC
23001,384782,MBC,172.500,35227,2618,EC,OC
23002,339747,SC,172.500,35228,1399,IT,SC
23003,324481,BC,172.500,35229,4677,IT,OC
23004,319071,BCM,172.500,35231,1311,AO,OC
23005,451498,BC,172.500,35233,2709,EE,BC
23006,325333,BC,172.500,35234,2718,CE,OC
23007,443977,BC,172.500,35235,2751,AM,OC
23008,384135,BC,172.500,35236,1317,IT,OC
23009,245776,BCM,172.500,35237,1419,CS,BCM
23010,408898,OC,172.500,35238,2329,CS,OC
23011,358568,MBC,172.500,35239,3830,CS,OC
23012,456096,MBC,172.500,35240,1210,AL,OC
23013,367169,ST,172.500,35242,5008,EC,ST
23014,420947,MBC,172.500,35243,2702,AD,MBC
23015,228978,BC,172.500,35244,2751,CS,OC
23016,327137,BC,172.500,35245,1304,AD,BC
23017,439321,BC,172.500,35246,5910,AD,OC
23018,352348,MBC,172.500,35248,1211,EE,MBC
23019,248626,MBC,172.500,35249,2613,CE,OC
23020,339066,BC,172.500,35252,2706,IT,OC
23021,355937,MBC,172.500,35254,1317,EC,MBC
23022,424811,MBC,172.500,35255,1219,EC,MBC
23023,284571,MBC,172.500,35258,1210,AD,OC
23024,231885,BC,172.500,35259,1112,CS,OC
23025,435817,BC,172.500,35260,2369,IT,OC
23026,347617,BC,172.500,35261,2615,ME,BC
23027,379370,OC,172.500,35262A,1317,IT,OC
23028,221050,BC,172.500,35264,1317,AD,OC
23029,227899,MBC,172.500,35265,1419,EC,MBC
23030,303777,BC,172.500,35266,2,AP,OC
23031,407166,MBC,172.500,35268,2622,AM,MBC
23032,226883,MBC,172.500,35270,2618,AM,OC
23033,435735,MBC,172.500,35271,2615,MT,MBC
23034,250149,BC,172.500,35272,2708,AE,OC
23035,220863,MBC,172.500,35276,1211,CD,MBC
23036,466957,BC,172.500,35277,5010,CS,BC
23037,377136,BC,172.500,35278,3819,AD,OC
23038,444962,MBC,172.500,35279,1431,CS,OC
23039,330611,MBC,172.500,35282,2369,CS,OC
23040,412104,MBC,172.500,35284,1216,AL,MBC
23041,264495,SC,172.500,35285,1114,EC,OC
23042,369126,BC,172.500,35289,2711,AD,BC
23043,220344,BC,172.500,35292,1317,AD,OC
23044,301293,BC,172.500,35293,3801,CS,OC
23045,473026,BC,172.500,35295,1211,MZ,BC
23046,457116,BC,172.500,35296,1211,ME,BC
23047,358108,BC,172.500,35301,2718,IT,BC
23048,259617,BC,172.500,35305,2750,CS,BC
23049,343686,BC,172.500,35306,2025,ME,OC
23050,304511,MBC,172.500,35309,2709,CE,OC
23051,484656,BC,172.500,35310,1120,CS,OC
23052,351375,MBC,172.500,35313,4960,CS,MBC
23053,213457,BC,172.500,35314,2718,IT,BC
23054,246903,BC,172.500,35315,3830,AM,OC
23055,476406,MBC,172.500,35316,2764,IT,MBC
23056,418378,SC,172.500,35317,5008,EY,SC
23057,309792,BC,172.500,35318,1216,SC,BC
23058,326991,BC,172.500,35323,2718,IT,BC
23059,299183,BC,172.500,35326,5986,EC,BC
23060,382577,BC,172.500,35327,1419,AD,OC
23061,360108,BC,172.500,35328,2751,AM,OC
23062,335064,BC,172.500,35329,2750,SC,BC
23063,220444,BC,172.500,35330,2711,EI,OC
23064,396742,MBC,172.500,35331,1210,IT,OC
23065,415356,MBC,172.500,35334,2736,CS,OC
23066,297228,BC,172.500,35336,1112,CS,OC
23067,337981,MBC,172.500,35337,2710,IT,MBC
23068,423080,BC,172.500,35340,1419,CS,BC
23069,248605,OC,172.500,35342,1309,EC,OC
23070,288951,BCM,172.500,35343,1424,CS,OC
23071,228328,BC,172.500,35344,1419,EC,BC
23072,210011,MBC,172.500,35345,1432,CO,MBC
23073,253313,BC,172.500,35346,1419,IT,OC
23074,205332,MBC,172.500,35349,1432,AD,MBC
23075,244963,BC,172.500,35350,1317,CS,BC
23076,380049,OC,172.500,35352,4944,AD,OC
23077,318108,BC,172.500,35355,4676,EC,OC
23078,352026,BC,172.500,35356,2718,ME,OC
23079,441962,BC,172.500,35357,2615,MT,BC
23080,232427,MBC,172.500,35361,2718,AD,MBC
23081,266387,MBC,172.500,35363,2706,CS,MBC
23082,398063,MBC,172.500,35364,2711,CS,MBC
23083,360818,BC,172.500,35366,1422,IT,OC
23084,230210,BC,172.500,35369,2719,EC,BC
23085,241683,SC,172.500,35370,1211,CS,SC
23086,316675,BC,172.500,35372,2608,CS,OC
23087,268234,BCM,172.500,35376,1311,MZ,OC
23088,390809,MBC,172.500,35377,2702,AD,MBC
23089,370801,MBC,172.500,35380,1408,EC,OC
23090,345140,OC,172.500,35382,1419,CI,OC
23091,202173,BC,172.500,35384,2718,CJ,BC
23092,368971,BC,172.500,35386,1317,AD,OC
23093,418029,MBC,172.500,35387,5910,CS,MBC
23094,416613,BC,172.500,35389,2710,EE,OC
23095,251920,MBC,172.500,35390,1304,RM,MBC
23096,331685,OC,172.500,35391,1419,IT,OC
23097,326328,MBC,172.500,35392,2,LE,OC
23098,277429,BC,172.500,35393,3011,EV,OC
23099,331750,BC,172.500,35394,1432,EV,BC
23100,363410,BC,172.500,35396,1419,AD,OC
23101,426044,BC,172.500,35397,2718,EE,BC
23102,318711,MBC,172.500,35398,1113,CA,MBC
23103,376383,BC,172.500,35399,1120,CS,OC
23104,319450,BC,172.500,35400,2702,MZ,OC
23105,314750,MBC,172.500,35401,1419,AD,MBC
23106,295270,BC,172.500,35403,1317,CS,BC
23107,396202,MBC,172.500,35404,2025,EV,MBC
23108,342059,MBC,172.500,35405,1216,AL,MBC
23109,371382,BC,172.500,35407,3011,AM,BC
23110,385110,BC,172.500,35408,1216,EC,BC
23111,262435,BC,172.500,35409,2005,IB,BC
23112,266634,MBC,172.500,35410,1419,CS,MBC
23113,292625,BC,172.500,35414,1304,AD,BC
23114,225090,BC,172.500,35416,2718,IT,BC
23115,444262,MBC,172.500,35417,1219,CH,OC
23116,254621,MBC,172.500,35418,2727,EC,OC
23117,309437,MBC,172.500,35419,1113,VL,MBC
23118,397179,BCM,172.500,35420,2702,BT,OC
23119,236673,BC,172.500,35422,1211,BT,BC
23120,289002,BC,172.500,35423,3011,EE,OC
23121,474418,BC,172.500,35426,2,TX,BC
23122,223639,BC,172.500,35427,2736,AD,BC
23123,433826,BC,172.500,35429,1405,AD,OC
23124,252455,BC,172.500,35432,1432,CO,BC
23125,304845,BC,172.500,35433,2709,IT,BC
23126,445554,BC,172.500,35434,2608,EC,OC
23127,330624,BC,172.500,35436,1211,CD,BC
23128,323849,MBC,172.500,35438,2706,CS,MBC
23129,233326,BC,172.500,35439,2751,AM,OC
23130,371771,BC,172.500,35440,3825,CS,OC
23131,311068,OC,172.500,35441,3011,EV,OC
23132,325647,BC,172.500,35443,3805,CS,OC
23133,240650,SC,172.500,35445,2712,CS,SC
23134,332716,OC,172.500,35450,5910,IT,OC
23135,448101,SCA,172.500,35452,2712,AU,SC
23136,419896,BC,172.500,35454,2603,EE,OC
23137,279535,BC,172.500,35455,3011,EE,OC
23138,333110,MBC,172.500,35457,1216,AL,MBC
23139,343743,SC,172.500,35459,2377,EV,SC
23140,218660,ST,172.500,35460,2,IS,ST
23141,350308,MBC,172.500,35462,1113,CA,MBC
23142,418596,BCM,172.500,35464,2718,CS,BCM
23143,387188,BC,172.500,35465,2710,EC,BC
23144,264111,BC,172.500,35466,2718,IT,BC
23145,201084,BC,172.500,35467,1304,IT,BC
23146,401991,MBC,172.500,35468,2777,AD,OC
23147,210847,BC,172.500,35470,4960,EC,BC
23148,285863,BC,172.500,35471,2750,BT,OC
23149,305076,BC,172.500,35474,5910,EC,OC
23150,252615,BC,172.500,35475,2718,EE,BC
23151,443368,BC,172.500,35480,1211,CE,BC
23152,281838,MBC,172.500,35481,2025,EV,MBC
23153,355193,BC,172.500,35483,2608,CS,OC
23154,357068,BC,172.500,35484,2704,CS,OC
23155,424214,BC,172.500,35485,2718,IT,BC
23156,378826,BC,172.500,35486,2750,BT,BC
23157,283361,BC,172.500,35487,1317,CB,OC
23158,334492,MBC,172.500,35488,1311,MZ,OC
23159,384545,BC,172.500,35490,2702,EC,BC
23160,323813,BCM,172.500,35491,5,EC,OC
23161,320475,BCM,172.500,35492,1432,ME,BCM
23162,379996,BC,172.500,35493,1211,CD,BC
23163,438352,MBC,172.500,35494,2719,IT,MBC
23164,325024,BC,172.500,35495,1432,CB,BC
23165,500524,BC,172.500,35496,2656,AM,OC
23166,480793,BCM,172.500,35497,5986,AD,OC
23167,293977,BC,172.500,35498,5910,CS,BC
23168,347810,OC,172.500,35499,2702,EI,OC
23169,225862,BC,172.500,35500,2702,BT,OC
23170,242933,BC,172.500,35501,4962,EC,BC
23171,314069,BC,172.500,35502,1210,CS,OC
23172,309153,SC,172.500,35503,1114,SC,OC
23173,345867,SC,172.500,35507,2377,RI,SC
23174,289622,MBC,172.500,35508,1,PT,MBC
23175,219886,BC,172.500,35509,1211,BT,BC
23176,324088,SC,172.500,35510,2702,AG,OC
23177,245383,BC,172.500,35512,2706,IT,OC
23178,222350,SCA,172.500,35517,2712,CS,SCA
23179,294813,BC,172.500,35518,3011,BT,BC
23180,257731,BC,172.500,35519,5009,CS,OC
23181,236065,SC,172.500,35520,2006,AS,SC
23182,394294,BC,172.500,35523,5910,IT,OC
23183,281514,BCM,172.500,35525,1216,AL,BCM
23184,263977,BC,172.500,35527,4020,EC,OC
23185,254953,BC,172.500,35529,2718,CB,BC
23186,273444,BC,172.500,35530,2749,CS,OC
23187,284047,BC,172.500,35533,1128,SC,OC
23188,402262,BC,172.500,35534,3011,EE,OC
23189,214214,BC,172.500,35535,2702,CS,BC
23190,273766,SC,172.500,35536,1399,IT,SC
23191,280749,MBC,172.500,35537,2603,EC,MBC
23192,241460,BC,172.500,35538,1211,ME,BC
23193,335386,BCM,172.500,35539,2718,EC,BCM
23194,378751,BC,172.500,35540,1304,CB,BC
23195,468313,SC,172.500,35542,2,LE,OC
23196,333456,BC,172.500,35544,2006,FY,OC
23197,290983,SC,172.500,35549,2005,ME,SC
23198,273319,MBC,172.500,35550,3795,CS,OC
23199,407421,MBC,172.500,35552,2603,SC,MBC
23200,389623,MBC,172.500,35553,1419,EC,MBC
23201,301881,MBC,172.500,35557,1211,BT,MBC
23202,283962,SC,172.500,35558,2006,BY,SC
23203,386809,MBC,172.500,35559,1419,EC,MBC
23204,303548,BC,172.500,35560,1317,IT,OC
23205,443032,BC,172.500,35562,2357,AD,OC
23206,416212,MBC,172.500,35563,2607,AM,OC
23207,405964,BC,172.500,35564,5901,ME,BC
23208,407470,MBC,172.500,35565,1304,RM,MBC
23209,293852,MBC,172.500,35569,1419,CI,OC
23210,251418,BC,172.500,35570,2721,EC,OC
23211,437495,BC,172.500,35573,3,BP,BC
23212,235653,MBC,172.500,35574,1419,CS,MBC
23213,461082,BC,172.500,35576,1211,CD,BC
23214,253773,BC,172.500,35578,2719,EC,BC
23215,257837,BC,172.500,35579,1211,CH,BC
23216,389194,MBC,172.500,35580,1113,VL,MBC
23217,277878,SC,172.500,35583,3830,AD,OC
23218,206667,MBC,172.500,35584,3465,CS,MBC
23219,414187,SC,172.500,35586,2718,CS,SC
23220,405988,MBC,172.500,35589,2750,CS,MBC
23221,387143,BC,172.500,35590,1424,CS,OC
23222,313216,MBC,172.500,35591,2710,EC,MBC
23223,414953,BC,172.500,35592,2615,CE,BC
23224,452449,BC,172.500,35594,2615,ME,BC
23225,345789,BC,172.500,35597,4974,ME,OC
23226,428819,BC,172.500,35598,3011,EF,OC
23227,412535,BC,172.500,35600,1317,IT,OC
23228,389021,MBC,172.500,35603,1432,AD,MBC
23229,266408,BCM,172.500,35606,1424,AM,OC
23230,313986,BC,172.500,35609,5986,EC,BC
23231,435374,OC,172.500,35612,1120,CS,OC
23232,221979,BC,172.500,35616,2718,EE,BC
23233,363816,BC,172.500,35619,2622,EC,OC
23234,224051,BC,172.500,35620,1419,EC,BC
23235,413664,BC,172.500,35621,2711,EE,OC
23236,421988,SC,172.500,35622,2,PP,SC
23237,303782,BC,172.500,35623,2715,AD,OC
23238,319034,BC,172.500,35627,1211,ME,BC
23239,411903,OC,172.500,35628,1210,CS,OC
23240,353572,BC,172.500,35629,2715,CS,OC
23241,226550,BC,172.500,35630,1317,CJ,OC
23242,221570,BC,172.500,35631,4960,EE,OC
23243,367227,BC,172.500,35632,2005,IB,BC
23244,357516,BC,172.500,35633,1317,CS,BC
23245,305884,BC,172.500,35634,2718,IT,BC
23246,417668,BC,172.500,35636,1216,CS,BC
23247,341183,BC,172.500,35637,2005,IB,BC
23248,465514,BC,172.500,35639,1219,CS,BC
23249,381272,MBC,172.500,35640,2758,EC,OC
23250,408710,BC,172.500,35642,1111,CS,BC
23251,455243,BC,172.500,35643,2642,CS,OC
23252,248559,BC,172.500,35644,1013,SC,OC
23253,284737,BC,172.500,35647,1317,EE,OC
23254,296499,BC,172.500,35648,1219,IT,BC
23255,250402,MBC,172.500,35650,2711,CS,MBC
23256,358412,BC,172.500,35653,2329,CS,OC
23257,322643,MBC,172.500,35656,1432,SC,MBC
23258,302806,MBC,172.500,35657,2706,EV,OC
23259,391092,MBC,172.500,35658,1,PT,MBC
23260,262156,BC,172.500,35662,1111,CS,BC
23261,324941,BC,172.500,35663,1317,AD,OC
23262,402120,MBC,172.500,35664,1219,CS,MBC
23263,405560,BCM,172.500,35666,2618,CS,OC
23264,306008,MBC,172.500,35667,2615,MT,MBC
23265,425583,BC,172.500,35671,2725,AD,OC
23266,221146,BC,172.500,35672,1304,IT,BC
23267,267683,BC,172.500,35673,2618,CS,OC
23268,263210,BC,172.500,35675,2718,IT,BC
23269,441654,BC,172.500,35676,1211,MZ,BC
23270,430104,BC,172.500,35678,2751,CS,OC
23271,491761,MBC,172.500,35682,1516,CE,OC
23272,422843,MBC,172.500,35683,2718,CS,MBC
23273,310954,SC,172.500,35686,1211,CS,SC
23274,285261,BC,172.500,35687,2764,CE,OC
23275,414556,OC,172.500,35689,1111,IT,OC
23276,499432,SC,172.500,35695,2673,SC,OC
23277,283009,BC,172.500,35698,2702,MZ,OC
23278,428580,MBC,172.500,35699,1317,CS,MBC
23279,459286,BCM,172.500,35701,4974,CE,BCM
23280,250446,BC,172.500,35702,2702,EC,BC
23281,443990,BC,172.500,35703,1211,BM,OC
23282,219593,SC,172.500,35704,2764,AM,SC
23283,300208,SC,172.500,35705,1,PT,SC
23284,247076,BC,172.500,35706,5986,CS,BC
23285,314248,BC,172.500,35710,2750,EE,OC
23286,377268,ST,172.500,35711,5008,IM,ST
23287,264873,BC,172.500,35712,4962,CS,BC
23288,466776,BC,172.500,35713,2329,AM,OC
23289,402140,BC,172.500,35714,1216,CS,BC
23290,294342,MBC,172.500,35716,1013,CS,OC
23291,297117,MBC,172.500,35722,2709,IT,MBC
23292,414021,BC,172.500,35725,2710,IT,BC
23293,295219,SC,172.500,35726,5010,CS,SC
23294,336730,BC,172.500,35727,1216,CS,BC
23295,297294,BC,172.500,35728,1110,BT,OC
23296,228640,BC,172.500,35730,2719,CS,BC
23297,379322,MBC,172.500,35731,1216,IT,MBC
23298,261570,BC,172.500,35732,2750,AD,BC
23299,364914,BCM,172.500,35735,2718,ME,OC
23300,325766,BC,172.500,35738,5986,EC,BC
23301,311995,BC,172.500,35739,2329,IT,OC
23302,473911,BC,172.500,35742,2709,EE,BC
23303,350739,BC,172.500,35744,2729,AE,OC
23304,416516,BC,172.500,35745,5910,CS,BC
23305,395390,MBC,172.500,35747,5010,CS,MBC
23306,242418,BC,172.500,35748,2718,IT,BC
23307,360797,MBC,172.500,35750,2750,AD,MBC
23308,458829,BC,172.500,35751,1111,EC,BC
23309,396947,SC,172.500,35753,1026,CS,OC
23310,276044,MBC,172.500,35754,1210,AL,OC
23311,408519,BC,172.500,35757,2751,AD,OC
23312,450094,BC,172.500,35758,2718,IT,BC
23313,293356,BC,172.500,35762,1419,CJ,OC
23314,287529,BC,172.500,35764,1419,AD,BC
23315,388058,SC,172.500,35765,1399,AD,SC
23316,334556,BC,172.500,35767,2702,CS,BC
23317,397195,MBC,172.500,35771,2622,AD,MBC
23318,277252,BC,172.500,35774,2710,ME,OC
23319,218159,SC,172.500,35775,4974,EC,SC
23320,321910,MBC,172.500,35776,1111,IT,OC
23321,427743,BC,172.500,35778,2718,IT,BC
23322,361281,SC,172.500,35781,2622,CS,SC
23323,474620,MBC,172.500,35783,1113,CU,OC
23324,376285,OC,172.500,35785,1422,EC,OC
23325,450907,BC,172.500,35786,4020,CS,OC
23326,388894,MBC,172.500,35787,1013,CS,OC
23327,390150,MBC,172.500,35788,1408,CS,OC
23328,425782,BC,172.500,35790,2603,ME,OC
23329,350281,BC,172.500,35793,5986,AD,OC
23330,370854,MBC,172.500,35798,2718,CJ,MBC
23331,402654,BC,172.500,35799,2769,EC,OC
23332,469807,BC,172.500,35802,2,CR,OC
23333,437144,MBC,172.500,35803,5008,ID,OC
23334,263058,MBC,172.500,35806,1013,SC,OC
23335,243222,BC,172.500,35807,3011,IT,BC
23336,284065,MBC,172.500,35809,2618,CS,OC
23337,297154,SC,172.500,35813,1317,EC,SC
23338,493293,MBC,172.500,35814,2718,EC,MBC
23339,336178,BC,172.500,35816,2718,EE,BC
23340,204715,BC,172.500,35817,2710,ME,OC
23341,493412,OC,172.500,35818,1126,EC,OC
23342,302395,MBC,172.500,35821,2704,AD,OC
23343,338372,MBC,172.500,35824,2710,EC,MBC
23344,459515,MBC,172.500,35825,2739,CB,MBC
23345,419245,BC,172.500,35826,2718,IT,BC
23346,218236,MBC,172.500,35828,2718,EE,MBC
23347,467974,SCA,172.500,35829,2776,EC,OC
23348,478399,MBC,172.500,35830,2710,IT,MBC
23349,406685,BC,172.500,35831,2,PM,BC
23350,383745,OC,172.333,35834,1128,CS,OC
23351,209147,MBC,172.333,35835,1432,AD,MBC
23352,426108,BC,172.325,35836,2736,AD,BC
23353,382344,BC,172.176,35839,1113,CS,BC
23354,323543,BC,172.000,35841,1304,BT,BC
23355,317567,BCM,172.000,35842,2719,IT,BCM
23356,302291,OC,172.000,35844,2726,CS,OC
23357,449816,SC,172.000,35845,1399,IT,SC
23358,335536,MBC,172.000,35847,1516,CE,OC
23359,412411,MBC,172.000,35849,2005,PR,MBC
23360,294589,BC,172.000,35850,5010,CS,BC
23361,387518,BC,172.000,35853,1211,CH,BC
23362,465351,BC,172.000,35854,2751,SC,OC
23363,253440,BC,172.000,35856,1317,AD,OC
23364,255919,BC,172.000,35858,3465,CS,BC
23365,295073,BC,172.000,35859,2710,EC,BC
23366,448465,MBC,172.000,35860,2615,MT,MBC
23367,310247,BC,172.000,35861,1516,EC,BC
23368,468983,OC,172.000,35862,2673,CS,OC
23369,348965,BC,172.000,35864,1211,FD,BC
23370,307903,BC,172.000,35868,4020,AD,BC
23371,285975,MBC,172.000,35870,2750,CS,MBC
23372,341052,BC,172.000,35871,2718,MZ,BC
23373,490688,BC,172.000,35872,2611,AM,OC
23374,303702,BC,172.000,35874,1317,IT,OC
23375,254631,BC,172.000,35875,3701,CS,OC
23376,262991,MBC,172.000,35876,2750,AD,MBC
23377,302359,MBC,172.000,35878,5,CS,OC
23378,409845,MBC,172.000,35879,1113,CS,MBC
23379,390760,BC,172.000,35880,2615,CE,BC
23380,339948,BCM,172.000,35881,1419,SC,OC
23381,204341,OC,172.000,35882,4020,CS,OC
23382,316808,BCM,172.000,35884,1210,CS,OC
23383,246666,MBC,172.000,35885,1304,CE,OC
23384,389663,BC,172.000,35886,2601,CS,OC
23385,350988,BC,172.000,35887,1112,AM,OC
23386,493418,OC,172.000,35888,1126,CS,OC
23387,363456,MBC,172.000,35889,2709,IT,MBC
23388,358915,BC,172.000,35890,2743,SC,OC
23389,374655,MBC,172.000,35891,2712,ME,MBC
23390,253483,BC,172.000,35892,1210,AD,OC
23391,202950,MBC,172.000,35894,1419,AM,MBC
23392,300301,MBC,172.000,35895,1216,AD,MBC
23393,222681,BC,172.000,35896,1419,EC,BC
23394,279669,BC,172.000,35897,5986,IT,OC
23395,378327,BC,172.000,35898,1112,CS,OC
23396,368055,MBC,172.000,35900,2706,EC,MBC
23397,298269,OC,172.000,35901,2736,IT,OC
23398,470672,MBC,172.000,35903,2702,AD,MBC
23399,257659,BC,172.000,35905,2608,CS,OC
23400,287235,BC,172.000,35907,2673,SC,OC
23401,383502,BC,172.000,35908,1321,MN,OC
23402,212441,BC,172.000,35909,1422,IT,OC
23403,233773,BC,172.000,35910,1306,CS,OC
23404,245945,BC,172.000,35911,2719,EC,BC
23405,349586,BC,172.000,35912,1304,IT,BC
23406,265873,BC,172.000,35913,1219,AD,BC
23407,206830,BC,172.000,35915,2729,EC,OC
23408,360226,BC,172.000,35916,2702,ME,OC
23409,321940,MBC,172.000,35918,2750,AD,MBC
23410,324446,BCM,172.000,35921,3807,CE,OC
23411,396006,BC,172.000,35922,1419,EC,BC
23412,452300,MBC,172.000,35924,1412,AD,OC
23413,367084,BC,172.000,35925,1317,IT,OC
23414,292327,MBC,172.000,35926,3805,SC,OC
23415,452160,MBC,172.000,35928,2718,IT,MBC
23416,219543,MBC,172.000,35930,2702,AD,MBC
23417,214598,BC,172.000,35931,2719,CJ,OC
23418,448477,BC,172.000,35932,2750,CS,BC
23419,447888,MBC,172.000,35935,1112,EC,OC
23420,370013,MBC,172.000,35936,2711,EC,MBC
23421,236832,BC,172.000,35937,1419,EC,BC
23422,285822,BC,172.000,35938,1309,EC,OC
23423,239826,BC,172.000,35939,2618,EC,OC
23424,393552,MBC,172.000,35940,2718,CS,MBC
23425,411768,SC,172.000,35941,4974,CE,SC
23426,381434,BCM,172.000,35942,1126,CS,OC
23427,365833,MBC,172.000,35943,1304,CS,MBC
23428,294084,BC,172.000,35944,5910,EC,OC
23429,443849,SC,172.000,35945,2025,EV,SC
23430,373832,BC,172.000,35946,1422,EC,OC
23431,263062,BC,172.000,35947,1516,EE,OC
23432,304302,MBC,172.000,35949,2712,CE,MBC
23433,244895,SC,172.000,35953,2025,EC,SC
23434,214781,BC,172.000,35955,5986,AD,OC
23435,453728,MBC,172.000,35958,2710,IT,MBC
23436,333064,MBC,172.000,35959,1211,CB,MBC
23437,446176,BC,172.000,35960,2718,IT,BC
23438,311679,BC,172.000,35961,1442,AD,OC
23439,238526,BC,172.000,35963,2,PM,BC
23440,383837,BC,172.000,35965,1120,CS,OC
23441,265416,BCM,172.000,35967,3011,EC,BCM
23442,366403,SC,172.000,35968,2006,CN,SC
23443,436861,BC,172.000,35970,2702,MZ,OC
23444,253561,BC,172.000,35971,1422,IT,OC
23445,261294,BC,172.000,35972,2603,ME,OC
23446,431347,BC,172.000,35974,2702,EI,OC
23447,309375,BC,172.000,35975,4959,CS,OC
23448,321341,BC,172.000,35979,2607,CS,OC
23449,408309,SC,172.000,35980,2007,ME,SC
23450,472160,MBC,172.000,35981,1419,EC,MBC
23451,446104,BC,172.000,35984,2345,EC,OC
23452,232729,BC,172.000,35985,1317,AD,OC
23453,348793,MBC,172.000,35986,1013,CS,OC
23454,445863,SC,172.000,35987,5008,EU,SC
23455,407489,MBC,172.000,35988,5010,AM,MBC
23456,331844,BC,172.000,35990,2718,IT,BC
23457,449229,BC,172.000,35991,2621,CS,OC
23458,212826,BC,172.000,35992,2702,AD,BC
23459,408429,OC,172.000,35993,1112,CS,OC
23460,265684,MBC,172.000,35994,2750,AD,MBC
23461,230153,BC,172.000,35995,2711,CS,BC
23462,368136,MBC,172.000,35996,1317,CS,MBC
23463,333732,BC,172.000,35998,2702,CS,BC
23464,259807,BC,172.000,35999,4024,CS,OC
23465,362929,BC,172.000,36000,2709,EE,BC
23466,289159,BC,172.000,36001,2615,ME,BC
23467,346598,OC,172.000,36002,1317,IT,OC
23468,389749,BC,172.000,36004,2718,IT,BC
23469,233184,BC,172.000,36005,2702,EI,OC
23470,299494,MBC,172.000,36006,5,CS,OC
23471,385427,BC,172.000,36008,2618,CS,OC
23472,214628,BCM,172.000,36010,2005,CE,BCM
23473,317725,BC,172.000,36011,4962,IT,OC
23474,276764,BC,172.000,36012,2653,AD,OC
23475,390536,MBC,172.000,36014,2764,AM,MBC
23476,353279,BC,172.000,36015,2702,EC,BC
23477,256281,MBC,172.000,36017,1216,IT,MBC
23478,264056,BC,172.000,36022,5986,EC,BC
23479,362170,BC,172.000,36023,2764,ME,BC
23480,350916,BC,172.000,36024,2369,EC,OC
23481,282171,BC,172.000,36025,2708,CS,OC
23482,456154,OC,172.000,36026,1210,AD,OC
23483,448911,BC,172.000,36026A,2710,EC,BC
23484,501158,BC,172.000,36027,2718,CJ,BC
23485,294459,OC,172.000,36028,4023,CE,OC
23486,483627,BCM,172.000,36029,1101,AD,OC
23487,345912,BC,172.000,36031,2608,CS,OC
23488,276036,BCM,172.000,36032,4960,CS,BCM
23489,300479,BC,172.000,36033,1516,EE,OC
23490,369670,BC,172.000,36034,2718,IT,BC
23491,216088,BC,172.000,36035,5910,AD,OC
23492,425109,BC,172.000,36036,5910,EC,OC
23493,277941,BC,172.000,36039,2718,IT,BC
23494,319064,BC,172.000,36040,1216,CS,BC
23495,239661,OC,172.000,36041,4960,IT,OC
23496,265935,MBC,172.000,36042,1219,EE,OC
23497,466262,BCM,172.000,36047,2329,AM,OC
23498,266080,MBC,172.000,36048,4974,EE,MBC
23499,293311,MBC,172.000,36049,1210,EC,OC
23500,373867,MBC,172.000,36051,2718,ME,OC
23501,358755,MBC,172.000,36053,3465,EC,MBC
23502,255010,SC,172.000,36054,2603,CS,SC
23503,327590,BC,172.000,36055,2719,EC,BC
23504,400907,BC,172.000,36056,5009,CS,OC
23505,248018,MBC,172.000,36057,4020,GI,OC
23506,278083,MBC,172.000,36064,1216,AL,MBC
23507,497402,SCA,172.000,36065,2005,IT,SCA
23508,294320,MBC,172.000,36067,2653,EC,OC
23509,369865,BC,172.000,36069,2704,AM,OC
23510,261179,BC,172.000,36072,2718,EE,BC
23511,413190,MBC,172.000,36073,2736,EC,MBC
23512,309204,MBC,172.000,36075,2718,AD,MBC
23513,360140,BC,172.000,36076,2718,CE,OC
23514,268185,SC,172.000,36077,4974,EC,SC
23515,356372,BC,172.000,36078,2618,AD,OC
23516,397731,BC,172.000,36079,2025,EV,BC
23517,347149,MBC,172.000,36080,5901,ME,MBC
23518,351208,MBC,172.000,36082,1111,AD,MBC
23519,433863,MBC,172.000,36083,2740,IT,OC
23520,313808,BC,172.000,36084,1120,CS,OC
23521,419906,BC,172.000,36085,3011,BT,BC
23522,244813,MBC,172.000,36088,1211,MZ,MBC
23523,371271,BC,172.000,36091,1216,CS,BC
23524,456470,BC,172.000,36094,5921,AD,OC
23525,208737,MBC,172.000,36097,1414,IT,OC
23526,351111,BC,172.000,36098,2329,IT,OC
23527,473275,BC,172.000,36099,1419,EC,BC
23528,200235,MBC,172.000,36102,1419,EC,MBC
23529,261292,BC,172.000,36105,2702,CS,BC
23530,317335,SC,172.000,36106,1399,ME,SC
23531,211080,BC,172.000,36107,1419,CB,OC
23532,429602,BC,172.000,36112,2719,BM,OC
23533,265334,BC,172.000,36113,5986,EC,BC
23534,408952,BC,172.000,36114,1219,AD,BC
23535,211126,MBC,172.000,36115,1437,AD,OC
23536,324184,MBC,172.000,36116,3011,EC,MBC
23537,216699,BC,172.000,36119,3,BP,BC
23538,447400,BC,172.000,36121,1210,CS,OC
23539,380928,MBC,172.000,36123,2719,AD,MBC
23540,339921,SC,172.000,36124,3011,CE,OC
23541,383277,BC,172.000,36125,1422,EC,OC
23542,224255,MBC,172.000,36126,2750,AD,MBC
23543,215020,BCM,172.000,36127,1211,CB,BCM
23544,257165,BC,172.000,36128,4962,IT,BC
23545,359190,BC,172.000,36129,1317,AD,OC
23546,364586,MBC,172.000,36130,1317,EC,MBC
23547,407948,BC,172.000,36132,1317,SC,BC
23548,306524,MBC,172.000,36134,1210,AD,OC
23549,304564,BC,172.000,36137,2618,EE,OC
23550,275629,SC,172.000,36138,1211,CS,SC
23551,357551,BC,172.000,36139,2709,ME,OC
23552,283928,MBC,172.000,36140,5009,EC,OC
23553,330619,SC,172.000,36141,1399,BM,SC
23554,295678,MBC,172.000,36143,2750,AM,MBC
23555,332931,BC,172.000,36144,4962,CS,BC
23556,395134,BC,172.000,36145,3807,IT,OC
23557,302181,MBC,172.000,36146,2718,EC,MBC
23558,229228,BC,172.000,36147,2656,CS,OC
23559,407314,SC,172.000,36148,1399,ME,SC
23560,478638,BCM,172.000,36150,5910,EC,OC
23561,403455,SC,172.000,36151,1,MN,SC
23562,263339,MBC,172.000,36152,2764,CS,MBC
23563,368434,BC,172.000,36153,2718,CB,BC
23564,201786,BC,172.000,36158,3795,CS,OC
23565,325466,MBC,172.000,36160,1120,CE,OC
23566,244921,BC,172.000,36162,2764,BM,BC
23567,221337,BC,172.000,36163,3011,EV,OC
23568,298298,BC,172.000,36165,1233,EC,OC
23569,277637,MBC,172.000,36168,1210,CS,OC
23570,255652,BC,172.000,36169,1219,BT,OC
23571,388075,MBC,172.000,36170,1219,EC,MBC
23572,257436,BC,172.000,36172,2615,ME,BC
23573,405709,BCM,172.000,36173,1317,AD,OC
23574,362645,BC,172.000,36174,5,EC,OC
23575,271041,BC,172.000,36175,2750,CS,BC
23576,431354,SC,172.000,36177,1211,EC,SC
23577,264154,MBC,172.000,36178,1219,AD,MBC
23578,302580,BC,172.000,36179,1432,ME,BC
23579,450740,MBC,172.000,36182,2764,BM,MBC
23580,289059,BC,172.000,36183,2718,MZ,BC
23581,425286,BC,172.000,36185,2712,TX,OC
23582,339309,BC,172.000,36186,2673,CS,OC
23583,466268,MBC,172.000,36188,1113,EC,MBC
23584,415886,MBC,172.000,36190,2718,SC,MBC
23585,366978,SC,172.000,36191,1211,CH,SC
23586,237950,SCA,172.000,36194,1450,EC,SCA
23587,406040,MBC,172.000,36195,1419,CS,MBC
23588,265545,MBC,172.000,36196,3795,CS,OC
23589,217348,BC,172.000,36198,4960,EE,OC
23590,350948,BC,172.000,36201,2718,MZ,BC
23591,231883,BC,172.000,36203,2377,DA,BC
23592,200147,BC,172.000,36204,3011,EF,OC
23593,423360,MBC,172.000,36205,2718,CS,MBC
23594,406527,MBC,172.000,36206,1516,EE,OC
23595,454574,BC,172.000,36208,1432,ME,BC
23596,236202,BC,172.000,36209,4962,IT,BC
23597,364896,BC,172.000,36211,1419,AD,BC
23598,316049,BC,172.000,36212,2702,IT,BC
23599,260604,BC,172.000,36213,1111,CS,BC
23600,402825,MBC,172.000,36215,2710,EC,MBC
23601,229993,BC,172.000,36216,1419,AD,BC
23602,225062,BCM,172.000,36219,1216,CS,BCM
23603,327944,SC,172.000,36220,2739,CS,SC
23604,261274,MBC,172.000,36222,1516,CS,MBC
23605,327673,MBC,172.000,36229,2711,CS,MBC
23606,367925,BC,172.000,36230,2706,EE,OC
23607,367877,MBC,172.000,36231,2719,BM,OC
23608,393823,BC,172.000,36232,1219,AD,BC
23609,462682,BC,172.000,36237,1317,MZ,OC
23610,232317,BCM,172.000,36238,2025,ME,BCM
23611,411268,SC,172.000,36239,1211,CS,SC
23612,353738,MBC,172.000,36240,4678,AM,OC
23613,205069,BC,172.000,36242,2750,BT,BC
23614,214699,MBC,172.000,36243,2357,EC,OC
23615,411168,SC,172.000,36244,1516,CS,SC
23616,384535,BC,172.000,36245,4960,EC,BC
23617,249813,BC,172.000,36246,4020,EC,BC
23618,373397,BC,172.000,36247,1317,CS,BC
23619,368661,BC,172.000,36248,2357,CS,OC
23620,215647,SC,172.000,36250,4,RP,SC
23621,429840,MBC,172.000,36253,1216,IT,MBC
23622,445985,MBC,172.000,36255,1408,AD,OC
23623,219658,MBC,172.000,36256,1112,CS,OC
23624,340929,SC,172.000,36257,1399,IT,SC
23625,268226,BC,172.000,36260,2615,ME,BC
23626,339203,BC,172.000,36261,1317,AD,OC
23627,371047,MBC,172.000,36262,3,BP,MBC
23628,204372,SC,172.000,36264,1026,CS,OC
23629,361354,MBC,172.000,36265,1211,BT,MBC
23630,384978,SC,172.000,36266,2615,EE,SC
23631,311302,BC,172.000,36268,5986,SC,OC
23632,268834,BC,172.000,36269,2706,IT,OC
23633,369721,BC,172.000,36272,1113,CS,BC
23634,280521,BC,172.000,36275,5009,CS,OC
23635,276267,BC,172.000,36278,2329,AM,OC
23636,219006,SC,172.000,36280,2709,EC,SC
23637,424168,BC,172.000,36283,2715,SC,OC
23638,425907,BC,172.000,36284,2736,AD,BC
23639,235434,BC,172.000,36285,1432,CB,BC
23640,263327,BC,172.000,36287,2702,EI,OC
23641,435197,BC,172.000,36289,1211,CD,BC
23642,368215,BC,172.000,36291,2764,BM,BC
23643,439282,BC,172.000,36292,2622,EC,OC
23644,397806,BC,172.000,36294,5986,EC,BC
23645,289435,BC,172.000,36295,2718,IT,BC
23646,260365,MBC,172.000,36298,2718,MZ,MBC
23647,365639,SC,172.000,36301,2709,EE,SC
23648,418655,MBC,172.000,36303,1419,CS,MBC
23649,225478,BC,172.000,36306,2711,CH,OC
23650,325164,SC,172.000,36309,1211,AD,SC
23651,282333,BC,172.000,36310,3819,CS,BC
23652,211248,BCM,172.000,36314,1422,CS,OC
23653,375784,BC,172.000,36316,3843,AM,OC
23654,230565,BC,172.000,36317,1419,EC,BC
23655,249836,SC,172.000,36318,2739,EC,SC
23656,376832,BC,172.000,36322,1424,AD,OC
23657,330027,BC,172.000,36324,1432,CB,BC
23658,420305,BC,172.000,36329,2706,IT,OC
23659,356499,SC,172.000,36331,2329,CS,OC
23660,314314,BC,172.000,36336,4960,ME,OC
23661,375878,BC,172.000,36342,1317,AL,OC
23662,226251,BC,172.000,36345,2005,IB,BC
23663,446172,BC,172.000,36346,1419,EC,BC
23664,290180,BC,172.000,36347,1317,CS,BC
23665,352636,BC,172.000,36348,1419,CS,BC
23666,218017,SC,172.000,36349,2005,EI,SC
23667,295210,BC,172.000,36350,4962,IT,BC
23668,245460,BC,172.000,36352,2718,IT,BC
23669,340926,MBC,172.000,36355,1211,EE,MBC
23670,220486,BC,172.000,36356,1419,EC,BC
23671,318463,BC,172.000,36357,1216,EC,BC
23672,252594,BC,172.000,36360,4971,CS,OC
23673,371653,BC,172.000,36361,2727,CS,OC
23674,417440,BC,172.000,36363,2702,ME,OC
23675,352257,BC,172.000,36365,1431,CS,OC
23676,461864,BC,172.000,36370,1211,CD,BC
23677,215529,BC,172.000,36371,2718,EE,BC
23678,285094,SC,172.000,36372,1399,IT,SC
23679,466662,ST,172.000,36373,1399,CS,ST
23680,368213,BCM,172.000,36375,5986,EC,BCM
23681,376597,BC,172.000,36378,2711,CD,OC
23682,331812,BC,172.000,36381,4962,EE,OC
23683,222390,BC,172.000,36383,1317,AD,OC
23684,437186,BC,172.000,36386,2025,ME,BC
23685,477872,MBC,172.000,36387,2608,EC,OC
23686,314495,BC,172.000,36390,1110,SC,OC
23687,285306,BC,172.000,36391,1219,CS,BC
23688,381410,BC,172.000,36392,4020,CS,OC
23689,325639,BC,172.000,36393,1505,CS,OC
23690,336262,BC,172.000,36394,4960,EC,BC
23691,207222,BC,172.000,36395,1317,AL,OC
23692,300715,SC,172.000,36400,2712,CS,SC
23693,262490,BC,172.000,36401,4678,CS,OC
23694,277393,MBC,172.000,36402,1419,EE,OC
23695,212840,BC,172.000,36406,5910,CS,BC
23696,481734,BC,172.000,36407,1414,CS,BC
23697,200781,MBC,172.000,36410,2656,CS,OC
23698,304234,BC,172.000,36412,2723,CS,OC
23699,341144,BC,172.000,36413,1419,SC,OC
23700,295261,BC,172.000,36414,1414,CS,BC
23701,307972,BC,172.000,36415,3819,AD,OC
23702,216341,BC,172.000,36417,4957,CS,OC
23703,305376,BC,172.000,36419,1317,AL,OC
23704,221777,BC,172.000,36420,2615,CE,BC
23705,364108,SC,172.000,36423,2005,CE,SC
23706,269774,BC,172.000,36424,5910,EC,OC
23707,301461,SC,172.000,36425,1399,CE,SC
23708,221684,BC,172.000,36426,2736,CS,OC
23709,396354,BC,172.000,36427,2622,CS,BC
23710,384613,BC,172.000,36428,2702,CS,BC
23711,217600,BC,172.000,36429,2706,EV,OC
23712,267753,BC,172.000,36430,4962,EC,BC
23713,226040,BC,172.000,36431,2710,EE,OC
23714,410821,BC,172.000,36432,2718,EE,BC
23715,327250,BC,172.000,36434,3465,EE,OC
23716,367180,MBC,172.000,36437,2711,CS,MBC
23717,223582,MBC,172.000,36438,1219,CS,MBC
23718,314701,BC,172.000,36439,4974,ME,OC
23719,413842,SC,172.000,36440,5010,CS,SC
23720,422907,MBC,172.000,36442,2357,CS,OC
23721,473188,BCM,172.000,36443,1408,CS,OC
23722,389439,BC,172.000,36445,3464,EC,OC
23723,391264,MBC,172.000,36447,2702,IT,MBC
23724,418096,MBC,172.000,36449,1419,CS,MBC
23725,258544,BC,172.000,36451,2706,IT,OC
23726,400758,BC,172.000,36452,1432,CB,BC
23727,203691,BC,172.000,36454,1419,CB,OC
23728,276033,BC,172.000,36455,2727,CS,OC
23729,368395,MBC,172.000,36456,2718,EC,MBC
23730,411406,BC,172.000,36457,2702,AD,BC
23731,371223,BC,172.000,36462,1304,EE,OC
23732,368582,BC,172.000,36463,4020,EC,BC
23733,217575,BCM,172.000,36464,2750,CB,BCM
23734,205498,MBC,172.000,36466,2702,IT,MBC
23735,400291,BC,172.000,36472,1516,RM,OC
23736,243189,BC,172.000,36473,2726,EC,OC
23737,283445,BCM,172.000,36474,1219,CS,BCM
23738,432130,BC,172.000,36475,2622,AD,BC
23739,426599,BC,172.000,36477,4974,CE,BC
23740,391477,BC,172.000,36483,2702,EI,OC
23741,406916,BC,172.000,36484,1516,EC,BC
23742,261137,BC,172.000,36487,4974,ME,OC
23743,311250,BC,172.000,36489,2711,AL,BC
23744,263492,BC,172.000,36490,1322,ER,OC
23745,335623,BC,172.000,36491,1219,EE,OC
23746,343903,BC,172.000,36493,1419,EC,BC
23747,206080,BC,172.000,36494,1304,BM,OC
23748,282407,SC,172.000,36495,1450,CS,SC
23749,291042,MBC,172.000,36496,1317,CS,MBC
23750,309617,MBC,172.000,36499,1304,RM,MBC
23751,436429,BCM,172.000,36500,2718,CS,BCM
23752,340904,MBC,172.000,36501,1520,CS,OC
23753,253629,BC,172.000,36502,1211,AU,OC
23754,253361,MBC,172.000,36504,1317,CS,MBC
23755,273163,BC,172.000,36505,1311,AO,BC
23756,203234,BC,172.000,36507,2634,IT,OC
23757,425454,MBC,172.000,36508,1432,AD,MBC
23758,445312,SC,172.000,36509,5,IT,OC
23759,356938,BC,172.000,36510,2702,MZ,OC
23760,270365,BC,172.000,36511,1219,CS,BC
23761,260915,OC,172.000,36512,1419,CB,OC
23762,230685,BC,172.000,36513,2736,EC,BC
23763,306607,BC,172.000,36514,3806,IT,OC
23764,392622,MBC,172.000,36515,1304,RM,MBC
23765,441360,SC,172.000,36516,2329,SC,OC
23766,264548,BCM,172.000,36519,1419,CS,BCM
23767,276813,BC,172.000,36520,5865,EC,OC
23768,286141,BC,172.000,36521,5986,IT,OC
23769,261482,SC,172.000,36522,1304,CS,SC
23770,288859,BC,172.000,36523,1419,EC,BC
23771,378308,BC,172.000,36526,4974,IB,OC
23772,400629,BCM,172.000,36527,4974,CE,BCM
23773,388473,BC,172.000,36528,2718,MZ,BC
23774,211000,MBC,172.000,36529,2,PP,MBC
23775,242966,BC,172.000,36531,2718,IT,BC
23776,332803,BC,172.000,36532,2711,AD,BC
23777,255431,BC,172.000,36533,4917,EC,OC
23778,423834,MBC,172.000,36534,1,PT,MBC
23779,435096,OC,172.000,36535,1419,CO,OC
23780,317022,BC,172.000,36539,2603,SC,BC
23781,209296,MBC,172.000,36540,1113,CV,OC
23782,469414,BC,172.000,36541,1317,AD,OC
23783,317904,MBC,172.000,36542,2710,EC,MBC
23784,327853,BC,172.000,36543,1317,CS,BC
23785,478699,SC,172.000,36547,2615,ME,SC
23786,358421,MBC,172.000,36548,2711,AD,MBC
23787,335865,SC,172.000,36549,2673,EC,OC
23788,254161,MBC,172.000,36550,4023,CS,OC
23789,268451,SC,172.000,36551,2764,AD,SC
23790,231817,MBC,172.000,36553,3011,EC,MBC
23791,216284,BC,172.000,36554,2718,IT,BC
23792,292648,BC,172.000,36555,1419,EC,BC
23793,370531,MBC,172.000,36557,1026,SC,OC
23794,310108,BC,172.000,36559,1419,SC,OC
23795,459690,BC,172.000,36561,5986,CS,BC
23796,314814,MBC,172.000,36562,1219,CS,MBC
23797,383284,BC,172.000,36563,2750,BT,BC
23798,389973,SC,172.000,36564,1210,AL,OC
23799,252562,MBC,172.000,36566,4960,CS,MBC
23800,370072,MBC,172.000,36567,1013,IT,OC
23801,222676,BC,172.000,36568,2357,CS,OC
23802,232502,BC,172.000,36571,2618,CS,OC
23803,450669,BC,172.000,36573,2751,AD,OC
23804,445541,BC,172.000,36574,2702,EC,BC
23805,445060,BC,172.000,36575,2615,MT,BC
23806,214704,OC,172.000,36576,1419,IT,OC
23807,440207,SC,172.000,36578,2622,CS,SC
23808,366496,BC,172.000,36579,2764,ME,BC
23809,433379,BC,172.000,36581,2329,AD,OC
23810,267836,BC,172.000,36584,1238,EC,OC
23811,480484,BC,172.000,36585,2776,CS,OC
23812,358151,MBC,172.000,36586,1210,CS,OC
23813,200806,MBC,172.000,36587,2369,EC,OC
23814,380412,MBC,172.000,36589,1422,CS,OC
23815,377953,BC,172.000,36590,1419,EC,BC
23816,458520,BC,172.000,36592,2630,CS,OC
23817,215239,SCA,172.000,36593,2750,BT,SCA
23818,445149,BC,172.000,36596,1210,IT,OC
23819,315669,SC,172.000,36597,1399,IT,SC
23820,466357,BC,172.000,36599,2329,CS,OC
23821,280252,BCM,172.000,36600,4960,CS,BCM
23822,238843,BC,172.000,36601,3803,CS,OC
23823,440370,BC,172.000,36604,2622,AM,BC
23824,285040,BC,172.000,36605,2618,CS,OC
23825,380608,BCM,172.000,36606,1216,CS,BCM
23826,416310,BC,172.000,36607,2718,IT,BC
23827,261436,BC,172.000,36608,1211,ME,BC
23828,355758,BCM,172.000,36611,4955,IT,OC
23829,397224,OC,172.000,36612,1112,IT,OC
23830,250333,MBC,172.000,36613,1216,CS,MBC
23831,489007,BCM,172.000,36614,2622,AD,BCM
23832,418351,BC,172.000,36615,3819,AD,OC
23833,255695,BC,172.000,36617,3465,MZ,OC
23834,353553,BCM,172.000,36618,2706,EC,BCM
23835,278495,BC,172.000,36620,5009,CF,OC
23836,365024,BC,172.000,36622,2615,CE,BC
23837,394917,BC,172.000,36623,2718,IT,BC
23838,251929,MBC,172.000,36624,2729,AE,OC
23839,320871,BC,172.000,36625,1419,EC,BC
23840,238759,BC,172.000,36627,2718,IT,BC
23841,457220,BC,172.000,36628,4928,AD,OC
23842,205982,MBC,172.000,36629,1317,EC,MBC
23843,227743,SC,172.000,36631,1399,IT,SC
23844,206791,MBC,172.000,36633,3701,AD,OC
23845,218542,SC,172.000,36634,1,XM,SC
23846,328036,MBC,172.000,36636,2718,EC,MBC
23847,462078,SC,172.000,36637,5901,EE,SC
23848,228648,OC,172.000,36638,2,AP,OC
23849,252378,MBC,172.000,36639,3819,CS,MBC
23850,202685,BC,172.000,36641,2702,MZ,OC
23851,367363,BCM,172.000,36642,2702,EC,BCM
23852,409266,MBC,172.000,36643,1419,AD,MBC
23853,409103,BC,172.000,36645,2708,EC,OC
23854,331109,BCM,172.000,36646,4023,EC,OC
23855,268229,BCM,172.000,36648,2764,CH,BCM
23856,409369,BC,172.000,36649,1211,CE,BC
23857,220349,BC,172.000,36650,3011,AM,BC
23858,480637,BC,172.000,36651,4962,AD,BC
23859,464720,MBC,172.000,36652,2636,CE,OC
23860,431008,MBC,172.000,36653,2025,EE,MBC
23861,390655,BC,172.000,36657,1419,CE,OC
23862,380948,BC,172.000,36658,2618,EC,OC
23863,330373,MBC,172.000,36659,1516,CS,MBC
23864,210605,SC,172.000,36660,5901,IT,SC
23865,252948,BC,172.000,36661,1304,EE,BC
23866,499169,MBC,172.000,36663,2711,CS,MBC
23867,261586,MBC,172.000,36666,2718,MZ,MBC
23868,395307,MBC,172.000,36670,2711,EC,MBC
23869,402030,BC,172.000,36671,2357,CS,OC
23870,226487,BC,172.000,36672,1419,EC,BC
23871,397593,BC,172.000,36674,1111,CS,BC
23872,353440,OC,172.000,36675,2751,SC,OC
23873,401797,MBC,172.000,36679,1216,IT,MBC
23874,416118,MBC,172.000,36681,2764,CH,MBC
23875,442053,SC,172.000,36682,1399,CB,SC
23876,501052,SC,172.000,36685,5913,IT,OC
23877,346892,BC,172.000,36686,1216,EC,BC
23878,425862,MBC,172.000,36687,1317,CS,MBC
23879,445503,BCM,172.000,36688,1122,CE,OC
23880,447926,BC,172.000,36689,3425,IT,OC
23881,386236,MBC,172.000,36691,2750,AM,MBC
23882,474504,BC,172.000,36692,1317,IT,OC
23883,502361,MBC,172.000,36694,2603,EC,MBC
23884,338661,BC,172.000,36695,2618,EC,OC
23885,228005,BC,172.000,36697,2727,AD,OC
23886,420870,BC,172.000,36698,1419,EC,BC
23887,430213,MBC,172.000,36701,2719,CS,MBC
23888,386006,SC,172.000,36702,2610,SC,OC
23889,418439,BC,172.000,36705,3819,CS,BC
23890,302669,BC,172.000,36706,2702,ME,OC
23891,299917,MBC,172.000,36707,2719,EC,MBC
23892,268500,SC,172.000,36708,1399,IT,SC
23893,257381,BC,172.000,36710,2706,EV,OC
23894,438302,BC,172.000,36713,2329,AD,OC
23895,429866,BCM,172.000,36714,2718,ME,OC
23896,349399,BC,172.000,36715,2369,IT,OC
23897,356791,MBC,172.000,36716,2329,SC,OC
23898,253896,BC,172.000,36718,5010,EE,OC
23899,397286,MBC,172.000,36719,1408,AD,OC
23900,278444,BC,172.000,36720,2764,ME,BC
23901,288659,BC,172.000,36721,4960,EC,BC
23902,237299,BC,172.000,36722,1419,IT,OC
23903,475457,BC,172.000,36724,1112,EC,OC
23904,326806,OC,172.000,36725,1304,BM,OC
23905,390939,BC,172.000,36727,1211,FD,BC
23906,343829,BC,172.000,36729,3817,AD,OC
23907,364960,MBC,172.000,36730,1419,CS,MBC
23908,318928,MBC,172.000,36731,1505,EC,OC
23909,265638,BC,172.000,36732,2764,ME,BC
23910,422880,BC,172.000,36733,1112,CS,OC
23911,394457,BC,172.000,36734,1317,EC,BC
23912,366755,BC,172.000,36735,2710,EE,OC
23913,339059,MBC,172.000,36736,4974,CE,MBC
23914,341265,MBC,172.000,36738,1432,BT,MBC
23915,399570,MBC,172.000,36740,2702,EE,OC
23916,338670,OC,172.000,36747,1128,CS,OC
23917,470410,BC,172.000,36748,4023,CS,OC
23918,446161,BC,172.000,36749,2736,EC,BC
23919,356090,BC,172.000,36750,2704,IT,OC
23920,366663,BC,172.000,36752,2357,CS,OC
23921,493428,OC,172.000,36753,1126,CS,OC
23922,350088,BC,172.000,36754,4024,EC,OC
23923,441679,MBC,172.000,36755,1211,MZ,MBC
23924,362077,MBC,172.000,36757,2620,CS,OC
23925,408465,MBC,172.000,36760,1309,EC,OC
23926,325428,BC,172.000,36762,1111,CS,BC
23927,432302,BC,172.000,36763,2718,CB,BC
23928,230573,ST,172.000,36764,1211,EC,ST
23929,410009,MBC,172.000,36765A,2702,AD,MBC
23930,328649,BC,172.000,36766,1113,EE,OC
23931,241256,MBC,172.000,36768,5010,EC,MBC
23932,434249,SC,172.000,36769,2006,BY,SC
23933,348810,BC,172.000,36770,1422,IT,OC
23934,243725,BC,172.000,36771,5986,EC,BC
23935,319119,MBC,172.000,36772,5010,EC,MBC
23936,342303,OC,172.000,36773,2673,CS,OC
23937,409541,MBC,172.000,36774,3011,EE,OC
23938,345806,SC,172.000,36775,2712,EE,SC
23939,458853,BC,172.000,36776,3011,IT,BC
23940,258064,BC,172.000,36779,2750,EE,OC
23941,216919,BC,172.000,36780,2719,EC,BC
23942,232681,MBC,172.000,36781,2718,CS,MBC
23943,342724,MBC,172.000,36782,2708,SC,OC
23944,202916,SC,172.000,36785,2603,EC,SC
23945,399936,BC,172.000,36786,2711,MZ,OC
23946,260358,BC,172.000,36787,1128,SC,OC
23947,200503,BC,172.000,36790,1419,AD,BC
23948,249647,BC,172.000,36791,4960,AD,BC
23949,396872,BCM,172.000,36792,2739,EE,BCM
23950,334513,BCM,172.000,36793,2751,AD,OC
23951,398524,MBC,172.000,36794,2,TX,MBC
23952,306561,MBC,172.000,36795,5842,AM,OC
23953,297965,BC,172.000,36796,4023,EC,OC
23954,209279,BC,172.000,36798,2710,IT,BC
23955,328754,BC,172.000,36803,2718,IT,BC
23956,481416,MBC,172.000,36804,4,RP,MBC
23957,493262,BC,172.000,36806,1111,AD,BC
23958,336836,BC,172.000,36808,2,LE,OC
23959,308713,BC,172.000,36811,2706,EV,OC
23960,342631,BC,172.000,36813,2719,RM,OC
23961,456884,MBC,172.000,36815,2618,AD,OC
23962,329576,MBC,172.000,36818,1304,CE,OC
23963,322871,BC,172.000,36819,4672,CS,OC
23964,220707,BC,172.000,36821,2,TX,BC
23965,262385,BC,172.000,36822,2615,CE,BC
23966,281223,BC,172.000,36824,2702,EC,BC
23967,359025,MBC,172.000,36825,2702,AD,MBC
23968,382639,BC,172.000,36826,4962,EC,BC
23969,393508,BC,172.000,36827,1317,AD,OC
23970,245743,BC,172.000,36828,3701,AD,OC
23971,424838,BC,172.000,36830,2673,EC,OC
23972,285841,MBC,172.000,36832,1210,AD,OC
23973,265139,BC,172.000,36835,1210,CS,OC
23974,459708,ST,172.000,36837,2739,EC,ST
23975,290032,MBC,172.000,36839,2702,AD,MBC
23976,259800,BC,172.000,36840,2710,EV,BC
23977,374538,MBC,172.000,36842,4960,EC,MBC
23978,386418,BC,172.000,36843,4024,EC,OC
23979,392927,SC,172.000,36844,5901,IT,SC
23980,452231,MBC,172.000,36845,2329,AM,OC
23981,489064,BC,172.000,36846,1211,CH,BC
23982,397842,SC,172.000,36847,1399,IT,SC
23983,400443,BC,172.000,36850,3804,CS,OC
23984,208060,BC,172.000,36851,1419,AD,BC
23985,369357,MBC,172.000,36852,3019,CS,OC
23986,374882,BC,172.000,36854,2702,AD,BC
23987,248020,SC,172.000,36855,2764,CS,SC
23988,279214,BC,172.000,36856,4966,AD,OC
23989,275398,BC,172.000,36857,1118,SC,OC
23990,408722,SC,172.000,36858,2006,IY,SC
23991,294571,MBC,172.000,36860,5901,EE,MBC
23992,449339,SC,172.000,36862,5008,IM,SC
23993,354693,BC,172.000,36864,2673,AD,OC
23994,347807,MBC,172.000,36865,1113,EG,OC
23995,277616,BC,172.000,36866,2750,CB,BC
23996,377050,MBC,172.000,36867,2711,CS,MBC
23997,356901,MBC,172.000,36870,4962,AD,MBC
23998,237694,BC,172.000,36871,3011,PH,OC
23999,257897,MBC,172.000,36872,3011,CF,MBC
24000,317479,BC,172.000,36873,2329,CS,OC
24001,472127,SC,172.000,36874,1211,EC,SC
24002,235255,MBC,172.000,36875,1026,EC,OC
24003,398553,BC,172.000,36876,4971,EC,OC
24004,425318,SC,172.000,36877,5010,CS,SC
24005,443791,BC,172.000,36881,1211,ME,BC
24006,392962,BC,172.000,36882,1419,AD,BC
24007,225531,BC,172.000,36884,1219,ME,OC
24008,307185,OC,172.000,36888,1110,AD,OC
24009,446431,BC,172.000,36889,1219,AD,BC
24010,309544,MBC,172.000,36892,1112,IT,OC
24011,274996,SC,172.000,36893,1432,CS,SC
24012,267362,MBC,172.000,36894,2718,CS,MBC
24013,281103,MBC,172.000,36900,1216,CS,MBC
24014,229485,BC,172.000,36901,5010,AM,BC
24015,238911,MBC,172.000,36903,2710,EC,MBC
24016,314703,OC,172.000,36904,1309,EC,OC
24017,362605,MBC,172.000,36906,2329,CS,OC
24018,314124,BC,172.000,36907,1414,CS,BC
24019,385118,BC,172.000,36911,1216,CS,BC
24020,307081,OC,172.000,36912,4020,CS,OC
24021,276127,MBC,172.000,36913,2717,CS,OC
24022,375557,BC,172.000,36914,1317,AD,OC
24023,485729,BC,172.000,36917,2673,EE,OC
24024,272357,BC,172.000,36918,2750,CS,BC
24025,485057,MBC,172.000,36921,2648,EC,OC
24026,222098,MBC,172.000,36922,5910,EC,OC
24027,496212,SC,172.000,36925,2710,EC,SC
24028,381760,BC,172.000,36926,1140,EC,OC
24029,237159,BC,172.000,36927,1419,EC,BC
24030,475696,BC,172.000,36928,2718,CB,BC
24031,376666,MBC,172.000,36929,1112,EC,OC
24032,322596,OC,172.000,36930,1219,EE,OC
24033,208130,MBC,171.667,36934,2718,CS,MBC
24034,432064,BC,171.667,36935,1419,AD,BC
24035,232360,BCM,171.500,36937,4955,CS,OC
24036,342566,MBC,171.500,36939,1111,AD,MBC
24037,384355,BC,171.500,36940,2702,AD,BC
24038,461408,BC,171.500,36941,2673,AD,OC
24039,305294,BC,171.500,36942,5910,EC,OC
24040,310891,BCM,171.500,36945,4020,AD,BCM
24041,328054,BC,171.500,36946,2719,RM,OC
24042,203918,SC,171.500,36947,2005,CE,SC
24043,454413,SC,171.500,36949,2005,CE,SC
24044,410613,MBC,171.500,36950,2711,FD,OC
24045,416969,BC,171.500,36952,3804,CS,OC
24046,488331,BC,171.500,36953,1219,EE,OC
24047,209607,BC,171.500,36954,2719,BM,OC
24048,408726,MBC,171.500,36955,2764,CS,MBC
24049,477297,MBC,171.500,36956A,2727,AL,OC
24050,395138,BC,171.500,36957,5009,CF,OC
24051,282231,BC,171.500,36962,5910,EC,OC
24052,398843,MBC,171.500,36963,1419,EC,MBC
24053,398253,BC,171.500,36964,1216,CS,BC
24054,428536,BC,171.500,36965,2622,EC,OC
24055,464888,MBC,171.500,36966,2653,IT,OC
24056,375949,MBC,171.500,36968,1317,BT,OC
24057,277161,BC,171.500,36969,2719,EC,BC
24058,292025,MBC,171.500,36971,1216,IT,MBC
24059,329676,MBC,171.500,36972,1419,AD,MBC
24060,326980,BC,171.500,36974,4955,EC,OC
24061,222077,BC,171.500,36975,2718,CJ,BC
24062,354737,MBC,171.500,36976,2656,CS,OC
24063,463980,MBC,171.500,36978,2751,RM,OC
24064,212350,BC,171.500,36979,4974,ME,OC
24065,295474,MBC,171.500,36980,1419,AM,MBC
24066,365553,BC,171.500,36981,4960,AD,BC
24067,274950,MBC,171.500,36982,5010,EC,MBC
24068,410080,BCM,171.500,36983,4955,CS,OC
24069,204318,BC,171.500,36985,2006,FY,OC
24070,364364,MBC,171.500,36986,2710,IT,MBC
24071,412756,MBC,171.500,36987,2719,EC,MBC
24072,432008,BC,171.500,36988,2622,CE,OC
24073,207639,BC,171.500,36989,1309,CS,OC
24074,347219,MBC,171.500,36990,2709,CE,OC
24075,409404,BC,171.500,36993,3819,CS,BC
24076,447996,MBC,171.500,36994,2357,CS,OC
24077,225071,BC,171.500,36997,2736,AD,BC
24078,442388,MBC,171.500,36998,1516,EE,OC
24079,336098,BCM,171.500,36999,5921,EC,OC
24080,383457,SCA,171.500,37000,1026,CS,OC
24081,397805,MBC,171.500,37001,2369,EE,OC
24082,256413,MBC,171.500,37002,1419,CS,MBC
24083,308085,MBC,171.500,37003,1211,FD,MBC
24084,469269,BC,171.500,37004,4974,IB,OC
24085,447209,BC,171.500,37005,2702,EC,BC
24086,398814,MBC,171.500,37006,2710,IT,MBC
24087,384725,MBC,171.500,37007,1216,EC,MBC
24088,208006,BC,171.500,37008,1422,EC,OC
24089,361101,BC,171.500,37009,1419,SC,OC
24090,303130,BCM,171.500,37012,1216,EC,BCM
24091,337258,SC,171.500,37013,2005,CE,SC
24092,353044,BC,171.500,37014,5010,AM,BC
24093,287843,MBC,171.500,37015,1419,EC,MBC
24094,359485,BC,171.500,37016,2702,EI,OC
24095,211263,BC,171.500,37017,4974,EI,OC
24096,353259,MBC,171.500,37018,2702,AD,MBC
24097,394071,BC,171.500,37023,1219,EE,OC
24098,417780,BCM,171.500,37025,5986,SC,OC
24099,360879,MBC,171.500,37026,1211,EE,MBC
24100,397975,MBC,171.500,37027,1450,EE,MBC
24101,337052,BC,171.500,37029,2615,CE,BC
24102,309318,BC,171.500,37030,2764,ME,BC
24103,242270,SCA,171.500,37031,2,CL,SCA
24104,249402,BC,171.500,37032,5910,EC,OC
24105,252921,BC,171.500,37035,5910,AM,OC
24106,266914,BC,171.500,37038,3807,CS,OC
24107,452119,MBC,171.500,37040,1419,CS,MBC
24108,228654,MBC,171.500,37043,1419,EC,MBC
24109,235296,SC,171.500,37044,2005,CE,SC
24110,440974,BC,171.500,37047,2719,AD,BC
24111,353810,SC,171.500,37048,2603,CS,SC
24112,349430,BC,171.500,37050,3819,AD,OC
24113,467970,BC,171.500,37051,1516,EC,BC
24114,327896,BC,171.500,37052,1216,CS,BC
24115,430878,BC,171.500,37054,1419,SC,OC
24116,277860,BC,171.500,37056,1210,CS,OC
24117,218126,BC,171.500,37057,3819,CS,BC
24118,229864,BC,171.500,37058,1419,EC,BC
24119,459647,MBC,171.500,37059,1317,CS,MBC
24120,201665,MBC,171.500,37064,3805,AD,OC
24121,284958,BC,171.500,37066,2769,PC,OC
24122,434094,MBC,171.500,37069,2615,ME,MBC
24123,435188,SC,171.500,37070,1211,SC,SC
24124,393676,BC,171.500,37071,2702,CS,BC
24125,234904,BC,171.500,37072,1216,EC,BC
24126,416687,MBC,171.500,37073,2718,ME,OC
24127,245520,SC,171.500,37074,2764,AM,SC
24128,400901,SC,171.500,37075,2005,CE,SC
24129,309697,BC,171.500,37076,1309,CS,OC
24130,304534,MBC,171.500,37077,2707,AD,OC
24131,239525,BC,171.500,37078,2006,TX,BC
24132,215319,BC,171.500,37079,2727,EC,OC
24133,284768,BC,171.500,37081,1516,CS,BC
24134,369965,ST,171.500,37083,1399,CS,ST
24135,431939,BC,171.500,37084,1219,AD,BC
24136,402242,BC,171.500,37085,2025,ME,BC
24137,436873,MBC,171.500,37086,2329,CS,OC
24138,288425,BC,171.500,37087,2718,IT,BC
24139,461982,BC,171.500,37089,2329,CS,OC
24140,355383,MBC,171.500,37090,2618,EC,OC
24141,408769,BC,171.500,37091,4931,CS,OC
24142,363485,BC,171.500,37092,5910,CS,BC
24143,218667,MBC,171.500,37093,4960,CE,OC
24144,433698,BC,171.500,37094,3819,AD,OC
24145,216960,BC,171.500,37099,1219,AD,BC
24146,461949,BC,171.500,37100,1419,MZ,OC
24147,229413,MBC,171.500,37101,1113,EE,OC
24148,433086,BC,171.500,37103,2622,CS,BC
24149,421077,MBC,171.500,37104,2613,SF,OC
24150,418679,MBC,171.500,37105,1,XM,MBC
24151,217966,MBC,171.500,37106,2702,IT,MBC
24152,260426,OC,171.500,37109,2620,CS,OC
24153,230968,BC,171.500,37110,2726,EC,OC
24154,298076,MBC,171.500,37114,1210,CS,OC
24155,290566,BC,171.500,37115,1419,SC,OC
24156,449305,BC,171.500,37116,2736,CS,OC
24157,200069,BC,171.500,37117,2751,SC,OC
24158,222940,SC,171.500,37119,5008,ME,SC
24159,279747,BC,171.500,37120,2751,EC,BC
24160,236946,BC,171.500,37121,3011,PC,OC
24161,398637,SC,171.500,37122,2717,AD,OC
24162,277097,SC,171.500,37123,1316,BM,OC
24163,264053,BC,171.500,37126,1317,AD,OC
24164,247857,BCM,171.500,37127,2704,AD,OC
24165,242937,MBC,171.500,37128,1317,CS,MBC
24166,424345,MBC,171.500,37129,1412,AD,OC
24167,222188,BC,171.500,37132,3830,EC,OC
24168,266703,MBC,171.500,37133,2702,AD,MBC
24169,306236,BC,171.500,37135,1450,ME,OC
24170,262014,MBC,171.500,37136,2711,AD,MBC
24171,327458,BCM,171.500,37137,3825,CS,OC
24172,349260,BC,171.500,37138,1317,ME,OC
24173,374925,MBC,171.500,37139,2750,AD,MBC
24174,312520,BC,171.500,37141,2005,IB,BC
24175,380747,MBC,171.500,37142,2711,CS,MBC
24176,398489,MBC,171.500,37143,1419,SC,OC
24177,270383,BC,171.500,37145,2736,IT,OC
24178,463632,BC,171.500,37148,4957,CS,OC
24179,371108,BC,171.500,37149,3803,CS,OC
24180,409265,BC,171.500,37149A,2006,FY,OC
24181,235998,BC,171.500,37150,2718,CE,OC
24182,325456,BC,171.500,37151,1419,AM,BC
24183,372043,BCM,171.500,37152,2710,IT,BCM
24184,228626,MBC,171.500,37153,1216,EC,MBC
24185,280039,MBC,171.500,37154,1317,EC,MBC
24186,337334,BC,171.500,37155,2706,EE,OC
24187,496501,MBC,171.500,37156,1412,CS,OC
24188,404649,BC,171.500,37157,2622,CS,BC
24189,447580,MBC,171.500,37158,2718,CS,MBC
24190,436347,BC,171.500,37159,2718,IT,BC
24191,278038,BC,171.500,37163,2736,AD,BC
24192,223143,BC,171.500,37165,2718,IT,BC
24193,204267,MBC,171.500,37166,4020,AD,MBC
24194,202167,BC,171.500,37167,5910,CS,BC
24195,238119,BC,171.500,37168,1419,AD,BC
24196,345666,BC,171.500,37172,3819,IC,OC
24197,241819,BC,171.500,37173,1419,IT,OC
24198,470365,BC,171.500,37174,2711,CD,OC
24199,382864,BC,171.500,37175,1432,CO,BC
24200,261311,SC,171.500,37176,2007,EL,SC
24201,219348,SC,171.500,37179,1399,IT,SC
24202,278882,SC,171.500,37180,1432,BT,SC
24203,286717,BC,171.500,37181,1419,AD,BC
24204,232363,SC,171.500,37184,1211,EC,SC
24205,466342,BC,171.500,37189,2329,CS,OC
24206,422345,MBC,171.500,37190,2702,AD,MBC
24207,291940,BCM,171.500,37191,1113,IT,BCM
24208,269047,BC,171.500,37192,5910,SC,OC
24209,425049,BC,171.500,37195,3464,EC,OC
24210,200971,MBC,171.500,37196,2718,CS,MBC
24211,421574,MBC,171.500,37198,1211,CE,MBC
24212,403803,BC,171.500,37199,1118,BM,OC
24213,280349,BC,171.500,37200,5910,CS,BC
24214,428500,BC,171.500,37203,2726,EE,OC
24215,376110,BC,171.500,37204,5921,AD,OC
24216,354919,SC,171.500,37205,2005,EI,SC
24217,345884,MBC,171.500,37206,1317,CS,MBC
24218,284536,BC,171.500,37208,2723,CS,OC
24219,434521,BC,171.500,37209,1211,BT,BC
24220,327270,MBC,171.500,37210,2764,IT,MBC
24221,394749,MBC,171.500,37212,2708,CS,OC
24222,204886,BC,171.500,37213,2718,ME,OC
24223,293193,BC,171.500,37214,1219,AD,BC
24224,264430,BCM,171.500,37215,2718,CS,BCM
24225,452483,SC,171.500,37216,3425,BM,OC
24226,331593,BC,171.500,37217,1219,IT,BC
24227,339269,BC,171.500,37221,2706,ME,OC
24228,404515,MBC,171.500,37224,2719,EC,MBC
24229,426929,MBC,171.500,37225,2764,EV,MBC
24230,373715,BCM,171.500,37227,5910,CS,BCM
24231,403819,MBC,171.500,37228,2764,EE,MBC
24232,373525,BC,171.500,37229,3465,EC,BC
24233,500886,MBC,171.500,37231,2618,EC,OC
24234,231835,BC,171.500,37233,2711,CD,OC
24235,381968,MBC,171.500,37235,1605,AD,OC
24236,239258,BC,171.500,37237,2711,ME,OC
24237,231580,BC,171.500,37238,1419,EC,BC
24238,413705,BC,171.500,37239,2615,MT,BC
24239,429534,MBC,171.500,37240,1014,CA,OC
24240,350968,MBC,171.500,37241,2719,EC,MBC
24241,225744,MBC,171.500,37243,2718,CS,MBC
24242,279829,BC,171.500,37245,5010,CS,BC
24243,266877,BC,171.500,37246,2736,EC,BC
24244,271010,SC,171.500,37247,1399,ME,SC
24245,304289,SC,171.500,37248,5901,IT,SC
24246,320378,BC,171.500,37250,2753,BM,OC
24247,452751,BC,171.500,37252,2719,EC,BC
24248,478925,BC,171.500,37253,1216,AL,BC
24249,241960,MBC,171.500,37254,4974,EE,MBC
24250,246642,MBC,171.500,37255,2712,ME,MBC
24251,413821,MBC,171.500,37256,2349,FD,OC
24252,289859,OC,171.500,37258,1112,IT,OC
24253,249633,BCM,171.500,37259,1101,AD,OC
24254,217416,BC,171.500,37260,1237,AD,OC
24255,205395,BC,171.500,37262,1216,AD,BC
24256,342540,BC,171.500,37263,1432,CO,BC
24257,362987,BC,171.500,37264,2329,CS,OC
24258,233303,BC,171.500,37265,2615,ME,BC
24259,415611,BCM,171.500,37266,2712,AU,BCM
24260,252608,OC,171.500,37268,1309,CS,OC
24261,359050,MBC,171.500,37269,1450,EC,MBC
24262,329985,BC,171.500,37272,4024,EC,OC
24263,448988,BC,171.500,37273,2711,FD,OC
24264,332906,BC,171.500,37274,5009,CS,OC
24265,229340,BC,171.500,37275,2702,EC,BC
24266,448665,MBC,171.500,37276,2673,AD,OC
24267,408637,BC,171.500,37277,1219,EE,OC
24268,201946,BC,171.500,37278,2718,IT,BC
24269,327264,BC,171.500,37279,1419,SC,OC
24270,269910,BC,171.500,37280,2718,IT,BC
24271,344148,BC,171.500,37285,1211,BM,BC
24272,319229,BC,171.500,37287,1211,CH,BC
24273,441102,BC,171.500,37288,2727,SC,OC
24274,379156,BC,171.500,37289,2719,AD,BC
24275,313305,BC,171.500,37291,2620,CS,OC
24276,304771,BC,171.500,37292,1210,AL,OC
24277,243740,BC,171.500,37293,2715,AD,OC
24278,252545,BC,171.500,37295,2005,IB,BC
24279,375711,MBC,171.500,37296,2006,TX,MBC
24280,213149,BCM,171.500,37297,1211,ME,BCM
24281,353456,BC,171.500,37298,2718,ME,OC
24282,434885,BC,171.500,37299,2615,ME,BC
24283,383323,BC,171.500,37300,2751,CS,OC
24284,316159,BC,171.500,37301,4928,EC,OC
24285,316708,BC,171.500,37303,2711,EI,OC
24286,491073,MBC,171.500,37305,2615,CE,MBC
24287,302654,BC,171.500,37306,4962,EE,OC
24288,387748,MBC,171.500,37307,3464,CS,OC
24289,475121,SC,171.500,37308,2621,CS,OC
24290,306846,MBC,171.500,37309,5910,CS,MBC
24291,284482,BC,171.500,37310,1216,EC,BC
24292,327365,MBC,171.500,37311,1419,CS,MBC
24293,202574,MBC,171.500,37313,1112,EC,OC
24294,298139,BC,171.500,37315,2702,ME,OC
24295,236747,OC,171.500,37317,2727,CS,OC
24296,365163,ST,171.500,37318,2377,CS,ST
24297,269018,BC,171.500,37319,4020,GI,OC
24298,255171,BC,171.500,37320,5022,IT,OC
24299,363626,MBC,171.500,37324,1422,CS,OC
24300,347018,BC,171.500,37325,2718,IT,BC
24301,222103,MBC,171.500,37327,1516,EC,MBC
24302,385837,BC,171.500,37328,2613,EC,OC
24303,298233,MBC,171.500,37330,5910,AD,OC
24304,214668,BC,171.500,37332,3011,EE,OC
24305,406965,BC,171.500,37333,5901,ME,BC
24306,380797,MBC,171.500,37334,1321,MN,OC
24307,235051,MBC,171.500,37335,3830,AM,OC
24308,271229,MBC,171.500,37336,4020,CS,OC
24309,302935,BC,171.500,37337,1219,BT,OC
24310,458224,MBC,171.500,37338,2615,CE,MBC
24311,334944,BC,171.500,37339,1321,PA,OC
24312,314969,SCA,171.500,37340,2006,EY,SCA
24313,366769,MBC,171.500,37341,1216,CS,MBC
24314,348337,BC,171.500,37342,2622,CS,BC
24315,283285,BC,171.500,37343,4971,AD,OC
24316,399753,BC,171.500,37348,1504,AD,OC
24317,368896,BCM,171.500,37349,2618,EC,OC
24318,240265,BC,171.500,37350,2736,SC,BC
24319,216905,BC,171.500,37352,2702,BT,OC
24320,337464,BC,171.500,37354,1317,IT,OC
24321,291392,MBC,171.500,37356,2718,EC,MBC
24322,405512,BC,171.500,37360,2622,CS,BC
24323,312946,MBC,171.500,37362,4960,CS,MBC
24324,296941,MBC,171.500,37363,1432,AD,MBC
24325,261141,BC,171.500,37365,2601,SC,OC
24326,424846,MBC,171.500,37366,1317,CS,MBC
24327,359524,BC,171.500,37367,2702,ME,OC
24328,204686,MBC,171.500,37369,2719,AD,MBC
24329,479128,BC,171.500,37370,1419,CS,BC
24330,239159,BC,171.500,37371,1304,IT,BC
24331,425796,BC,171.500,37373,2329,EC,OC
24332,296784,BC,171.500,37374,2749,SC,OC
24333,443309,SC,171.500,37376,2007,EL,SC
24334,227341,BC,171.500,37378,1317,AD,BC
24335,315478,SC,171.500,37380,1211,AE,SC
24336,332507,BC,171.500,37381,3830,EC,OC
24337,471267,MBC,171.500,37384,3805,AD,OC
24338,443269,BC,171.500,37389,2709,EE,BC
24339,308743,MBC,171.500,37391,1211,CE,MBC
24340,487624,SC,171.500,37392,2025,CS,SC
24341,323391,BC,171.500,37393,2706,IT,OC
24342,211403,BC,171.500,37396,1317,IT,OC
24343,482983,MBC,171.500,37398,2329,SC,OC
24344,203349,BC,171.500,37400,2718,IT,BC
24345,285004,BC,171.500,37403,4974,CE,BC
24346,364636,BC,171.500,37405,2719,AE,OC
24347,311334,BC,171.500,37411,2736,CS,BC
24348,329979,BC,171.500,37415,2711,EE,OC
24349,413952,BC,171.500,37416,2711,CD,OC
24350,346980,BC,171.500,37418,2622,EC,OC
24351,219168,BC,171.500,37421,1317,IT,OC
24352,465673,SC,171.500,37422,1211,CS,SC
24353,362024,MBC,171.500,37425,2704,EC,OC
24354,203444,SC,171.500,37426,1211,AD,SC
24355,241719,MBC,171.500,37427,1026,EC,OC
24356,201449,BC,171.500,37431,1216,CS,BC
24357,264480,BC,171.500,37432,1520,CS,OC
24358,365694,BC,171.500,37433,2329,CS,OC
24359,224178,MBC,171.500,37435,2718,CJ,MBC
24360,315986,BC,171.500,37436,2608,CS,OC
24361,224291,BC,171.500,37437,1408,CS,OC
24362,237089,MBC,171.500,37439,1311,SC,OC
24363,474843,SC,171.500,37440,1013,AM,OC
24364,248674,MBC,171.500,37442,1304,CS,MBC
24365,232720,SC,171.500,37446,1399,MZ,SC
24366,366749,BC,171.500,37448,4960,IT,OC
24367,336436,MBC,171.500,37449,1317,AL,MBC
24368,484118,BC,171.500,37451,2702,MZ,OC
24369,402396,BC,171.500,37452,2357,EC,OC
24370,304033,MBC,171.500,37453,2750,AD,MBC
24371,377145,BCM,171.500,37454,2750,CS,BCM
24372,441957,OC,171.500,37456,1210,AD,OC
24373,269902,SC,171.500,37457,2711,AD,SC
24374,343004,MBC,171.500,37458,2653,EC,OC
24375,473657,MBC,171.500,37460,5,AM,OC
24376,441666,BC,171.500,37464,1216,EC,BC
24377,406799,SC,171.500,37466,1211,AL,SC
24378,305563,MBC,171.500,37468,1419,AD,MBC
24379,305357,BC,171.500,37469,5986,IT,OC
24380,397813,BC,171.500,37471,1113,EC,BC
24381,377039,BC,171.500,37472,1422,EC,OC
24382,259033,MBC,171.500,37473,2711,CS,MBC
24383,293296,MBC,171.500,37475,2736,BM,OC
24384,383289,BC,171.500,37476,1111,CS,BC
24385,253567,BC,171.500,37477,2653,EC,OC
24386,234449,MBC,171.500,37479,4,RP,MBC
24387,490153,MBC,171.500,37480,2711,AD,MBC
24388,340256,BC,171.500,37485,2615,ME,BC
24389,326538,MBC,171.500,37488,1419,CS,MBC
24390,395627,BC,171.500,37491,2710,EE,OC
24391,454390,BC,171.500,37492,1211,AE,BC
24392,206860,BC,171.500,37494,2702,EI,OC
24393,218312,BC,171.500,37496,1211,ME,BC
24394,309561,SC,171.500,37497,2377,EV,SC
24395,264856,BC,171.500,37499,1216,AL,BC
24396,386698,BC,171.500,37500,3425,EC,OC
24397,431361,MBC,171.500,37508,2702,EE,OC
24398,466708,MBC,171.500,37509,2646,CS,OC
24399,361423,BC,171.500,37510,1216,EC,BC
24400,377801,BCM,171.500,37511,3803,CS,OC
24401,339234,MBC,171.500,37512,1419,AM,MBC
24402,259460,BC,171.500,37515,3826,CS,OC
24403,212062,SC,171.500,37516,2739,EC,SC
24404,223545,BC,171.500,37517,2708,FD,OC
24405,204350,MBC,171.500,37519,1419,CS,MBC
24406,209066,BC,171.500,37520,3011,EE,OC
24407,363138,BCM,171.500,37521,5910,CS,BCM
24408,426806,BC,171.500,37522,4971,CS,OC
24409,339568,BC,171.500,37524,2702,AD,BC
24410,224424,MBC,171.500,37527,2710,EC,MBC
24411,455483,BCM,171.500,37528,1230,AD,OC
24412,406500,SC,171.500,37529,2007,CH,SC
24413,419610,MBC,171.500,37534,5901,ME,MBC
24414,257040,SC,171.500,37537,2,PP,SC
24415,401668,BC,171.500,37538,2345,CS,OC
24416,350982,SC,171.500,37539,2764,CS,SC
24417,248317,MBC,171.500,37540,1414,IT,OC
24418,420704,MBC,171.500,37542,1304,CS,MBC
24419,495240,MBC,171.500,37545,2673,IT,OC
24420,312942,BC,171.500,37547,2715,SC,OC
24421,319285,MBC,171.500,37550,1419,EC,MBC
24422,243251,BC,171.500,37552,2329,AD,OC
24423,215857,MBC,171.500,37553,2751,EC,MBC
24424,470424,BC,171.500,37555,5010,CE,OC
24425,249183,BC,171.500,37556,1304,IT,BC
24426,367412,BCM,171.500,37557,1317,CS,BCM
24427,443221,MBC,171.500,37558,2369,CS,MBC
24428,398166,BC,171.500,37559,2005,IB,BC
24429,319102,MBC,171.500,37560,1306,AD,OC
24430,244624,BC,171.500,37562,4960,CS,BC
24431,383152,BC,171.500,37563,5910,IT,OC
24432,332337,BC,171.500,37564,2718,IT,BC
24433,323128,SC,171.500,37566,5008,EU,SC
24434,247171,BC,171.500,37567,2702,EI,OC
24435,492340,OC,171.500,37569,2726,EC,OC
24436,417095,BC,171.500,37572,3464,CS,OC
24437,234632,BC,171.500,37573,2329,EC,OC
24438,261923,BC,171.500,37574,1210,EC,OC
24439,299536,MBC,171.500,37579,4960,EC,MBC
24440,410608,MBC,171.500,37580,2764,AM,MBC
24441,244141,BC,171.500,37581,2615,ME,BC
24442,426966,BC,171.500,37582,1317,AD,BC
24443,416225,SC,171.500,37583,2764,EC,SC
24444,352438,BC,171.500,37585,1419,AD,BC
24445,238236,MBC,171.500,37586,2719,AD,MBC
24446,434291,BC,171.500,37587,2727,EC,OC
24447,406856,BC,171.500,37588,1026,EC,OC
24448,227795,BC,171.500,37591,2764,CE,OC
24449,351682,MBC,171.500,37592,1419,CS,MBC
24450,261885,MBC,171.500,37593,1422,CS,OC
24451,496815,BC,171.500,37594,1419,EC,BC
24452,298819,BC,171.500,37595,2702,EI,OC
24453,289689,BC,171.500,37596,1112,EC,OC
24454,412008,MBC,171.500,37597,2615,CE,MBC
24455,201637,BC,171.500,37600,2718,IT,BC
24456,383508,OC,171.500,37606,1219,BT,OC
24457,384548,BC,171.500,37607,1317,EC,BC
24458,422655,SC,171.500,37608,2718,CS,SC
24459,270821,BCM,171.500,37609,2751,AM,OC
24460,239496,BC,171.500,37611,2622,CS,BC
24461,301474,BC,171.500,37612,1211,BT,BC
24462,352512,BC,171.500,37613,1304,CE,OC
24463,340532,MBC,171.500,37619,2718,EC,MBC
24464,395229,BC,171.500,37621,2718,IT,BC
24465,491019,MBC,171.500,37623,3805,CS,OC
24466,334795,BC,171.500,37624,1317,BT,OC
24467,257044,BC,171.500,37625,1317,AD,BC
24468,474923,MBC,171.500,37627,2025,EV,MBC
24469,343952,MBC,171.500,37628,2743,EC,OC
24470,250808,BC,171.500,37629,2702,EC,BC
24471,275951,BC,171.500,37630,4974,EI,OC
24472,319774,BC,171.500,37631,2749,AD,OC
24473,257406,SC,171.500,37633,2007,EL,SC
24474,272307,BCM,171.500,37634,2777,CS,OC
24475,246141,BC,171.500,37636,4954,CS,OC
24476,285490,SC,171.500,37637,2025,CS,SC
24477,299894,BC,171.500,37639,1304,CB,BC
24478,247734,BC,171.500,37642,1216,ME,OC
24479,299888,SC,171.500,37643,2709,CF,SC
24480,371660,BC,171.500,37644,1126,AD,BC
24481,229174,BC,171.500,37647,1317,SC,BC
24482,361386,BC,171.500,37650,1501,AD,OC
24483,442460,BC,171.500,37652,2005,IB,BC
24484,303800,OC,171.500,37653,1419,IT,OC
24485,256676,BC,171.500,37655,2702,CS,BC
24486,281152,BC,171.500,37656,2706,IT,OC
24487,466456,BC,171.500,37657,5986,EC,BC
24488,268646,BC,171.500,37659,1216,AL,BC
24489,472423,SC,171.500,37660,2329,SC,OC
24490,487455,OC,171.500,37661,2711,CD,OC
24491,239007,SC,171.500,37663,4974,IB,OC
24492,389025,MBC,171.500,37664,2622,EC,OC
24493,269054,MBC,171.500,37666,4020,CS,OC
24494,399972,MBC,171.500,37667,2710,CS,MBC
24495,449494,MBC,171.500,37669,2702,IT,MBC
24496,284785,SC,171.500,37670,2709,IT,SC
24497,224936,MBC,171.500,37671,1419,AD,MBC
24498,366413,BC,171.500,37673,2727,CS,OC
24499,416730,BC,171.500,37677,4974,ME,OC
24500,230769,BCM,171.500,37678,4020,EC,BCM
24501,290072,BC,171.500,37680,4960,IT,OC
24502,433908,MBC,171.500,37681,2753,AD,OC
24503,346067,BC,171.500,37681A,1419,SC,OC
24504,436078,BC,171.500,37683,1219,AD,BC
24505,306715,BCM,171.500,37685,1211,MZ,BCM
24506,499208,MBC,171.500,37686,1014,CA,OC
24507,400501,BC,171.500,37687,2702,MZ,OC
24508,449971,BC,171.500,37688,5901,ME,BC
24509,316634,BC,171.500,37689,1413,CS,OC
24510,223148,BC,171.500,37690,2025,ME,BC
24511,400975,MBC,171.500,37691,1211,CB,MBC
24512,383155,BCM,171.500,37693,1304,RM,BCM
24513,317786,BC,171.500,37694,2706,AU,OC
24514,403538,MBC,171.500,37695,2673,CS,OC
24515,232031,BC,171.500,37697,2706,IT,OC
24516,342838,BC,171.500,37699,2702,CS,BC
24517,444226,BC,171.500,37701,2710,EE,OC
24518,307871,MBC,171.500,37707,1211,ME,MBC
24519,495040,MBC,171.500,37711,2750,AD,MBC
24520,351760,MBC,171.500,37712,2739,CB,MBC
24521,355553,MBC,171.500,37713,1026,SC,OC
24522,497235,BCM,171.500,37714,1317,AD,BCM
24523,281645,BC,171.500,37715,1311,AO,BC
24524,215059,BC,171.500,37717,2718,IT,BC
24525,287489,BC,171.500,37718,5910,EC,OC
24526,233410,BC,171.500,37720,2615,CE,BC
24527,266208,BC,171.500,37721,2706,IT,OC
24528,239651,BCM,171.500,37723,4974,ME,OC
24529,269309,SC,171.500,37724,5008,EY,SC
24530,286611,MBC,171.500,37730,2702,IT,MBC
24531,417827,OC,171.500,37731,5910,IT,OC
24532,418249,SC,171.500,37733,2615,ME,SC
24533,249151,MBC,171.500,37734,5910,CS,MBC
24534,327908,BC,171.500,37735,1216,CS,BC
24535,364040,BC,171.500,37736,4971,CS,OC
24536,320669,BC,171.500,37737,2736,SC,BC
24537,434407,SC,171.500,37738,2710,CS,SC
24538,219245,MBC,171.500,37739,1317,CS,MBC
24539,338318,BC,171.500,37740,2736,AD,BC
24540,316636,BCM,171.500,37744,1432,AD,BCM
24541,278638,SC,171.500,37745,2025,EC,SC
24542,398355,BC,171.500,37746,2704,EC,OC
24543,435559,BC,171.500,37747,1419,EC,BC
24544,480602,SC,171.500,37748,1432,BT,SC
24545,417933,MBC,171.500,37749,1111,EC,MBC
24546,390638,BC,171.500,37751,1317,SC,BC
24547,251736,BC,171.500,37752,1211,AE,BC
24548,293259,SC,171.500,37753,5008,IM,SC
24549,272615,BC,171.500,37755,1210,AD,OC
24550,390233,BC,171.500,37756,1112,CS,OC
24551,285555,MBC,171.500,37758,4670,CS,OC
24552,453196,MBC,171.500,37759,1419,CS,MBC
24553,379071,OC,171.500,37760,2751,AM,OC
24554,319311,OC,171.500,37762,5986,IT,OC
24555,296176,BC,171.500,37763,4971,AD,OC
24556,240912,BC,171.500,37764,2357,EC,OC
24557,469217,MBC,171.500,37766,1112,EC,OC
24558,203737,BCM,171.500,37767,2702,EC,BCM
24559,384335,MBC,171.500,37768,1516,CE,OC
24560,318278,BCM,171.500,37773,4962,EC,BCM
24561,290645,BCM,171.500,37774,2718,CB,BCM
24562,499623,MBC,171.500,37776,2673,CS,OC
24563,271919,BC,171.500,37780,2702,EC,BC
24564,416666,MBC,171.500,37781,1211,BM,MBC
24565,257164,BC,171.500,37785,3830,EC,OC
24566,235448,MBC,171.500,37786,1219,EC,MBC
24567,280006,BC,171.500,37788,2710,EE,OC
24568,210939,BC,171.500,37790,2329,CS,OC
24569,355204,BCM,171.500,37791,1111,CS,BCM
24570,284614,BC,171.500,37794,1419,EC,BC
24571,274733,BC,171.500,37795,2618,EC,OC
24572,341038,BC,171.500,37796,1112,AM,OC
24573,278158,SC,171.500,37797,5008,CN,SC
24574,210368,SC,171.500,37798,1211,CS,SC
24575,357340,BC,171.500,37799,5010,CS,BC
24576,246533,BC,171.500,37801,3804,CS,OC
24577,230201,MBC,171.500,37802,1304,IT,MBC
24578,435398,MBC,171.500,37803,1412,CS,OC
24579,436460,BC,171.500,37804,4971,CS,OC
24580,395526,MBC,171.500,37807,1317,CS,MBC
24581,371756,BC,171.500,37811,1321,MN,OC
24582,435705,BC,171.500,37812,1317,BT,OC
24583,400279,BC,171.500,37813,1219,BT,OC
24584,353606,MBC,171.500,37814,2711,CS,MBC
24585,425075,MBC,171.500,37816,1414,EC,OC
24586,385116,MBC,171.500,37817,2710,ME,OC
24587,454530,MBC,171.500,37818,2329,AM,OC
24588,258758,BC,171.500,37820,2711,CH,OC
24589,241608,BC,171.500,37822,1419,AD,BC
24590,200034,BC,171.500,37823,1432,EV,BC
24591,276792,BC,171.500,37825,2622,CS,BC
24592,398015,MBC,171.500,37827,2718,MZ,MBC
24593,321901,MBC,171.500,37829,2718,MZ,MBC
24594,397296,BC,171.500,37830,2710,EE,OC
24595,389946,SC,171.500,37831,2712,BT,SC
24596,329321,BC,171.500,37832,1219,AD,BC
24597,433259,BC,171.500,37833,2608,CS,OC
24598,385261,BC,171.500,37834,2711,EC,BC
24599,418941,BC,171.500,37835,1516,EC,BC
24600,360764,BC,171.500,37836,1419,EC,BC
24601,273269,BC,171.500,37838,4971,CS,OC
24602,396506,BC,171.500,37841,2624,EE,OC
24603,381182,BC,171.500,37842,2704,AM,OC
24604,466382,BC,171.500,37845,2329,SC,OC
24605,263449,MBC,171.500,37848,2755,AD,OC
24606,314605,MBC,171.500,37849,1419,CS,MBC
24607,226007,BC,171.500,37851,2736,EC,BC
24608,323655,BC,171.500,37852,1419,IT,OC
24609,395519,SC,171.500,37853,2603,EE,OC
24610,226757,SC,171.500,37854,2712,AD,SC
24611,237856,SC,171.500,37855,4020,EC,SC
24612,320968,BC,171.500,37858,2613,SC,OC
24613,368077,MBC,171.500,37859,2711,CS,MBC
24614,371834,BC,171.500,37865,2736,CS,BC
24615,214385,BC,171.500,37867,1317,EC,BC
24616,256470,MBC,171.500,37869,1216,AD,MBC
24617,202933,BC,171.500,37871,5910,CS,BC
24618,279566,MBC,171.500,37872,5009,CS,OC
24619,486337,MBC,171.500,37875,3454,CS,OC
24620,223661,MBC,171.500,37876,2718,EC,MBC
24621,425473,BC,171.500,37878,2750,EV,BC
24622,249268,BC,171.500,37879,2702,CS,BC
24623,386768,BC,171.500,37880,1516,CS,BC
24624,273597,BC,171.500,37881,2750,CS,BC
24625,254596,MBC,171.500,37882,1211,BM,MBC
24626,422350,MBC,171.500,37884,1317,EC,MBC
24627,419401,MBC,171.500,37886,1211,EE,MBC
24628,408320,BC,171.500,37890,1419,EC,BC
24629,350756,BC,171.500,37892,1219,AD,BC
24630,403510,BC,171.500,37895,4974,ME,OC
24631,331103,BC,171.500,37896,2718,IT,BC
24632,216333,BC,171.500,37898,1211,BT,BC
24633,355086,MBC,171.500,37899,4,RP,MBC
24634,441198,SC,171.500,37900,2749,IT,OC
24635,428339,BC,171.500,37901,2635,AD,OC
24636,359542,MBC,171.500,37903,2710,EE,MBC
24637,266144,OC,171.500,37905,2329,AD,OC
24638,367385,MBC,171.500,37906,1405,AM,OC
24639,465166,MBC,171.500,37909,5009,CF,OC
24640,445467,BC,171.500,37911,1317,AD,BC
24641,279409,BC,171.500,37913,1516,RM,OC
24642,448882,BC,171.500,37915,1419,IT,OC
24643,376004,SC,171.500,37916,1304,BT,SC
24644,341088,BC,171.500,37919,2749,AD,OC
24645,228728,BC,171.500,37921,1216,CS,BC
24646,428765,BC,171.500,37922,2736,CS,BC
24647,378700,SC,171.500,37923,5008,EY,SC
24648,247641,MBC,171.500,37925,2706,EC,MBC
24649,452410,BC,171.500,37926,2622,EC,OC
24650,202792,BC,171.500,37928,1317,AD,BC
24651,209239,BC,171.500,37929,1128,CS,OC
24652,303785,BC,171.500,37933,5022,CE,OC
24653,211822,BCM,171.500,37934,1304,SC,BCM
24654,205053,BC,171.500,37939,2005,IB,BC
24655,366753,BC,171.500,37944,2006,TX,BC
24656,350338,BC,171.500,37945,2718,IT,BC
24657,435776,BC,171.500,37946,1120,AU,OC
24658,303121,BC,171.500,37947,2621,AD,OC
24659,379843,BC,171.500,37949,1216,EC,BC
24660,451895,MBC,171.500,37950,2710,EV,MBC
24661,401157,MBC,171.500,37952,1210,CS,OC
24662,415986,MBC,171.500,37953,1113,EC,MBC
24663,348958,BC,171.500,37957,2618,EC,OC
24664,220390,BC,171.500,37960,2711,CS,BC
24665,453501,SC,171.500,37962,4974,EC,SC
24666,455176,MBC,171.500,37964,2751,RM,OC
24667,247820,BC,171.500,37965,2618,EC,OC
24668,342389,SC,171.500,37966,2709,IT,SC
24669,266676,SC,171.500,37967,2712,CS,SC
24670,290816,SC,171.500,37968,1211,EC,SC
24671,347471,MBC,171.500,37971,2005,PR,MBC
24672,352187,MBC,171.500,37972,1317,SC,MBC
24673,349864,BCM,171.500,37973,1219,EC,BCM
24674,436962,BC,171.333,37976,1210,EC,OC
